ts,symbol,close,ind_rvol,ind_atr_pct,ind_vwap_distance_pct,ind_bb_squeeze,ind_momentum_3_pct,ind_momentum_6_pct,f_rsi_value,f_rsi_divergence,f_macd_hist,f_macd_divergence,f_ema_alignment,f_rvol,f_volume_spike,f_vwap_distance_pct,f_price_above_vwap,f_atr_pct,f_atr_expanding,f_bb_squeeze,f_bb_breakout_above,f_momentum_1_pct,f_momentum_3_pct,f_momentum_6_pct,f_momentum_12_pct,f_momentum_acceleration,f_higher_highs,f_higher_lows,f_bos_up,f_in_range,f_candle_strength,f_big_wick_top,f_power_streak,f_mtf_alignment,f_btc_state,f_btc_momentum_12_pct,quality_ok,candles,score_long,score_short,direction,confidence,n_long_signals,n_short_signals,long_fired,short_fired,btc_momentum_12_pct,btc_state,f_btc_corr_2d,f_btc_corr_4d,f_btc_corr_8d,f_btc_beta,f_btc_corr_change,f_independent_mover,f_sym_return_4h_pct,f_a_wave_score,f_a_wave_elliott_score,f_a_hurst,f_a_wave3_ext,f_a_wave2_retrace,f_a_is_uptrend,f_a_fib_distance_pct,f_a_fib_score,f_a_fib_ext_1_618,f_a_fib_ext_2_618,f_a_fib_dist_0.382,f_a_fib_dist_0.500,f_a_fib_dist_0.618,f_a_fib_dist_0.786,f_a_ichi_thickness_pct,f_a_ichi_score,f_a_ichi_above_cloud,f_a_ichi_below_cloud,f_a_ichi_in_cloud,f_a_wave,f_a_wave_position,f_a_fib_direction,f_a_fib_closest,f_a_ichi_price_vs_cloud,f_a_ichi_cloud_color,f_a_ichi_tk_cross,has_microstructure,f_ex_stoch_k,f_ex_stoch_d,f_ex_stoch_crossover,f_ex_stoch_overbought,f_ex_stoch_oversold,f_ex_stoch_score,f_ex_stochrsi_k,f_ex_stochrsi_d,f_ex_stochrsi_crossover,f_ex_stochrsi_score,f_ex_williams_r,f_ex_williams_oversold,f_ex_williams_overbought,f_ex_williams_score,f_ex_cci,f_ex_cci_oversold,f_ex_cci_overbought,f_ex_cci_score,f_ex_ao,f_ex_ao_positive,f_ex_ao_saucer,f_ex_ao_score,f_ex_tsi,f_ex_tsi_positive,f_ex_tsi_score,f_ex_uo,f_ex_uo_oversold,f_ex_uo_score,f_ex_roc,f_ex_roc_positive,f_ex_roc_score,f_ex_adx,f_ex_adx_strong,f_ex_adx_weak,f_ex_plus_di,f_ex_minus_di,f_ex_adx_score,f_ex_aroon_up,f_ex_aroon_down,f_ex_aroon_score,f_ex_aroon_crossover,f_ex_psar,f_ex_psar_above,f_ex_psar_below,f_ex_psar_score,f_ex_psar_bullish_trend,f_ex_vortex_plus,f_ex_vortex_minus,f_ex_vortex_score,f_ex_supertrend,f_ex_supertrend_bullish,f_ex_supertrend_distance_pct,f_ex_supertrend_score,f_ex_kst,f_ex_kst_signal,f_ex_kst_crossover,f_ex_kst_score,f_ex_trix,f_ex_trix_positive,f_ex_trix_score,f_ex_mfi,f_ex_mfi_oversold,f_ex_mfi_overbought,f_ex_mfi_score,f_ex_cmf,f_ex_cmf_positive,f_ex_cmf_score,f_ex_obv_norm,f_ex_obv_slope_norm,f_ex_obv_score,f_ex_ad_norm,f_ex_ad_slope_norm,f_ex_ad_score,f_ex_force_norm,f_ex_force_positive,f_ex_force_score,f_ex_eom,f_ex_eom_positive,f_ex_eom_score,f_ex_vpt_norm,f_ex_vpt_slope_norm,f_ex_vpt_score,f_ex_kc_upper,f_ex_kc_lower,f_ex_kc_mid,f_ex_kc_breakout_above,f_ex_kc_breakout_below,f_ex_kc_score,f_ex_dc_upper,f_ex_dc_lower,f_ex_dc_mid,f_ex_dc_breakout_above,f_ex_dc_breakout_below,f_ex_dc_score,f_ex_ulcer,f_ex_ulcer_score,f_ex_mass_index,f_ex_mass_reversal,f_ex_mass_score,f_m_obi_10,f_m_spread_pct,f_m_obi_bullish,f_m_obi_bearish,f_m_whale_count,f_m_whale_score,f_m_whale_accumulated,f_m_whale_buy_sell_ratio,f_m_cvd,f_m_cvd_trend,f_m_oi_change_4h_pct,f_m_oi_rising,f_m_oi_source,f_m_funding_rate,f_m_funding_extreme,f_m_sweep,f_m_sweep_confidence,f_m_sweep_type_bullish,f_m_sweep_type_bearish,f_m_mexc_confirms,f_m_mexc_price_diff_pct,f_m_mexc_toobit_leads,f_m_5m_rvol,f_m_5m_trade_count,f_m_5m_volume_spike,s_gt_avg,s_gt_slope,s_gt_peak,s_gt_rising,s_gt_present,s_cg_community_score,s_cg_developer_score,s_cg_liquidity_score,s_cg_public_interest_score,s_cg_twitter_followers,s_cg_reddit_subscribers,s_cg_telegram_users,s_cg_forum_users,s_cg_stars,s_cg_watchlist_users,s_cg_reddit_avg_48h,s_cg_reddit_avg_24h,s_cg_reddit_comments_24h,s_cg_price_change_24h_pct,s_cg_community_data_present,s_rd_post_count_24h,s_rd_total_score_24h,s_rd_total_comments_24h,s_rd_top_post_url,s_cp_post_count_24h,s_cp_bullish_pct,s_cp_bearish_pct,s_cp_sentiment,s_cp_top_title,s_has_social_data
2026-07-19T19:55:56.317476+00:00,MNTUSDT,0.4225,0.893,1.2991201398476144,-1.549839056991024,0,0.284832660811768,0.6671431975220321,50.0,0.0,0.0,0.0,0.0,0.893,0.0,-1.549839056991024,0.0,1.2991201398476144,0.0,0.0,0.0,0.0947642738687541,0.284832660811768,0.6671431975220321,-1.308105582807754,-0.0963920234865379,1.0,0.0,0.0,0.0,0.441510770975057,1.0,0.0,0.5,0.0,0.0,1,200,0.0,24.0,NEUTRAL,24.0,4,7,"mom_3_low_positive,NO_ichi_below,NO_obi_bearish,rsi_50_70","fib_far_0.618,fib_far_0.5,fib_far_0.382,vwap_below,NO_ichi_above,NO_bos_up,NO_bb_breakout_above",,,,,,,,,,,,,,,,,,,,,,,,,,,,,,,,,,,,,,,,,,,,,,,,,,,,,,,,,,,,,,,,,,,,,,,,,,,,,,,,,,,,,,,,,,,,,,,,,,,,,,,,,,,,,,,,,,,,,,,,,,,,,,,,,,,,,,,,,,,,,,,,,,,,,,,,,,,,,,,,,,,,,,,,,,,,,,,,,,,,,,,,,,,,,,
2026-07-19T19:55:56.317476+00:00,HYPEUSDT,61.041,0.694,1.8396645647793304,0.6590120905122052,0,0.4740506641647272,1.925260486240981,50.0,0.0,0.0,0.0,0.0,0.694,0.0,0.6590120905122052,1.0,1.8396645647793304,0.0,0.0,0.0,0.1838205123996697,0.4740506641647272,1.925260486240981,1.3078186978241693,-0.970312146415025,0.0,0.0,0.0,0.0,0.4350195362739544,0.0,0.0,0.5,0.0,0.0,1,195,0.0,16.0,NEUTRAL,16.0,6,6,"vwap_above,mom_3_low_positive,mom_12_positive,NO_ichi_below,NO_obi_bearish,rsi_50_70","fib_far_0.618,fib_far_0.5,fib_far_0.382,NO_ichi_above,NO_bos_up,NO_bb_breakout_above",,,,,,,,,,,,,,,,,,,,,,,,,,,,,,,,,,,,,,,,,,,,,,,,,,,,,,,,,,,,,,,,,,,,,,,,,,,,,,,,,,,,,,,,,,,,,,,,,,,,,,,,,,,,,,,,,,,,,,,,,,,,,,,,,,,,,,,,,,,,,,,,,,,,,,,,,,,,,,,,,,,,,,,,,,,,,,,,,,,,,,,,,,,,,,
2026-07-19T19:55:56.317476+00:00,ZECUSDT,550.49,0.789,2.4102850230141235,0.8501640988242782,1,-1.6244326101719202,-1.181180103039123,50.0,0.0,0.0,0.0,0.0,0.789,0.0,0.8501640988242782,1.0,2.4102850230141235,0.0,1.0,0.0,-0.4844803586600774,-1.6244326101719202,-1.181180103039123,0.7891171408693214,-2.0750043516047727,0.0,1.0,0.0,0.0,0.2448021138740255,0.0,0.0,0.5,0.0,0.0,1,200,0.0,29.0,SHORT,29.0,5,8,"vwap_above,mom_12_positive,NO_ichi_below,NO_obi_bearish,rsi_50_70","fib_far_0.618,fib_far_0.5,fib_far_0.382,mom_3_negative,mom_accel_negative,NO_ichi_above,NO_bos_up,NO_bb_breakout_above",,,,,,,,,,,,,,,,,,,,,,,,,,,,,,,,,,,,,,,,,,,,,,,,,,,,,,,,,,,,,,,,,,,,,,,,,,,,,,,,,,,,,,,,,,,,,,,,,,,,,,,,,,,,,,,,,,,,,,,,,,,,,,,,,,,,,,,,,,,,,,,,,,,,,,,,,,,,,,,,,,,,,,,,,,,,,,,,,,,,,,,,,,,,,,
2026-07-19T19:55:56.317476+00:00,USD1USDT,0.9998,0.656,0.0173236885936042,-0.0015648192037837,0,0.0030006901587339,-0.0130009100637008,50.0,0.0,0.0,0.0,0.0,0.656,0.0,-0.0015648192037837,0.0,0.0173236885936042,0.0,0.0,0.0,0.0010002100441158,0.0030006901587339,-0.0130009100637008,0.0070018905104392,0.0190018102371332,1.0,0.0,0.0,1.0,0.2871794871799177,1.0,0.0,0.5,0.0,0.0,1,200,5.0,16.0,NEUTRAL,16.0,6,6,"early_calm_accel,mom_3_low_positive,mom_12_positive,NO_ichi_below,NO_obi_bearish,rsi_50_70","fib_far_0.618,fib_far_0.5,fib_far_0.382,NO_ichi_above,NO_bos_up,NO_bb_breakout_above",,,,,,,,,,,,,,,,,,,,,,,,,,,,,,,,,,,,,,,,,,,,,,,,,,,,,,,,,,,,,,,,,,,,,,,,,,,,,,,,,,,,,,,,,,,,,,,,,,,,,,,,,,,,,,,,,,,,,,,,,,,,,,,,,,,,,,,,,,,,,,,,,,,,,,,,,,,,,,,,,,,,,,,,,,,,,,,,,,,,,,,,,,,,,,
2026-07-19T19:55:56.317476+00:00,DRAMBUSDT,53.01,0.894,2.3416605772655195,1.549163223112015,1,0.3787161522438851,2.6529821843532098,50.0,0.0,0.0,0.0,0.0,0.894,0.0,1.549163223112015,1.0,2.3416605772655195,0.0,1.0,0.0,0.2648004539436364,0.3787161522438851,2.6529821843532098,0.5882352941176379,-1.8869693628606885,0.0,0.0,0.0,0.0,0.3823080365368919,0.0,0.0,0.5,0.0,0.0,1,69,0.0,16.0,NEUTRAL,16.0,6,6,"vwap_above,mom_3_low_positive,mom_12_positive,NO_ichi_below,NO_obi_bearish,rsi_50_70","fib_far_0.618,fib_far_0.5,fib_far_0.382,NO_ichi_above,NO_bos_up,NO_bb_breakout_above",,,,,,,,,,,,,,,,,,,,,,,,,,,,,,,,,,,,,,,,,,,,,,,,,,,,,,,,,,,,,,,,,,,,,,,,,,,,,,,,,,,,,,,,,,,,,,,,,,,,,,,,,,,,,,,,,,,,,,,,,,,,,,,,,,,,,,,,,,,,,,,,,,,,,,,,,,,,,,,,,,,,,,,,,,,,,,,,,,,,,,,,,,,,,,
2026-07-19T19:55:56.317476+00:00,USDCUSDT,1.00061,0.314,0.0139655098307169,-0.0056267934701617,1,0.0019988206957803,0.0029982610086124,50.0,0.0,0.0,0.0,0.0,0.314,0.0,-0.0056267934701617,0.0,0.0139655098307169,0.0,1.0,0.0,-0.0029980812280115,0.0019988206957803,0.0029982610086124,0.0029982610086124,0.0009994003595688,0.0,0.0,0.0,1.0,0.4230769230774224,1.0,0.0,0.5,0.0,0.0,1,200,5.0,16.0,NEUTRAL,16.0,6,6,"early_calm_accel,mom_3_low_positive,mom_12_positive,NO_ichi_below,NO_obi_bearish,rsi_50_70","fib_far_0.618,fib_far_0.5,fib_far_0.382,NO_ichi_above,NO_bos_up,NO_bb_breakout_above",,,,,,,,,,,,,,,,,,,,,,,,,,,,,,,,,,,,,,,,,,,,,,,,,,,,,,,,,,,,,,,,,,,,,,,,,,,,,,,,,,,,,,,,,,,,,,,,,,,,,,,,,,,,,,,,,,,,,,,,,,,,,,,,,,,,,,,,,,,,,,,,,,,,,,,,,,,,,,,,,,,,,,,,,,,,,,,,,,,,,,,,,,,,,,
2026-07-19T19:55:56.317476+00:00,XAUTUSDT,4014.1,0.847,0.331661844093298,0.2361699008199585,1,0.0648136607254121,0.1372050092301551,50.0,0.0,0.0,0.0,0.0,0.847,0.0,0.2361699008199585,1.0,0.331661844093298,0.0,1.0,0.0,0.0523429710867375,0.0648136607254121,0.1372050092301551,0.0398753894080974,-0.0075307986868537,0.0,0.0,0.0,1.0,0.6521680216802312,0.0,0.0,0.5,0.0,0.0,1,200,0.0,16.0,NEUTRAL,16.0,5,6,"mom_3_low_positive,mom_12_positive,NO_ichi_below,NO_obi_bearish,rsi_50_70","fib_far_0.618,fib_far_0.5,fib_far_0.382,NO_ichi_above,NO_bos_up,NO_bb_breakout_above",,,,,,,,,,,,,,,,,,,,,,,,,,,,,,,,,,,,,,,,,,,,,,,,,,,,,,,,,,,,,,,,,,,,,,,,,,,,,,,,,,,,,,,,,,,,,,,,,,,,,,,,,,,,,,,,,,,,,,,,,,,,,,,,,,,,,,,,,,,,,,,,,,,,,,,,,,,,,,,,,,,,,,,,,,,,,,,,,,,,,,,,,,,,,,
2026-07-19T19:55:56.317476+00:00,BANKUSDT,0.2243,2.733,10.825055251543528,88.36496242997187,0,105.59120073327222,101.34649910233394,50.0,0.0,0.0,0.0,0.0,2.733,1.0,88.36496242997187,1.0,10.825055251543528,1.0,0.0,1.0,40.36295369211514,105.59120073327222,101.34649910233394,239.3343419062027,107.65583269018424,0.0,1.0,1.0,0.0,0.7042418055193597,0.0,1.0,0.5,0.0,0.0,1,200,0.0,41.0,SHORT,41.0,11,5,"FAIL_overextended,atr_just_expanding,bos_up,bb_breakout_above,vwap_above,rvol>1.3,atr_pct_elevated,mom_12_positive,NO_ichi_below,NO_obi_bearish,rsi_50_70","fib_far_0.618,fib_far_0.5,fib_far_0.382,atr_expanding,NO_ichi_above",,,,,,,,,,,,,,,,,,,,,,,,,,,,,,,,,,,,,,,,,,,,,,,,,,,,,,,,,,,,,,,,,,,,,,,,,,,,,,,,,,,,,,,,,,,,,,,,,,,,,,,,,,,,,,,,,,,,,,,,,,,,,,,,,,,,,,,,,,,,,,,,,,,,,,,,,,,,,,,,,,,,,,,,,,,,,,,,,,,,,,,,,,,,,,
2026-07-19T19:55:56.317476+00:00,PAXGUSDT,4010.46,0.802,0.3465117251533615,0.2013876346287848,1,0.0164596737991883,0.0753598307148698,50.0,0.0,0.0,0.0,0.0,0.802,0.0,0.2013876346287848,1.0,0.3465117251533615,0.0,1.0,0.0,0.0563844119554966,0.0164596737991883,0.0753598307148698,0.0067328480695423,-0.0424307899382631,0.0,0.0,0.0,1.0,0.564099870995111,0.0,0.0,0.5,0.0,0.0,1,200,0.0,16.0,NEUTRAL,16.0,5,6,"mom_3_low_positive,mom_12_positive,NO_ichi_below,NO_obi_bearish,rsi_50_70","fib_far_0.618,fib_far_0.5,fib_far_0.382,NO_ichi_above,NO_bos_up,NO_bb_breakout_above",,,,,,,,,,,,,,,,,,,,,,,,,,,,,,,,,,,,,,,,,,,,,,,,,,,,,,,,,,,,,,,,,,,,,,,,,,,,,,,,,,,,,,,,,,,,,,,,,,,,,,,,,,,,,,,,,,,,,,,,,,,,,,,,,,,,,,,,,,,,,,,,,,,,,,,,,,,,,,,,,,,,,,,,,,,,,,,,,,,,,,,,,,,,,,
2026-07-19T19:55:56.317476+00:00,TLMUSDT,0.002606,3.271,8.233571789501987,33.06182481261574,0,22.06088992974237,87.7521613832853,50.0,0.0,0.0,0.0,0.0,3.271,1.0,33.06182481261574,1.0,8.233571789501987,1.0,0.0,1.0,9.083298451234816,22.06088992974237,87.7521613832853,77.27891156462584,-31.75755387429224,0.0,0.0,1.0,0.0,0.4959247541725655,0.0,0.0,0.5,0.0,0.0,1,200,0.0,46.0,SHORT,46.0,11,6,"FAIL_overextended,atr_just_expanding,bos_up,bb_breakout_above,vwap_above,rvol>1.3,atr_pct_elevated,mom_12_positive,NO_ichi_below,NO_obi_bearish,rsi_50_70","fib_far_0.618,fib_far_0.5,fib_far_0.382,atr_expanding,mom_accel_negative,NO_ichi_above",,,,,,,,,,,,,,,,,,,,,,,,,,,,,,,,,,,,,,,,,,,,,,,,,,,,,,,,,,,,,,,,,,,,,,,,,,,,,,,,,,,,,,,,,,,,,,,,,,,,,,,,,,,,,,,,,,,,,,,,,,,,,,,,,,,,,,,,,,,,,,,,,,,,,,,,,,,,,,,,,,,,,,,,,,,,,,,,,,,,,,,,,,,,,,
2026-07-19T19:55:56.317476+00:00,OPNUSDT,0.0615,0.253,3.0395559452766245,-1.6641224231040217,1,-2.843601895734591,-0.9661835748792325,50.0,0.0,0.0,0.0,0.0,0.253,0.0,-1.6641224231040217,0.0,3.0395559452766245,0.0,1.0,0.0,-1.125401929260449,-2.843601895734591,-0.9661835748792325,0.0,-4.775969045493033,0.0,1.0,0.0,0.0,0.3452380952380938,0.0,0.0,0.5,0.0,0.0,1,200,0.0,37.0,SHORT,37.0,4,9,"atr_pct_elevated,NO_ichi_below,NO_obi_bearish,rsi_50_70","fib_far_0.618,fib_far_0.5,fib_far_0.382,vwap_below,mom_3_negative,mom_accel_negative,NO_ichi_above,NO_bos_up,NO_bb_breakout_above",,,,,,,,,,,,,,,,,,,,,,,,,,,,,,,,,,,,,,,,,,,,,,,,,,,,,,,,,,,,,,,,,,,,,,,,,,,,,,,,,,,,,,,,,,,,,,,,,,,,,,,,,,,,,,,,,,,,,,,,,,,,,,,,,,,,,,,,,,,,,,,,,,,,,,,,,,,,,,,,,,,,,,,,,,,,,,,,,,,,,,,,,,,,,,
2026-07-19T19:55:56.317476+00:00,REUSDT,0.3973,0.141,5.692796213529491,-9.613391690980496,0,-6.3854853911404375,1.7153097798259047,50.0,0.0,0.0,0.0,0.0,0.141,0.0,-9.613391690980496,0.0,5.692796213529491,0.0,0.0,0.0,-0.947394664672158,-6.3854853911404375,1.7153097798259047,-10.558307068887888,-15.038839205784573,0.0,0.0,0.0,0.0,0.5183739602344258,0.0,0.0,0.5,0.0,0.0,1,182,0.0,55.0,SHORT,55.0,4,10,"atr_pct_elevated,NO_ichi_below,NO_obi_bearish,rsi_50_70","early_calm_atr_spike,fib_far_0.618,fib_far_0.5,fib_far_0.382,vwap_below,mom_3_negative,mom_accel_negative,NO_ichi_above,NO_bos_up,NO_bb_breakout_above",,,,,,,,,,,,,,,,,,,,,,,,,,,,,,,,,,,,,,,,,,,,,,,,,,,,,,,,,,,,,,,,,,,,,,,,,,,,,,,,,,,,,,,,,,,,,,,,,,,,,,,,,,,,,,,,,,,,,,,,,,,,,,,,,,,,,,,,,,,,,,,,,,,,,,,,,,,,,,,,,,,,,,,,,,,,,,,,,,,,,,,,,,,,,,
2026-07-19T19:55:56.317476+00:00,HYPERUSDT,0.0681,1.09,2.127175525881571,-1.8593553403715293,1,-2.295552367288385,-1.731601731601741,50.0,0.0,0.0,0.0,0.0,1.09,0.0,-1.8593553403715293,0.0,2.127175525881571,0.0,1.0,0.0,-2.435530085959896,-2.295552367288385,-1.731601731601741,-1.4471780028943573,-2.8727529444889583,0.0,0.0,0.0,0.0,0.4154362003199234,0.0,0.0,0.5,0.0,0.0,1,200,0.0,37.0,SHORT,37.0,3,9,"NO_ichi_below,NO_obi_bearish,rsi_50_70","fib_far_0.618,fib_far_0.5,fib_far_0.382,vwap_below,mom_3_negative,mom_accel_negative,NO_ichi_above,NO_bos_up,NO_bb_breakout_above",,,,,,,,,,,,,,,,,,,,,,,,,,,,,,,,,,,,,,,,,,,,,,,,,,,,,,,,,,,,,,,,,,,,,,,,,,,,,,,,,,,,,,,,,,,,,,,,,,,,,,,,,,,,,,,,,,,,,,,,,,,,,,,,,,,,,,,,,,,,,,,,,,,,,,,,,,,,,,,,,,,,,,,,,,,,,,,,,,,,,,,,,,,,,,
2026-07-19T19:55:56.317476+00:00,GOOGLBUSDT,347.2,0.965,0.9521470796411122,-0.8938661945597877,0,-0.181122962366672,0.0720564922899553,50.0,0.0,0.0,0.0,0.0,0.965,0.0,-0.8938661945597877,0.0,0.9521470796411122,0.0,0.0,0.0,-0.0805801772763985,-0.181122962366672,0.0720564922899553,-0.0403063280935067,-0.4347618152273135,0.0,0.0,0.0,0.0,0.3561342857215352,1.0,0.0,0.5,0.0,0.0,1,64,0.0,32.0,SHORT,32.0,3,8,"NO_ichi_below,NO_obi_bearish,rsi_50_70","fib_far_0.618,fib_far_0.5,fib_far_0.382,vwap_below,mom_3_negative,NO_ichi_above,NO_bos_up,NO_bb_breakout_above",,,,,,,,,,,,,,,,,,,,,,,,,,,,,,,,,,,,,,,,,,,,,,,,,,,,,,,,,,,,,,,,,,,,,,,,,,,,,,,,,,,,,,,,,,,,,,,,,,,,,,,,,,,,,,,,,,,,,,,,,,,,,,,,,,,,,,,,,,,,,,,,,,,,,,,,,,,,,,,,,,,,,,,,,,,,,,,,,,,,,,,,,,,,,,
2026-07-19T19:55:56.317476+00:00,WLFIUSDT,0.0578,1.251,1.2012175225331845,0.892123374571533,1,1.581722319859399,1.581722319859399,50.0,0.0,0.0,0.0,0.0,1.251,0.0,0.892123374571533,1.0,1.2012175225331845,0.0,1.0,0.0,1.2259194395796833,1.581722319859399,1.581722319859399,1.403508771929816,1.581722319859399,0.0,0.0,0.0,1.0,0.4844877344877319,0.0,1.0,0.5,0.0,0.0,1,200,13.0,16.0,NEUTRAL,16.0,7,6,"early_calm_accel,vwap_above,mom_3_low_positive,mom_12_positive,NO_ichi_below,NO_obi_bearish,rsi_50_70","fib_far_0.618,fib_far_0.5,fib_far_0.382,NO_ichi_above,NO_bos_up,NO_bb_breakout_above",,,,,,,,,,,,,,,,,,,,,,,,,,,,,,,,,,,,,,,,,,,,,,,,,,,,,,,,,,,,,,,,,,,,,,,,,,,,,,,,,,,,,,,,,,,,,,,,,,,,,,,,,,,,,,,,,,,,,,,,,,,,,,,,,,,,,,,,,,,,,,,,,,,,,,,,,,,,,,,,,,,,,,,,,,,,,,,,,,,,,,,,,,,,,,
2026-07-19T19:55:56.317476+00:00,BRUSDT,0.15489,0.932,4.179783850155761,2.4755247231059143,0,1.4009819967266797,-5.5375983411599705,50.0,0.0,0.0,0.0,0.0,0.932,0.0,2.4755247231059143,1.0,4.179783850155761,0.0,0.0,0.0,-0.2832678812850035,1.4009819967266797,-5.5375983411599705,3.8972363831499934,8.243697127543298,1.0,0.0,1.0,0.0,0.2591914966693182,1.0,0.0,0.5,0.0,0.0,1,200,9.0,24.0,NEUTRAL,24.0,8,5,"bos_up,vwap_above,atr_pct_elevated,mom_3_low_positive,mom_12_positive,NO_ichi_below,NO_obi_bearish,rsi_50_70","fib_far_0.618,fib_far_0.5,fib_far_0.382,NO_ichi_above,NO_bb_breakout_above",,,,,,,,,,,,,,,,,,,,,,,,,,,,,,,,,,,,,,,,,,,,,,,,,,,,,,,,,,,,,,,,,,,,,,,,,,,,,,,,,,,,,,,,,,,,,,,,,,,,,,,,,,,,,,,,,,,,,,,,,,,,,,,,,,,,,,,,,,,,,,,,,,,,,,,,,,,,,,,,,,,,,,,,,,,,,,,,,,,,,,,,,,,,,,
2026-07-19T19:55:56.317476+00:00,ESPUSDT,0.07105,1.001,2.334005163794706,-2.854623736347909,0,-1.1684518013631848,-0.5737475510775171,50.0,0.0,0.0,0.0,0.0,1.001,0.0,-2.854623736347909,0.0,2.334005163794706,0.0,0.0,0.0,-0.1265111048636391,-1.1684518013631848,-0.5737475510775171,-4.43846671149966,-1.7701870378591265,1.0,0.0,0.0,0.0,0.2052910052910032,1.0,0.0,0.5,0.0,0.0,1,200,0.0,32.0,SHORT,32.0,3,8,"NO_ichi_below,NO_obi_bearish,rsi_50_70","fib_far_0.618,fib_far_0.5,fib_far_0.382,vwap_below,mom_3_negative,NO_ichi_above,NO_bos_up,NO_bb_breakout_above",,,,,,,,,,,,,,,,,,,,,,,,,,,,,,,,,,,,,,,,,,,,,,,,,,,,,,,,,,,,,,,,,,,,,,,,,,,,,,,,,,,,,,,,,,,,,,,,,,,,,,,,,,,,,,,,,,,,,,,,,,,,,,,,,,,,,,,,,,,,,,,,,,,,,,,,,,,,,,,,,,,,,,,,,,,,,,,,,,,,,,,,,,,,,,
2026-07-19T19:55:56.317476+00:00,SOXLBUSDT,129.98,0.521,4.435438266288096,-2.732159317456768,1,-3.640002965379196,-0.7255785534255075,50.0,0.0,0.0,0.0,0.0,0.521,0.0,-2.732159317456768,0.0,4.435438266288096,0.0,1.0,0.0,-0.611714329408175,-3.640002965379196,-0.7255785534255075,-3.995863800871554,-6.664519882815978,0.0,0.0,0.0,0.0,0.3584773633238614,0.0,0.0,0.5,0.0,0.0,1,64,0.0,55.0,SHORT,55.0,4,10,"atr_pct_elevated,NO_ichi_below,NO_obi_bearish,rsi_50_70","early_calm_atr_spike,fib_far_0.618,fib_far_0.5,fib_far_0.382,vwap_below,mom_3_negative,mom_accel_negative,NO_ichi_above,NO_bos_up,NO_bb_breakout_above",,,,,,,,,,,,,,,,,,,,,,,,,,,,,,,,,,,,,,,,,,,,,,,,,,,,,,,,,,,,,,,,,,,,,,,,,,,,,,,,,,,,,,,,,,,,,,,,,,,,,,,,,,,,,,,,,,,,,,,,,,,,,,,,,,,,,,,,,,,,,,,,,,,,,,,,,,,,,,,,,,,,,,,,,,,,,,,,,,,,,,,,,,,,,,
2026-07-19T19:55:56.317476+00:00,WCTUSDT,0.04117,0.964,1.8130268375581269,-2.758665085935873,0,-2.0228462636839684,-1.2236084452975131,50.0,0.0,0.0,0.0,0.0,0.964,0.0,-2.758665085935873,0.0,1.8130268375581269,0.0,0.0,0.0,-1.4128352490421463,-2.0228462636839684,-1.2236084452975131,-3.7634408602150544,-2.8385852272156384,0.0,0.0,0.0,0.0,0.3042436821219713,0.0,0.0,0.5,0.0,0.0,1,200,0.0,37.0,SHORT,37.0,3,9,"NO_ichi_below,NO_obi_bearish,rsi_50_70","fib_far_0.618,fib_far_0.5,fib_far_0.382,vwap_below,mom_3_negative,mom_accel_negative,NO_ichi_above,NO_bos_up,NO_bb_breakout_above",,,,,,,,,,,,,,,,,,,,,,,,,,,,,,,,,,,,,,,,,,,,,,,,,,,,,,,,,,,,,,,,,,,,,,,,,,,,,,,,,,,,,,,,,,,,,,,,,,,,,,,,,,,,,,,,,,,,,,,,,,,,,,,,,,,,,,,,,,,,,,,,,,,,,,,,,,,,,,,,,,,,,,,,,,,,,,,,,,,,,,,,,,,,,,
2026-07-19T19:55:56.317476+00:00,HOMEUSDT,0.00778,0.888,10.358102540783772,-7.685093854766444,0,-0.7653061224489817,8.811188811188805,50.0,0.0,0.0,0.0,0.0,0.888,0.0,-7.685093854766444,0.0,10.358102540783772,0.0,0.0,0.0,-1.1435832274460058,-0.7653061224489817,8.811188811188805,-6.151990349819069,-10.415655772798626,0.0,0.0,0.0,0.0,0.4405485598494709,0.0,0.0,0.5,0.0,0.0,1,200,0.0,37.0,SHORT,37.0,4,9,"atr_pct_elevated,NO_ichi_below,NO_obi_bearish,rsi_50_70","fib_far_0.618,fib_far_0.5,fib_far_0.382,vwap_below,mom_3_negative,mom_accel_negative,NO_ichi_above,NO_bos_up,NO_bb_breakout_above",,,,,,,,,,,,,,,,,,,,,,,,,,,,,,,,,,,,,,,,,,,,,,,,,,,,,,,,,,,,,,,,,,,,,,,,,,,,,,,,,,,,,,,,,,,,,,,,,,,,,,,,,,,,,,,,,,,,,,,,,,,,,,,,,,,,,,,,,,,,,,,,,,,,,,,,,,,,,,,,,,,,,,,,,,,,,,,,,,,,,,,,,,,,,,
2026-07-19T19:55:56.317476+00:00,RECALLUSDT,0.03897,0.972,3.324561009889463,6.9349703019235935,0,4.927302100161547,3.616059558628025,50.0,0.0,0.0,0.0,0.0,0.972,0.0,6.9349703019235935,1.0,3.324561009889463,0.0,0.0,0.0,0.2314814814814809,4.927302100161547,3.616059558628025,8.12985571587124,6.176969741746227,1.0,1.0,1.0,0.0,0.5236680954776414,0.0,0.0,0.5,0.0,0.0,1,200,29.0,24.0,LONG,29.0,9,5,"early_calm_accel,bos_up,vwap_above,atr_pct_elevated,mom_3_low_positive,mom_12_positive,NO_ichi_below,NO_obi_bearish,rsi_50_70","fib_far_0.618,fib_far_0.5,fib_far_0.382,NO_ichi_above,NO_bb_breakout_above",,,,,,,,,,,,,,,,,,,,,,,,,,,,,,,,,,,,,,,,,,,,,,,,,,,,,,,,,,,,,,,,,,,,,,,,,,,,,,,,,,,,,,,,,,,,,,,,,,,,,,,,,,,,,,,,,,,,,,,,,,,,,,,,,,,,,,,,,,,,,,,,,,,,,,,,,,,,,,,,,,,,,,,,,,,,,,,,,,,,,,,,,,,,,,
2026-07-19T19:55:56.317476+00:00,HBARUSDT,0.06641,0.767,1.0142016472872502,-0.3474103259827105,1,-1.1755952380952368,-0.5242660275614186,50.0,0.0,0.0,0.0,0.0,0.767,0.0,-0.3474103259827105,0.0,1.0142016472872502,0.0,1.0,0.0,-0.4646282973621174,-1.1755952380952368,-0.5242660275614186,0.4082249773208231,-1.8346725298867228,0.0,0.0,0.0,1.0,0.3656877385100398,0.0,0.0,0.5,0.0,0.0,1,200,0.0,24.0,NEUTRAL,24.0,4,7,"mom_12_positive,NO_ichi_below,NO_obi_bearish,rsi_50_70","fib_far_0.618,fib_far_0.5,fib_far_0.382,mom_3_negative,NO_ichi_above,NO_bos_up,NO_bb_breakout_above",,,,,,,,,,,,,,,,,,,,,,,,,,,,,,,,,,,,,,,,,,,,,,,,,,,,,,,,,,,,,,,,,,,,,,,,,,,,,,,,,,,,,,,,,,,,,,,,,,,,,,,,,,,,,,,,,,,,,,,,,,,,,,,,,,,,,,,,,,,,,,,,,,,,,,,,,,,,,,,,,,,,,,,,,,,,,,,,,,,,,,,,,,,,,,
2026-07-19T19:55:56.317476+00:00,BILLUSDT,0.02508,1.121,11.075207993930295,-1.0856367483816207,1,-5.465510742555597,1.3742926434923202,50.0,0.0,0.0,0.0,0.0,1.121,0.0,-1.0856367483816207,0.0,11.075207993930295,0.0,1.0,0.0,-7.1111111111111045,-5.465510742555597,1.3742926434923202,6.768837803320567,-12.700757306823988,0.0,0.0,0.0,0.0,0.4857552336243123,0.0,0.0,0.5,0.0,0.0,1,200,0.0,55.0,SHORT,55.0,5,10,"atr_pct_elevated,mom_12_positive,NO_ichi_below,NO_obi_bearish,rsi_50_70","early_calm_atr_spike,fib_far_0.618,fib_far_0.5,fib_far_0.382,vwap_below,mom_3_negative,mom_accel_negative,NO_ichi_above,NO_bos_up,NO_bb_breakout_above",,,,,,,,,,,,,,,,,,,,,,,,,,,,,,,,,,,,,,,,,,,,,,,,,,,,,,,,,,,,,,,,,,,,,,,,,,,,,,,,,,,,,,,,,,,,,,,,,,,,,,,,,,,,,,,,,,,,,,,,,,,,,,,,,,,,,,,,,,,,,,,,,,,,,,,,,,,,,,,,,,,,,,,,,,,,,,,,,,,,,,,,,,,,,,
2026-07-19T19:55:56.317476+00:00,NBISBUSDT,176.62,0.903,2.8317953831641605,1.643102653701561,1,2.991428071607671,2.388405797101452,50.0,0.0,0.0,0.0,0.0,0.903,0.0,1.643102653701561,1.0,2.8317953831641605,0.0,1.0,0.0,1.1511368191970623,2.991428071607671,2.388405797101452,-0.6469033020194666,3.576935317984477,0.0,0.0,0.0,0.0,0.6093030258780865,0.0,1.0,0.5,0.0,0.0,1,64,10.0,16.0,NEUTRAL,16.0,6,6,"early_calm_accel,vwap_above,mom_3_low_positive,NO_ichi_below,NO_obi_bearish,rsi_50_70","fib_far_0.618,fib_far_0.5,fib_far_0.382,NO_ichi_above,NO_bos_up,NO_bb_breakout_above",,,,,,,,,,,,,,,,,,,,,,,,,,,,,,,,,,,,,,,,,,,,,,,,,,,,,,,,,,,,,,,,,,,,,,,,,,,,,,,,,,,,,,,,,,,,,,,,,,,,,,,,,,,,,,,,,,,,,,,,,,,,,,,,,,,,,,,,,,,,,,,,,,,,,,,,,,,,,,,,,,,,,,,,,,,,,,,,,,,,,,,,,,,,,,
2026-07-19T19:55:56.317476+00:00,QCOMBUSDT,171.58,0.976,1.3210715235025186,0.5711770211285139,1,-0.3947521188900374,-0.0524261664821896,50.0,0.0,0.0,0.0,0.0,0.976,0.0,0.5711770211285139,1.0,1.3210715235025186,0.0,1.0,0.0,0.4155205711944799,-0.3947521188900374,-0.0524261664821896,-0.2035712208456897,-0.7384347658289339,0.0,0.0,0.0,0.0,0.395930081326973,0.0,0.0,0.5,0.0,0.0,1,69,0.0,24.0,NEUTRAL,24.0,4,7,"vwap_above,NO_ichi_below,NO_obi_bearish,rsi_50_70","fib_far_0.618,fib_far_0.5,fib_far_0.382,mom_3_negative,NO_ichi_above,NO_bos_up,NO_bb_breakout_above",,,,,,,,,,,,,,,,,,,,,,,,,,,,,,,,,,,,,,,,,,,,,,,,,,,,,,,,,,,,,,,,,,,,,,,,,,,,,,,,,,,,,,,,,,,,,,,,,,,,,,,,,,,,,,,,,,,,,,,,,,,,,,,,,,,,,,,,,,,,,,,,,,,,,,,,,,,,,,,,,,,,,,,,,,,,,,,,,,,,,,,,,,,,,,
2026-07-19T19:55:56.317476+00:00,GLWBUSDT,158.8,0.968,2.449648004741417,2.663953614063193,1,0.1387312397528054,5.634271269872945,50.0,0.0,0.0,0.0,0.0,0.968,0.0,2.663953614063193,1.0,2.449648004741417,0.0,1.0,0.0,-0.4700720777185835,0.1387312397528054,5.634271269872945,2.7765193191379334,-5.349195321811752,0.0,0.0,0.0,0.0,0.5297603235996313,0.0,0.0,0.5,0.0,0.0,1,64,0.0,21.0,NEUTRAL,21.0,6,7,"vwap_above,mom_3_low_positive,mom_12_positive,NO_ichi_below,NO_obi_bearish,rsi_50_70","fib_far_0.618,fib_far_0.5,fib_far_0.382,mom_accel_negative,NO_ichi_above,NO_bos_up,NO_bb_breakout_above",,,,,,,,,,,,,,,,,,,,,,,,,,,,,,,,,,,,,,,,,,,,,,,,,,,,,,,,,,,,,,,,,,,,,,,,,,,,,,,,,,,,,,,,,,,,,,,,,,,,,,,,,,,,,,,,,,,,,,,,,,,,,,,,,,,,,,,,,,,,,,,,,,,,,,,,,,,,,,,,,,,,,,,,,,,,,,,,,,,,,,,,,,,,,,
2026-07-19T19:55:56.317476+00:00,CBRSBUSDT,169.71,0.903,2.44464272220585,-2.007677720059201,1,-1.6059833024118633,0.283637652898433,50.0,0.0,0.0,0.0,0.0,0.903,0.0,-2.007677720059201,0.0,2.44464272220585,0.0,1.0,0.0,0.1475274401038593,-1.6059833024118633,0.283637652898433,-1.6800880597879646,-3.526446577244931,0.0,0.0,0.0,0.0,0.3383633909949691,0.0,0.0,0.5,0.0,0.0,1,64,0.0,37.0,SHORT,37.0,3,9,"NO_ichi_below,NO_obi_bearish,rsi_50_70","fib_far_0.618,fib_far_0.5,fib_far_0.382,vwap_below,mom_3_negative,mom_accel_negative,NO_ichi_above,NO_bos_up,NO_bb_breakout_above",,,,,,,,,,,,,,,,,,,,,,,,,,,,,,,,,,,,,,,,,,,,,,,,,,,,,,,,,,,,,,,,,,,,,,,,,,,,,,,,,,,,,,,,,,,,,,,,,,,,,,,,,,,,,,,,,,,,,,,,,,,,,,,,,,,,,,,,,,,,,,,,,,,,,,,,,,,,,,,,,,,,,,,,,,,,,,,,,,,,,,,,,,,,,,
2026-07-19T19:55:56.317476+00:00,FDUSDUSDT,0.9985,2.945,0.0384436587149983,0.0364878962648284,0,0.0400761446748889,0.0501002004008072,50.0,0.0,0.0,0.0,0.0,2.945,1.0,0.0364878962648284,1.0,0.0384436587149983,0.0,0.0,1.0,0.0400761446748889,0.0400761446748889,0.0501002004008072,0.0701543395470068,0.0300561045947297,0.0,0.0,0.0,1.0,0.365384615384634,1.0,0.0,0.5,0.0,0.0,1,200,21.0,21.0,NEUTRAL,21.0,8,5,"early_calm_accel,bb_breakout_above,rvol>1.3,mom_3_low_positive,mom_12_positive,NO_ichi_below,NO_obi_bearish,rsi_50_70","fib_far_0.618,fib_far_0.5,fib_far_0.382,NO_ichi_above,NO_bos_up",,,,,,,,,,,,,,,,,,,,,,,,,,,,,,,,,,,,,,,,,,,,,,,,,,,,,,,,,,,,,,,,,,,,,,,,,,,,,,,,,,,,,,,,,,,,,,,,,,,,,,,,,,,,,,,,,,,,,,,,,,,,,,,,,,,,,,,,,,,,,,,,,,,,,,,,,,,,,,,,,,,,,,,,,,,,,,,,,,,,,,,,,,,,,,
2026-07-19T19:55:56.317476+00:00,XLMUSDT,0.1904,0.593,1.636606689552695,1.59537986661579,1,2.0911528150134124,1.546666666666674,50.0,0.0,0.0,0.0,0.0,0.593,0.0,1.59537986661579,1.0,1.636606689552695,0.0,1.0,0.0,0.052548607461911,2.0911528150134124,1.546666666666674,1.7637626937466728,2.6244861483467465,0.0,1.0,0.0,0.0,0.5363192650014372,0.0,0.0,0.5,0.0,0.0,1,200,13.0,16.0,NEUTRAL,16.0,7,6,"early_calm_accel,vwap_above,mom_3_low_positive,mom_12_positive,NO_ichi_below,NO_obi_bearish,rsi_50_70","fib_far_0.618,fib_far_0.5,fib_far_0.382,NO_ichi_above,NO_bos_up,NO_bb_breakout_above",,,,,,,,,,,,,,,,,,,,,,,,,,,,,,,,,,,,,,,,,,,,,,,,,,,,,,,,,,,,,,,,,,,,,,,,,,,,,,,,,,,,,,,,,,,,,,,,,,,,,,,,,,,,,,,,,,,,,,,,,,,,,,,,,,,,,,,,,,,,,,,,,,,,,,,,,,,,,,,,,,,,,,,,,,,,,,,,,,,,,,,,,,,,,,
2026-07-19T19:55:56.317476+00:00,SPYBUSDT,745.99,1.032,0.4359912767047895,-0.0228881252649181,0,0.0657276995305176,0.2607351656474773,50.0,0.0,0.0,0.0,0.0,1.032,0.0,-0.0228881252649181,0.0,0.4359912767047895,0.0,0.0,0.0,0.0268172005524404,0.0657276995305176,0.2607351656474773,0.2014802079275745,-0.129151676855484,0.0,0.0,0.0,1.0,0.2524785263489675,1.0,0.0,0.5,0.0,0.0,1,69,0.0,16.0,NEUTRAL,16.0,5,6,"mom_3_low_positive,mom_12_positive,NO_ichi_below,NO_obi_bearish,rsi_50_70","fib_far_0.618,fib_far_0.5,fib_far_0.382,NO_ichi_above,NO_bos_up,NO_bb_breakout_above",,,,,,,,,,,,,,,,,,,,,,,,,,,,,,,,,,,,,,,,,,,,,,,,,,,,,,,,,,,,,,,,,,,,,,,,,,,,,,,,,,,,,,,,,,,,,,,,,,,,,,,,,,,,,,,,,,,,,,,,,,,,,,,,,,,,,,,,,,,,,,,,,,,,,,,,,,,,,,,,,,,,,,,,,,,,,,,,,,,,,,,,,,,,,,
2026-07-19T19:55:56.317476+00:00,GROVEUSDT,0.012218,0.924,5.740823878218476,-5.169603503536764,1,-0.4643584521384909,-4.464774415513334,50.0,0.0,0.0,0.0,0.0,0.924,0.0,-5.169603503536764,0.0,5.740823878218476,0.0,1.0,0.0,-0.1471068976789853,-0.4643584521384909,-4.464774415513334,-3.673919899085471,3.5547204437877005,0.0,0.0,0.0,0.0,0.2113223700418844,1.0,0.0,0.5,0.0,0.0,1,69,3.0,50.0,SHORT,50.0,5,9,"early_calm_accel,atr_pct_elevated,NO_ichi_below,NO_obi_bearish,rsi_50_70","early_calm_atr_spike,fib_far_0.618,fib_far_0.5,fib_far_0.382,vwap_below,mom_3_negative,NO_ichi_above,NO_bos_up,NO_bb_breakout_above",,,,,,,,,,,,,,,,,,,,,,,,,,,,,,,,,,,,,,,,,,,,,,,,,,,,,,,,,,,,,,,,,,,,,,,,,,,,,,,,,,,,,,,,,,,,,,,,,,,,,,,,,,,,,,,,,,,,,,,,,,,,,,,,,,,,,,,,,,,,,,,,,,,,,,,,,,,,,,,,,,,,,,,,,,,,,,,,,,,,,,,,,,,,,,
2026-07-19T19:55:56.317476+00:00,VVVUSDT,11.408,1.022,3.382694225520092,1.9778975653842927,0,-3.8192395244920414,-1.0151843817787494,50.0,0.0,0.0,0.0,0.0,1.022,0.0,1.9778975653842927,1.0,3.382694225520092,0.0,0.0,0.0,-2.2115549459969217,-3.8192395244920414,-1.0151843817787494,2.213063345578352,-6.734640826010483,0.0,0.0,1.0,0.0,0.3030179343337817,0.0,0.0,0.5,0.0,0.0,1,200,4.0,37.0,SHORT,37.0,7,7,"bos_up,vwap_above,atr_pct_elevated,mom_12_positive,NO_ichi_below,NO_obi_bearish,rsi_50_70","fib_far_0.618,fib_far_0.5,fib_far_0.382,mom_3_negative,mom_accel_negative,NO_ichi_above,NO_bb_breakout_above",,,,,,,,,,,,,,,,,,,,,,,,,,,,,,,,,,,,,,,,,,,,,,,,,,,,,,,,,,,,,,,,,,,,,,,,,,,,,,,,,,,,,,,,,,,,,,,,,,,,,,,,,,,,,,,,,,,,,,,,,,,,,,,,,,,,,,,,,,,,,,,,,,,,,,,,,,,,,,,,,,,,,,,,,,,,,,,,,,,,,,,,,,,,,,
2026-07-19T19:55:56.317476+00:00,GUSDT,0.00347,1.138,6.907552190004132,-4.948613869407909,0,-3.0726256983240186,3.27380952380952,50.0,0.0,0.0,0.0,0.0,1.138,0.0,-4.948613869407909,0.0,6.907552190004132,1.0,0.0,0.0,0.8720930232558162,-3.0726256983240186,3.27380952380952,3.582089552238802,-9.620244745943058,1.0,0.0,0.0,0.0,0.4113518910030539,0.0,0.0,0.5,0.0,0.0,1,200,1.0,67.0,SHORT,67.0,6,11,"atr_just_expanding,atr_pct_elevated,mom_12_positive,NO_ichi_below,NO_obi_bearish,rsi_50_70","early_calm_atr_spike,fib_far_0.618,fib_far_0.5,fib_far_0.382,atr_expanding,vwap_below,mom_3_negative,mom_accel_negative,NO_ichi_above,NO_bos_up,NO_bb_breakout_above",,,,,,,,,,,,,,,,,,,,,,,,,,,,,,,,,,,,,,,,,,,,,,,,,,,,,,,,,,,,,,,,,,,,,,,,,,,,,,,,,,,,,,,,,,,,,,,,,,,,,,,,,,,,,,,,,,,,,,,,,,,,,,,,,,,,,,,,,,,,,,,,,,,,,,,,,,,,,,,,,,,,,,,,,,,,,,,,,,,,,,,,,,,,,,
2026-07-19T19:55:56.317476+00:00,ZEREBROUSDT,0.042962,0.976,3.378424832991306,24.40750951796324,0,29.84555867863512,27.525304995695937,50.0,0.0,0.0,0.0,0.0,0.976,0.0,24.40750951796324,1.0,3.378424832991306,1.0,0.0,1.0,6.692825390518298,29.84555867863512,27.525304995695937,29.104186074465844,31.632492099039403,0.0,0.0,1.0,0.0,0.8542262343939044,0.0,3.0,0.5,0.0,0.0,1,200,0.0,41.0,SHORT,41.0,10,5,"FAIL_overextended,atr_just_expanding,bos_up,bb_breakout_above,vwap_above,atr_pct_elevated,mom_12_positive,NO_ichi_below,NO_obi_bearish,rsi_50_70","fib_far_0.618,fib_far_0.5,fib_far_0.382,atr_expanding,NO_ichi_above",,,,,,,,,,,,,,,,,,,,,,,,,,,,,,,,,,,,,,,,,,,,,,,,,,,,,,,,,,,,,,,,,,,,,,,,,,,,,,,,,,,,,,,,,,,,,,,,,,,,,,,,,,,,,,,,,,,,,,,,,,,,,,,,,,,,,,,,,,,,,,,,,,,,,,,,,,,,,,,,,,,,,,,,,,,,,,,,,,,,,,,,,,,,,,
2026-07-19T20:11:21.907591+00:00,MNTUSDT,0.4232,0.053,1.2110816371192834,-1.1170348676435546,0,0.8820023837902351,0.7139457401237512,50.0,0.0,0.0,0.0,0.0,0.053,0.0,-1.1170348676435546,0.0,1.2110816371192834,0.0,0.0,0.0,0.0,0.8820023837902351,0.7139457401237512,-0.7737397420867456,1.0485897231524517,1.0,0.0,0.0,0.0,0.3908163265306161,1.0,0.0,0.5,0.0,0.0,1,200,2.0,24.0,NEUTRAL,24.0,5,7,"early_calm_accel,mom_3_low_positive,NO_ichi_below,NO_obi_bearish,rsi_50_70","fib_far_0.618,fib_far_0.5,fib_far_0.382,vwap_below,NO_ichi_above,NO_bos_up,NO_bb_breakout_above",,,,,,,,,,,,,,,,,,,,,,,,,,,,,,,,,,,,,,,,,,,,,,,,,,,,,,,,,,,,,,,,,,,,,,,,,,,,,,,,,,,,,,,,,,,,,,,,,,,,,,,,,,,,,,,,,,,,,,,,,,,,,,,,,,,,,,,,,,,,,,,,,,,,,,,,,,,,,,,,,,,,,,,,,,,,,,,,,,,,,,,,,,,,,,
2026-07-19T20:11:21.907591+00:00,HYPEUSDT,61.073,0.035,1.7265456807930517,1.1603584588682874,1,-0.0425538879523335,1.360928086568304,50.0,0.0,0.0,0.0,0.0,0.035,0.0,1.1603584588682874,1.0,1.7265456807930517,0.0,1.0,0.0,-0.1226532347746497,-0.0425538879523335,1.360928086568304,2.2176474526344023,-1.4466333528752362,0.0,0.0,0.0,0.0,0.4154775189688202,0.0,0.0,0.5,0.0,0.0,1,196,0.0,24.0,NEUTRAL,24.0,5,7,"vwap_above,mom_12_positive,NO_ichi_below,NO_obi_bearish,rsi_50_70","fib_far_0.618,fib_far_0.5,fib_far_0.382,mom_3_negative,NO_ichi_above,NO_bos_up,NO_bb_breakout_above",,,,,,,,,,,,,,,,,,,,,,,,,,,,,,,,,,,,,,,,,,,,,,,,,,,,,,,,,,,,,,,,,,,,,,,,,,,,,,,,,,,,,,,,,,,,,,,,,,,,,,,,,,,,,,,,,,,,,,,,,,,,,,,,,,,,,,,,,,,,,,,,,,,,,,,,,,,,,,,,,,,,,,,,,,,,,,,,,,,,,,,,,,,,,,
2026-07-19T20:11:21.907591+00:00,ZECUSDT,551.36,0.032,2.288482755945461,1.1956176779596392,1,-0.7952787074022022,-1.3137640952210543,50.0,0.0,0.0,0.0,0.0,0.032,0.0,1.1956176779596392,1.0,2.288482755945461,0.0,1.0,0.0,0.2381601672575328,-0.7952787074022022,-1.3137640952210543,0.6958268651264833,-0.2726368602570308,0.0,1.0,0.0,0.0,0.3046915247176384,1.0,0.0,0.5,0.0,0.0,1,200,0.0,24.0,NEUTRAL,24.0,5,7,"vwap_above,mom_12_positive,NO_ichi_below,NO_obi_bearish,rsi_50_70","fib_far_0.618,fib_far_0.5,fib_far_0.382,mom_3_negative,NO_ichi_above,NO_bos_up,NO_bb_breakout_above",,,,,,,,,,,,,,,,,,,,,,,,,,,,,,,,,,,,,,,,,,,,,,,,,,,,,,,,,,,,,,,,,,,,,,,,,,,,,,,,,,,,,,,,,,,,,,,,,,,,,,,,,,,,,,,,,,,,,,,,,,,,,,,,,,,,,,,,,,,,,,,,,,,,,,,,,,,,,,,,,,,,,,,,,,,,,,,,,,,,,,,,,,,,,,
2026-07-19T20:11:21.907591+00:00,USD1USDT,0.99982,0.042,0.0163002849852167,-0.0009972522588399,0,0.0060014403456889,-0.0219991200351983,50.0,0.0,0.0,0.0,0.0,0.042,0.0,-0.0009972522588399,0.0,0.0163002849852167,0.0,0.0,0.0,0.0010001900361134,0.0060014403456889,-0.0219991200351983,-0.0080008000800049,0.0340003203904929,1.0,0.0,0.0,1.0,0.453846153846831,0.0,0.0,0.5,0.0,0.0,1,200,2.0,16.0,NEUTRAL,16.0,5,6,"early_calm_accel,mom_3_low_positive,NO_ichi_below,NO_obi_bearish,rsi_50_70","fib_far_0.618,fib_far_0.5,fib_far_0.382,NO_ichi_above,NO_bos_up,NO_bb_breakout_above",,,,,,,,,,,,,,,,,,,,,,,,,,,,,,,,,,,,,,,,,,,,,,,,,,,,,,,,,,,,,,,,,,,,,,,,,,,,,,,,,,,,,,,,,,,,,,,,,,,,,,,,,,,,,,,,,,,,,,,,,,,,,,,,,,,,,,,,,,,,,,,,,,,,,,,,,,,,,,,,,,,,,,,,,,,,,,,,,,,,,,,,,,,,,,
2026-07-19T20:11:21.907591+00:00,DRAMBUSDT,52.96,0.051,2.1858930643221126,1.6053940943195435,1,0.6079027355623106,2.1999228097259755,50.0,0.0,0.0,0.0,0.0,0.051,0.0,1.6053940943195435,1.0,2.1858930643221126,0.0,1.0,0.0,-0.0377500943752284,0.6079027355623106,2.1999228097259755,1.5142802376844913,-0.9744978819598824,0.0,0.0,0.0,0.0,0.4837847798046782,0.0,0.0,0.5,0.0,0.0,1,70,0.0,16.0,NEUTRAL,16.0,6,6,"vwap_above,mom_3_low_positive,mom_12_positive,NO_ichi_below,NO_obi_bearish,rsi_50_70","fib_far_0.618,fib_far_0.5,fib_far_0.382,NO_ichi_above,NO_bos_up,NO_bb_breakout_above",,,,,,,,,,,,,,,,,,,,,,,,,,,,,,,,,,,,,,,,,,,,,,,,,,,,,,,,,,,,,,,,,,,,,,,,,,,,,,,,,,,,,,,,,,,,,,,,,,,,,,,,,,,,,,,,,,,,,,,,,,,,,,,,,,,,,,,,,,,,,,,,,,,,,,,,,,,,,,,,,,,,,,,,,,,,,,,,,,,,,,,,,,,,,,
2026-07-19T20:11:21.907591+00:00,USDCUSDT,1.00062,0.006,0.0130392286541765,-0.0047381060329707,1,0.0,0.0089952325267753,50.0,0.0,0.0,0.0,0.0,0.006,0.0,-0.0047381060329707,0.0,0.0130392286541765,0.0,1.0,0.0,0.0,0.0,0.0089952325267753,0.0049971516235851,-0.0089952325267753,0.0,0.0,0.0,1.0,0.3397435897431638,0.0,0.0,0.5,0.0,0.0,1,200,0.0,16.0,NEUTRAL,16.0,4,6,"mom_12_positive,NO_ichi_below,NO_obi_bearish,rsi_50_70","fib_far_0.618,fib_far_0.5,fib_far_0.382,NO_ichi_above,NO_bos_up,NO_bb_breakout_above",,,,,,,,,,,,,,,,,,,,,,,,,,,,,,,,,,,,,,,,,,,,,,,,,,,,,,,,,,,,,,,,,,,,,,,,,,,,,,,,,,,,,,,,,,,,,,,,,,,,,,,,,,,,,,,,,,,,,,,,,,,,,,,,,,,,,,,,,,,,,,,,,,,,,,,,,,,,,,,,,,,,,,,,,,,,,,,,,,,,,,,,,,,,,,
2026-07-19T20:11:21.907591+00:00,BANKUSDT,0.2249,0.099,10.480324562857367,85.07755339431156,0,20.39614561027837,102.24820143884892,50.0,0.0,0.0,0.0,0.0,0.099,0.0,85.07755339431156,1.0,10.480324562857367,1.0,0.0,1.0,-2.2173913043478355,20.39614561027837,102.24820143884892,219.0070921985816,-47.589465900513005,0.0,1.0,1.0,0.0,0.5220798574904415,0.0,0.0,0.5,0.0,0.0,1,200,0.0,46.0,SHORT,46.0,10,6,"FAIL_overextended,atr_just_expanding,bos_up,bb_breakout_above,vwap_above,atr_pct_elevated,mom_12_positive,NO_ichi_below,NO_obi_bearish,rsi_50_70","fib_far_0.618,fib_far_0.5,fib_far_0.382,atr_expanding,mom_accel_negative,NO_ichi_above",,,,,,,,,,,,,,,,,,,,,,,,,,,,,,,,,,,,,,,,,,,,,,,,,,,,,,,,,,,,,,,,,,,,,,,,,,,,,,,,,,,,,,,,,,,,,,,,,,,,,,,,,,,,,,,,,,,,,,,,,,,,,,,,,,,,,,,,,,,,,,,,,,,,,,,,,,,,,,,,,,,,,,,,,,,,,,,,,,,,,,,,,,,,,,
2026-07-19T20:11:21.907591+00:00,XAUTUSDT,4014.1,0.047,0.3081496573871315,0.2433184543246556,1,0.1521956087824328,0.0648136607254121,50.0,0.0,0.0,0.0,0.0,0.047,0.0,0.2433184543246556,1.0,0.3081496573871315,0.0,1.0,0.0,-0.0024911563947961,0.1521956087824328,0.0648136607254121,0.1571934727281732,0.2394447674512599,0.0,0.0,0.0,1.0,0.6644647696477,0.0,0.0,0.5,0.0,0.0,1,200,5.0,16.0,NEUTRAL,16.0,6,6,"early_calm_accel,mom_3_low_positive,mom_12_positive,NO_ichi_below,NO_obi_bearish,rsi_50_70","fib_far_0.618,fib_far_0.5,fib_far_0.382,NO_ichi_above,NO_bos_up,NO_bb_breakout_above",,,,,,,,,,,,,,,,,,,,,,,,,,,,,,,,,,,,,,,,,,,,,,,,,,,,,,,,,,,,,,,,,,,,,,,,,,,,,,,,,,,,,,,,,,,,,,,,,,,,,,,,,,,,,,,,,,,,,,,,,,,,,,,,,,,,,,,,,,,,,,,,,,,,,,,,,,,,,,,,,,,,,,,,,,,,,,,,,,,,,,,,,,,,,,
2026-07-19T20:11:21.907591+00:00,PAXGUSDT,4010.55,0.038,0.3219851998996377,0.2108168143892533,1,0.0958392296921949,-0.0431176288793408,50.0,0.0,0.0,0.0,0.0,0.038,0.0,0.2108168143892533,1.0,0.3219851998996377,0.0,1.0,0.0,0.0027428411845116,0.0958392296921949,-0.0431176288793408,0.1113304993147941,0.2346630405927344,0.0,0.0,0.0,1.0,0.6879182433432092,0.0,1.0,0.5,0.0,0.0,1,200,5.0,16.0,NEUTRAL,16.0,6,6,"early_calm_accel,mom_3_low_positive,mom_12_positive,NO_ichi_below,NO_obi_bearish,rsi_50_70","fib_far_0.618,fib_far_0.5,fib_far_0.382,NO_ichi_above,NO_bos_up,NO_bb_breakout_above",,,,,,,,,,,,,,,,,,,,,,,,,,,,,,,,,,,,,,,,,,,,,,,,,,,,,,,,,,,,,,,,,,,,,,,,,,,,,,,,,,,,,,,,,,,,,,,,,,,,,,,,,,,,,,,,,,,,,,,,,,,,,,,,,,,,,,,,,,,,,,,,,,,,,,,,,,,,,,,,,,,,,,,,,,,,,,,,,,,,,,,,,,,,,,
2026-07-19T20:11:21.907591+00:00,TLMUSDT,0.002599,0.103,7.949127253664486,31.386179551815456,0,22.82608695652176,47.08545557441994,50.0,0.0,0.0,0.0,0.0,0.103,0.0,31.386179551815456,1.0,7.949127253664486,1.0,0.0,1.0,-1.6647748770336652,22.82608695652176,47.08545557441994,86.70977011494254,3.075096577348017,0.0,0.0,1.0,0.0,0.5484180034613083,0.0,0.0,0.5,0.0,0.0,1,200,0.0,41.0,SHORT,41.0,10,5,"FAIL_overextended,atr_just_expanding,bos_up,bb_breakout_above,vwap_above,atr_pct_elevated,mom_12_positive,NO_ichi_below,NO_obi_bearish,rsi_50_70","fib_far_0.618,fib_far_0.5,fib_far_0.382,atr_expanding,NO_ichi_above",,,,,,,,,,,,,,,,,,,,,,,,,,,,,,,,,,,,,,,,,,,,,,,,,,,,,,,,,,,,,,,,,,,,,,,,,,,,,,,,,,,,,,,,,,,,,,,,,,,,,,,,,,,,,,,,,,,,,,,,,,,,,,,,,,,,,,,,,,,,,,,,,,,,,,,,,,,,,,,,,,,,,,,,,,,,,,,,,,,,,,,,,,,,,,
2026-07-19T20:11:21.907591+00:00,OPNUSDT,0.0616,0.008,2.85264967956008,-1.5362825351352023,1,-0.6451612903225767,-2.839116719242896,50.0,0.0,0.0,0.0,0.0,0.008,0.0,-1.5362825351352023,0.0,2.85264967956008,0.0,1.0,0.0,0.0,-0.6451612903225767,-2.839116719242896,-0.4846526655896522,1.5630406024219006,0.0,1.0,0.0,0.0,0.3055555555555557,1.0,0.0,0.5,0.0,0.0,1,200,0.0,32.0,SHORT,32.0,4,8,"early_calm_accel,NO_ichi_below,NO_obi_bearish,rsi_50_70","fib_far_0.618,fib_far_0.5,fib_far_0.382,vwap_below,mom_3_negative,NO_ichi_above,NO_bos_up,NO_bb_breakout_above",,,,,,,,,,,,,,,,,,,,,,,,,,,,,,,,,,,,,,,,,,,,,,,,,,,,,,,,,,,,,,,,,,,,,,,,,,,,,,,,,,,,,,,,,,,,,,,,,,,,,,,,,,,,,,,,,,,,,,,,,,,,,,,,,,,,,,,,,,,,,,,,,,,,,,,,,,,,,,,,,,,,,,,,,,,,,,,,,,,,,,,,,,,,,,
2026-07-19T20:11:21.907591+00:00,REUSDT,0.3966,0.002,5.335120517840657,-9.016580674715998,0,0.0757002271006869,0.2021222839818147,50.0,0.0,0.0,0.0,0.0,0.002,0.0,-9.016580674715998,0.0,5.335120517840657,0.0,0.0,0.0,-0.2264150943396256,0.0757002271006869,0.2021222839818147,-11.374301675977652,-0.0506262003879437,0.0,0.0,0.0,0.0,0.4580419580419593,1.0,0.0,0.5,0.0,0.0,1,183,0.0,42.0,SHORT,42.0,5,8,"atr_pct_elevated,mom_3_low_positive,NO_ichi_below,NO_obi_bearish,rsi_50_70","early_calm_atr_spike,fib_far_0.618,fib_far_0.5,fib_far_0.382,vwap_below,NO_ichi_above,NO_bos_up,NO_bb_breakout_above",,,,,,,,,,,,,,,,,,,,,,,,,,,,,,,,,,,,,,,,,,,,,,,,,,,,,,,,,,,,,,,,,,,,,,,,,,,,,,,,,,,,,,,,,,,,,,,,,,,,,,,,,,,,,,,,,,,,,,,,,,,,,,,,,,,,,,,,,,,,,,,,,,,,,,,,,,,,,,,,,,,,,,,,,,,,,,,,,,,,,,,,,,,,,,
2026-07-19T20:11:21.907591+00:00,HYPERUSDT,0.0681,0.049,1.9962121394469257,-1.7714778826118494,1,-2.714285714285732,-1.3043478260869736,50.0,0.0,0.0,0.0,0.0,0.049,0.0,-1.7714778826118494,0.0,1.9962121394469257,0.0,1.0,0.0,0.0,-2.714285714285732,-1.3043478260869736,-1.731601731601741,-4.163561076604574,0.0,0.0,0.0,0.0,0.3413621262458425,1.0,0.0,0.5,0.0,0.0,1,200,0.0,37.0,SHORT,37.0,3,9,"NO_ichi_below,NO_obi_bearish,rsi_50_70","fib_far_0.618,fib_far_0.5,fib_far_0.382,vwap_below,mom_3_negative,mom_accel_negative,NO_ichi_above,NO_bos_up,NO_bb_breakout_above",,,,,,,,,,,,,,,,,,,,,,,,,,,,,,,,,,,,,,,,,,,,,,,,,,,,,,,,,,,,,,,,,,,,,,,,,,,,,,,,,,,,,,,,,,,,,,,,,,,,,,,,,,,,,,,,,,,,,,,,,,,,,,,,,,,,,,,,,,,,,,,,,,,,,,,,,,,,,,,,,,,,,,,,,,,,,,,,,,,,,,,,,,,,,,
2026-07-19T20:11:21.907591+00:00,GOOGLBUSDT,347.21,0.038,0.8978944522393046,-0.5179910626105457,1,0.0547518874992789,0.1904487087000341,50.0,0.0,0.0,0.0,0.0,0.038,0.0,-0.5179910626105457,0.0,0.8978944522393046,0.0,1.0,0.0,-0.1093242038033302,0.0547518874992789,0.1904487087000341,0.2135827055733403,-0.080870677787107,0.0,0.0,0.0,0.0,0.3804977068214638,0.0,0.0,0.5,0.0,0.0,1,65,0.0,24.0,NEUTRAL,24.0,5,7,"mom_3_low_positive,mom_12_positive,NO_ichi_below,NO_obi_bearish,rsi_50_70","fib_far_0.618,fib_far_0.5,fib_far_0.382,vwap_below,NO_ichi_above,NO_bos_up,NO_bb_breakout_above",,,,,,,,,,,,,,,,,,,,,,,,,,,,,,,,,,,,,,,,,,,,,,,,,,,,,,,,,,,,,,,,,,,,,,,,,,,,,,,,,,,,,,,,,,,,,,,,,,,,,,,,,,,,,,,,,,,,,,,,,,,,,,,,,,,,,,,,,,,,,,,,,,,,,,,,,,,,,,,,,,,,,,,,,,,,,,,,,,,,,,,,,,,,,,
2026-07-19T20:11:21.907591+00:00,WLFIUSDT,0.0579,0.06,1.1381629059845406,1.1201923233464866,1,1.9366197183098528,1.578947368421049,50.0,0.0,0.0,0.0,0.0,0.06,0.0,1.1201923233464866,1.0,1.1381629059845406,0.0,1.0,1.0,0.1730103806228423,1.9366197183098528,1.578947368421049,1.401050788091072,2.287496911292308,0.0,0.0,0.0,1.0,0.6868686868686875,0.0,0.0,0.5,0.0,0.0,1,200,21.0,21.0,NEUTRAL,21.0,8,5,"early_calm_accel,bb_breakout_above,vwap_above,mom_3_low_positive,mom_12_positive,NO_ichi_below,NO_obi_bearish,rsi_50_70","fib_far_0.618,fib_far_0.5,fib_far_0.382,NO_ichi_above,NO_bos_up",,,,,,,,,,,,,,,,,,,,,,,,,,,,,,,,,,,,,,,,,,,,,,,,,,,,,,,,,,,,,,,,,,,,,,,,,,,,,,,,,,,,,,,,,,,,,,,,,,,,,,,,,,,,,,,,,,,,,,,,,,,,,,,,,,,,,,,,,,,,,,,,,,,,,,,,,,,,,,,,,,,,,,,,,,,,,,,,,,,,,,,,,,,,,,
2026-07-19T20:11:21.907591+00:00,BRUSDT,0.15475,0.05,3.917048927133375,2.228186535716425,0,-0.4310899498134113,-9.16294904907256,50.0,0.0,0.0,0.0,0.0,0.05,0.0,2.228186535716425,1.0,3.917048927133375,0.0,0.0,0.0,-0.1612903225806453,-0.4310899498134113,-9.16294904907256,2.6193633952254705,8.338574290618618,1.0,0.0,1.0,0.0,0.3117823706058996,0.0,0.0,0.5,0.0,0.0,1,200,4.0,32.0,SHORT,32.0,7,6,"bos_up,vwap_above,atr_pct_elevated,mom_12_positive,NO_ichi_below,NO_obi_bearish,rsi_50_70","fib_far_0.618,fib_far_0.5,fib_far_0.382,mom_3_negative,NO_ichi_above,NO_bb_breakout_above",,,,,,,,,,,,,,,,,,,,,,,,,,,,,,,,,,,,,,,,,,,,,,,,,,,,,,,,,,,,,,,,,,,,,,,,,,,,,,,,,,,,,,,,,,,,,,,,,,,,,,,,,,,,,,,,,,,,,,,,,,,,,,,,,,,,,,,,,,,,,,,,,,,,,,,,,,,,,,,,,,,,,,,,,,,,,,,,,,,,,,,,,,,,,,
2026-07-19T20:11:21.907591+00:00,ESPUSDT,0.07111,0.05,2.1915783250108114,-2.739412643423291,0,-0.0983422309637352,-0.3922117943689433,50.0,0.0,0.0,0.0,0.0,0.05,0.0,-2.739412643423291,0.0,2.1915783250108114,0.0,0.0,0.0,-0.0843051847688501,-0.0983422309637352,-0.3922117943689433,-5.363321799307948,0.1958166148129868,1.0,0.0,0.0,0.0,0.2888888888888873,0.0,0.0,0.5,0.0,0.0,1,200,0.0,32.0,SHORT,32.0,4,8,"early_calm_accel,NO_ichi_below,NO_obi_bearish,rsi_50_70","fib_far_0.618,fib_far_0.5,fib_far_0.382,vwap_below,mom_3_negative,NO_ichi_above,NO_bos_up,NO_bb_breakout_above",,,,,,,,,,,,,,,,,,,,,,,,,,,,,,,,,,,,,,,,,,,,,,,,,,,,,,,,,,,,,,,,,,,,,,,,,,,,,,,,,,,,,,,,,,,,,,,,,,,,,,,,,,,,,,,,,,,,,,,,,,,,,,,,,,,,,,,,,,,,,,,,,,,,,,,,,,,,,,,,,,,,,,,,,,,,,,,,,,,,,,,,,,,,,,
2026-07-19T20:11:21.907591+00:00,SOXLBUSDT,129.73,0.026,4.149683108917229,-2.2321924666502184,1,-1.5854953724776235,-2.983846844151966,50.0,0.0,0.0,0.0,0.0,0.026,0.0,-2.2321924666502184,0.0,4.149683108917229,0.0,1.0,0.0,-0.0770238003543269,-1.5854953724776235,-2.983846844151966,-3.244331742243453,-0.1646159228814485,0.0,0.0,0.0,0.0,0.2746587039656419,1.0,0.0,0.5,0.0,0.0,1,65,0.0,50.0,SHORT,50.0,4,9,"atr_pct_elevated,NO_ichi_below,NO_obi_bearish,rsi_50_70","early_calm_atr_spike,fib_far_0.618,fib_far_0.5,fib_far_0.382,vwap_below,mom_3_negative,NO_ichi_above,NO_bos_up,NO_bb_breakout_above",,,,,,,,,,,,,,,,,,,,,,,,,,,,,,,,,,,,,,,,,,,,,,,,,,,,,,,,,,,,,,,,,,,,,,,,,,,,,,,,,,,,,,,,,,,,,,,,,,,,,,,,,,,,,,,,,,,,,,,,,,,,,,,,,,,,,,,,,,,,,,,,,,,,,,,,,,,,,,,,,,,,,,,,,,,,,,,,,,,,,,,,,,,,,,
2026-07-19T20:11:21.907591+00:00,WCTUSDT,0.04136,0.054,1.703422960549852,-2.21135161946835,0,-0.8391273076000867,-1.241642788920725,50.0,0.0,0.0,0.0,0.0,0.054,0.0,-2.21135161946835,0.0,1.703422960549852,0.0,0.0,0.0,0.3883495145631078,-0.8391273076000867,-1.241642788920725,-3.499766682221188,-0.4332056266067641,0.0,0.0,0.0,0.0,0.5293898809523802,0.0,1.0,0.5,0.0,0.0,1,200,0.0,32.0,SHORT,32.0,3,8,"NO_ichi_below,NO_obi_bearish,rsi_50_70","fib_far_0.618,fib_far_0.5,fib_far_0.382,vwap_below,mom_3_negative,NO_ichi_above,NO_bos_up,NO_bb_breakout_above",,,,,,,,,,,,,,,,,,,,,,,,,,,,,,,,,,,,,,,,,,,,,,,,,,,,,,,,,,,,,,,,,,,,,,,,,,,,,,,,,,,,,,,,,,,,,,,,,,,,,,,,,,,,,,,,,,,,,,,,,,,,,,,,,,,,,,,,,,,,,,,,,,,,,,,,,,,,,,,,,,,,,,,,,,,,,,,,,,,,,,,,,,,,,,
2026-07-19T20:11:21.907591+00:00,HOMEUSDT,0.00778,0.046,9.710047434392049,-5.97547454532021,0,-6.038647342995165,7.905686546463237,50.0,0.0,0.0,0.0,0.0,0.046,0.0,-5.97547454532021,0.0,9.710047434392049,0.0,0.0,0.0,-0.2564102564102571,-6.038647342995165,7.905686546463237,-6.937799043062198,-20.87914664951388,0.0,0.0,0.0,0.0,0.372108843537414,0.0,0.0,0.5,0.0,0.0,1,200,0.0,37.0,SHORT,37.0,4,9,"atr_pct_elevated,NO_ichi_below,NO_obi_bearish,rsi_50_70","fib_far_0.618,fib_far_0.5,fib_far_0.382,vwap_below,mom_3_negative,mom_accel_negative,NO_ichi_above,NO_bos_up,NO_bb_breakout_above",,,,,,,,,,,,,,,,,,,,,,,,,,,,,,,,,,,,,,,,,,,,,,,,,,,,,,,,,,,,,,,,,,,,,,,,,,,,,,,,,,,,,,,,,,,,,,,,,,,,,,,,,,,,,,,,,,,,,,,,,,,,,,,,,,,,,,,,,,,,,,,,,,,,,,,,,,,,,,,,,,,,,,,,,,,,,,,,,,,,,,,,,,,,,,
2026-07-19T20:11:21.907591+00:00,RECALLUSDT,0.03928,0.056,3.148195722285658,7.580628790536938,0,2.2650351470971173,4.384799362211017,50.0,0.0,0.0,0.0,0.0,0.056,0.0,7.580628790536938,1.0,3.148195722285658,0.0,0.0,0.0,0.95091236186071,2.2650351470971173,4.384799362211017,7.557502738225645,0.1922209031428177,1.0,0.0,1.0,0.0,0.55945000234841,0.0,1.0,0.5,0.0,0.0,1,200,29.0,24.0,LONG,29.0,9,5,"early_calm_accel,bos_up,vwap_above,atr_pct_elevated,mom_3_low_positive,mom_12_positive,NO_ichi_below,NO_obi_bearish,rsi_50_70","fib_far_0.618,fib_far_0.5,fib_far_0.382,NO_ichi_above,NO_bb_breakout_above",,,,,,,,,,,,,,,,,,,,,,,,,,,,,,,,,,,,,,,,,,,,,,,,,,,,,,,,,,,,,,,,,,,,,,,,,,,,,,,,,,,,,,,,,,,,,,,,,,,,,,,,,,,,,,,,,,,,,,,,,,,,,,,,,,,,,,,,,,,,,,,,,,,,,,,,,,,,,,,,,,,,,,,,,,,,,,,,,,,,,,,,,,,,,,
2026-07-19T20:11:21.907591+00:00,HBARUSDT,0.06651,0.04,0.9543039000963808,-0.0665234013933465,1,-0.3147482014388517,-0.8940545373267819,50.0,0.0,0.0,0.0,0.0,0.04,0.0,-0.0665234013933465,0.0,0.9543039000963808,0.0,1.0,0.0,0.1053582179410003,-0.3147482014388517,-0.8940545373267819,0.9256449165402116,0.2663872478235554,0.0,0.0,0.0,1.0,0.4151382879605997,0.0,0.0,0.5,0.0,0.0,1,200,0.0,24.0,NEUTRAL,24.0,5,7,"early_calm_accel,mom_12_positive,NO_ichi_below,NO_obi_bearish,rsi_50_70","fib_far_0.618,fib_far_0.5,fib_far_0.382,mom_3_negative,NO_ichi_above,NO_bos_up,NO_bb_breakout_above",,,,,,,,,,,,,,,,,,,,,,,,,,,,,,,,,,,,,,,,,,,,,,,,,,,,,,,,,,,,,,,,,,,,,,,,,,,,,,,,,,,,,,,,,,,,,,,,,,,,,,,,,,,,,,,,,,,,,,,,,,,,,,,,,,,,,,,,,,,,,,,,,,,,,,,,,,,,,,,,,,,,,,,,,,,,,,,,,,,,,,,,,,,,,,
2026-07-19T20:11:21.907591+00:00,BILLUSDT,0.02496,0.057,10.430863078482,-0.8442822058904995,1,-8.269018743109157,-0.7554671968190824,50.0,0.0,0.0,0.0,0.0,0.057,0.0,-0.8442822058904995,0.0,10.430863078482,0.0,1.0,0.0,-0.9523809523809548,-8.269018743109157,-0.7554671968190824,7.447266465777007,-16.45987361388452,0.0,0.0,0.0,0.0,0.4488780974487416,0.0,0.0,0.5,0.0,0.0,1,200,0.0,55.0,SHORT,55.0,5,10,"atr_pct_elevated,mom_12_positive,NO_ichi_below,NO_obi_bearish,rsi_50_70","early_calm_atr_spike,fib_far_0.618,fib_far_0.5,fib_far_0.382,vwap_below,mom_3_negative,mom_accel_negative,NO_ichi_above,NO_bos_up,NO_bb_breakout_above",,,,,,,,,,,,,,,,,,,,,,,,,,,,,,,,,,,,,,,,,,,,,,,,,,,,,,,,,,,,,,,,,,,,,,,,,,,,,,,,,,,,,,,,,,,,,,,,,,,,,,,,,,,,,,,,,,,,,,,,,,,,,,,,,,,,,,,,,,,,,,,,,,,,,,,,,,,,,,,,,,,,,,,,,,,,,,,,,,,,,,,,,,,,,,
2026-07-19T20:11:21.907591+00:00,NBISBUSDT,177.32,0.031,2.652175287401269,2.343861616751673,1,1.966647498562385,3.255109765329298,50.0,0.0,0.0,0.0,0.0,0.031,0.0,2.343861616751673,1.0,2.652175287401269,0.0,1.0,0.0,0.3451983475751147,1.966647498562385,3.255109765329298,-0.5998094063568548,0.703036015420234,0.0,0.0,0.0,0.0,0.6584710201940716,0.0,2.0,0.5,0.0,0.0,1,65,10.0,16.0,NEUTRAL,16.0,6,6,"early_calm_accel,vwap_above,mom_3_low_positive,NO_ichi_below,NO_obi_bearish,rsi_50_70","fib_far_0.618,fib_far_0.5,fib_far_0.382,NO_ichi_above,NO_bos_up,NO_bb_breakout_above",,,,,,,,,,,,,,,,,,,,,,,,,,,,,,,,,,,,,,,,,,,,,,,,,,,,,,,,,,,,,,,,,,,,,,,,,,,,,,,,,,,,,,,,,,,,,,,,,,,,,,,,,,,,,,,,,,,,,,,,,,,,,,,,,,,,,,,,,,,,,,,,,,,,,,,,,,,,,,,,,,,,,,,,,,,,,,,,,,,,,,,,,,,,,,
2026-07-19T20:11:21.907591+00:00,GLWBUSDT,159.0,0.044,2.302359991459201,3.001798664148594,1,0.4421983575489505,5.732145232078737,50.0,0.0,0.0,0.0,0.0,0.044,0.0,3.001798664148594,1.0,2.302359991459201,0.0,1.0,0.0,0.0629326620516012,0.4421983575489505,5.732145232078737,3.213242453748776,-4.824459442690453,0.0,0.0,0.0,0.0,0.5286258698181132,1.0,0.0,0.5,0.0,0.0,1,65,0.0,21.0,NEUTRAL,21.0,6,7,"vwap_above,mom_3_low_positive,mom_12_positive,NO_ichi_below,NO_obi_bearish,rsi_50_70","fib_far_0.618,fib_far_0.5,fib_far_0.382,mom_accel_negative,NO_ichi_above,NO_bos_up,NO_bb_breakout_above",,,,,,,,,,,,,,,,,,,,,,,,,,,,,,,,,,,,,,,,,,,,,,,,,,,,,,,,,,,,,,,,,,,,,,,,,,,,,,,,,,,,,,,,,,,,,,,,,,,,,,,,,,,,,,,,,,,,,,,,,,,,,,,,,,,,,,,,,,,,,,,,,,,,,,,,,,,,,,,,,,,,,,,,,,,,,,,,,,,,,,,,,,,,,,
2026-07-19T20:11:21.907591+00:00,QCOMBUSDT,171.25,0.03,1.2678635562182727,0.4512590618676294,1,0.157913206222956,-0.2911208151382824,50.0,0.0,0.0,0.0,0.0,0.03,0.0,0.4512590618676294,1.0,1.2678635562182727,0.0,1.0,0.0,-0.1457725947521866,0.157913206222956,-0.2911208151382824,-0.3143372722509995,0.6062392615359169,0.0,0.0,0.0,1.0,0.3555881724387608,0.0,0.0,0.5,0.0,0.0,1,70,2.0,16.0,NEUTRAL,16.0,5,6,"early_calm_accel,mom_3_low_positive,NO_ichi_below,NO_obi_bearish,rsi_50_70","fib_far_0.618,fib_far_0.5,fib_far_0.382,NO_ichi_above,NO_bos_up,NO_bb_breakout_above",,,,,,,,,,,,,,,,,,,,,,,,,,,,,,,,,,,,,,,,,,,,,,,,,,,,,,,,,,,,,,,,,,,,,,,,,,,,,,,,,,,,,,,,,,,,,,,,,,,,,,,,,,,,,,,,,,,,,,,,,,,,,,,,,,,,,,,,,,,,,,,,,,,,,,,,,,,,,,,,,,,,,,,,,,,,,,,,,,,,,,,,,,,,,,
2026-07-19T20:11:21.907591+00:00,CBRSBUSDT,169.43,0.05,2.284316368754148,-2.0133914418134764,1,-1.6599918741656423,0.2129295558052958,50.0,0.0,0.0,0.0,0.0,0.05,0.0,-2.0133914418134764,0.0,2.284316368754148,0.0,1.0,0.0,-0.1414510520421882,-1.6599918741656423,0.2129295558052958,-1.4598115621728458,-3.564528456646271,0.0,0.0,0.0,0.0,0.4315789473684178,0.0,0.0,0.5,0.0,0.0,1,65,0.0,37.0,SHORT,37.0,3,9,"NO_ichi_below,NO_obi_bearish,rsi_50_70","fib_far_0.618,fib_far_0.5,fib_far_0.382,vwap_below,mom_3_negative,mom_accel_negative,NO_ichi_above,NO_bos_up,NO_bb_breakout_above",,,,,,,,,,,,,,,,,,,,,,,,,,,,,,,,,,,,,,,,,,,,,,,,,,,,,,,,,,,,,,,,,,,,,,,,,,,,,,,,,,,,,,,,,,,,,,,,,,,,,,,,,,,,,,,,,,,,,,,,,,,,,,,,,,,,,,,,,,,,,,,,,,,,,,,,,,,,,,,,,,,,,,,,,,,,,,,,,,,,,,,,,,,,,,
2026-07-19T20:11:21.907591+00:00,FDUSDUSDT,0.9986,0.01,0.0364093946976314,0.0467070736612318,0,0.0500951808436084,0.0601202404809664,50.0,0.0,0.0,0.0,0.0,0.01,0.0,0.0467070736612318,1.0,0.0364093946976314,0.0,0.0,1.0,0.0100150225337995,0.0500951808436084,0.0601202404809664,0.0701473093496376,0.0400751407634492,0.0,0.0,0.0,1.0,0.5320512820513007,0.0,1.0,0.5,0.0,0.0,1,200,13.0,21.0,NEUTRAL,21.0,7,5,"early_calm_accel,bb_breakout_above,mom_3_low_positive,mom_12_positive,NO_ichi_below,NO_obi_bearish,rsi_50_70","fib_far_0.618,fib_far_0.5,fib_far_0.382,NO_ichi_above,NO_bos_up",,,,,,,,,,,,,,,,,,,,,,,,,,,,,,,,,,,,,,,,,,,,,,,,,,,,,,,,,,,,,,,,,,,,,,,,,,,,,,,,,,,,,,,,,,,,,,,,,,,,,,,,,,,,,,,,,,,,,,,,,,,,,,,,,,,,,,,,,,,,,,,,,,,,,,,,,,,,,,,,,,,,,,,,,,,,,,,,,,,,,,,,,,,,,,
2026-07-19T20:11:21.907591+00:00,XLMUSDT,0.191,0.036,1.541110087162971,2.2069442828080503,1,1.4877789585547272,1.7039403620873317,50.0,0.0,0.0,0.0,0.0,0.036,0.0,2.2069442828080503,1.0,1.541110087162971,0.0,1.0,0.0,0.1573151546932326,1.4877789585547272,1.7039403620873317,2.9649595687331565,1.2747864132938052,0.0,1.0,0.0,0.0,0.4878183831672237,1.0,0.0,0.5,0.0,0.0,1,200,13.0,16.0,NEUTRAL,16.0,7,6,"early_calm_accel,vwap_above,mom_3_low_positive,mom_12_positive,NO_ichi_below,NO_obi_bearish,rsi_50_70","fib_far_0.618,fib_far_0.5,fib_far_0.382,NO_ichi_above,NO_bos_up,NO_bb_breakout_above",,,,,,,,,,,,,,,,,,,,,,,,,,,,,,,,,,,,,,,,,,,,,,,,,,,,,,,,,,,,,,,,,,,,,,,,,,,,,,,,,,,,,,,,,,,,,,,,,,,,,,,,,,,,,,,,,,,,,,,,,,,,,,,,,,,,,,,,,,,,,,,,,,,,,,,,,,,,,,,,,,,,,,,,,,,,,,,,,,,,,,,,,,,,,,
2026-07-19T20:11:21.907591+00:00,SPYBUSDT,745.65,0.064,0.4113560290271274,-0.0125906615609391,1,-0.0696892129139448,0.1087481875302005,50.0,0.0,0.0,0.0,0.0,0.064,0.0,-0.0125906615609391,0.0,0.4113560290271274,0.0,1.0,0.0,-0.0294957566331971,-0.0696892129139448,0.1087481875302005,0.2109988173314611,-0.2482510516981034,0.0,0.0,0.0,1.0,0.2734832643982551,0.0,0.0,0.5,0.0,0.0,1,70,0.0,24.0,NEUTRAL,24.0,4,7,"mom_12_positive,NO_ichi_below,NO_obi_bearish,rsi_50_70","fib_far_0.618,fib_far_0.5,fib_far_0.382,mom_3_negative,NO_ichi_above,NO_bos_up,NO_bb_breakout_above",,,,,,,,,,,,,,,,,,,,,,,,,,,,,,,,,,,,,,,,,,,,,,,,,,,,,,,,,,,,,,,,,,,,,,,,,,,,,,,,,,,,,,,,,,,,,,,,,,,,,,,,,,,,,,,,,,,,,,,,,,,,,,,,,,,,,,,,,,,,,,,,,,,,,,,,,,,,,,,,,,,,,,,,,,,,,,,,,,,,,,,,,,,,,,
2026-07-19T20:11:21.907591+00:00,GROVEUSDT,0.012157,0.053,5.412449146717078,-5.181440065702913,1,-0.969371130661462,-1.2669536262486796,50.0,0.0,0.0,0.0,0.0,0.053,0.0,-5.181440065702913,0.0,5.412449146717078,0.0,1.0,0.0,-0.3361206755205862,-0.969371130661462,-1.2669536262486796,-3.8516292312559415,-0.6688757193076176,0.0,0.0,0.0,0.0,0.2023788241380675,0.0,0.0,0.5,0.0,0.0,1,70,0.0,50.0,SHORT,50.0,4,9,"atr_pct_elevated,NO_ichi_below,NO_obi_bearish,rsi_50_70","early_calm_atr_spike,fib_far_0.618,fib_far_0.5,fib_far_0.382,vwap_below,mom_3_negative,NO_ichi_above,NO_bos_up,NO_bb_breakout_above",,,,,,,,,,,,,,,,,,,,,,,,,,,,,,,,,,,,,,,,,,,,,,,,,,,,,,,,,,,,,,,,,,,,,,,,,,,,,,,,,,,,,,,,,,,,,,,,,,,,,,,,,,,,,,,,,,,,,,,,,,,,,,,,,,,,,,,,,,,,,,,,,,,,,,,,,,,,,,,,,,,,,,,,,,,,,,,,,,,,,,,,,,,,,,
2026-07-19T20:11:21.907591+00:00,VVVUSDT,11.475,0.037,3.168796112988482,2.3825459792016126,0,-1.8811457887986367,-3.082770270270272,50.0,0.0,0.0,0.0,0.0,0.037,0.0,2.3825459792016126,1.0,3.168796112988482,0.0,0.0,0.0,0.4640168096655493,-1.8811457887986367,-3.082770270270272,2.54691689008043,-0.6564836266364786,0.0,0.0,1.0,0.0,0.4498346675014859,0.0,1.0,0.5,0.0,0.0,1,200,4.0,32.0,SHORT,32.0,7,6,"bos_up,vwap_above,atr_pct_elevated,mom_12_positive,NO_ichi_below,NO_obi_bearish,rsi_50_70","fib_far_0.618,fib_far_0.5,fib_far_0.382,mom_3_negative,NO_ichi_above,NO_bb_breakout_above",,,,,,,,,,,,,,,,,,,,,,,,,,,,,,,,,,,,,,,,,,,,,,,,,,,,,,,,,,,,,,,,,,,,,,,,,,,,,,,,,,,,,,,,,,,,,,,,,,,,,,,,,,,,,,,,,,,,,,,,,,,,,,,,,,,,,,,,,,,,,,,,,,,,,,,,,,,,,,,,,,,,,,,,,,,,,,,,,,,,,,,,,,,,,,
2026-07-19T20:11:21.907591+00:00,GUSDT,0.00349,0.049,6.479731402839217,-4.393513431318123,0,-9.114583333333334,2.0467836257309995,50.0,0.0,0.0,0.0,0.0,0.049,0.0,-4.393513431318123,0.0,6.479731402839217,1.0,0.0,0.0,0.8670520231213896,-9.114583333333334,2.0467836257309995,3.560830860534121,-21.39528508771931,1.0,0.0,0.0,0.0,0.5078165374677002,0.0,0.0,0.5,0.0,0.0,1,200,1.0,67.0,SHORT,67.0,6,11,"atr_just_expanding,atr_pct_elevated,mom_12_positive,NO_ichi_below,NO_obi_bearish,rsi_50_70","early_calm_atr_spike,fib_far_0.618,fib_far_0.5,fib_far_0.382,atr_expanding,vwap_below,mom_3_negative,mom_accel_negative,NO_ichi_above,NO_bos_up,NO_bb_breakout_above",,,,,,,,,,,,,,,,,,,,,,,,,,,,,,,,,,,,,,,,,,,,,,,,,,,,,,,,,,,,,,,,,,,,,,,,,,,,,,,,,,,,,,,,,,,,,,,,,,,,,,,,,,,,,,,,,,,,,,,,,,,,,,,,,,,,,,,,,,,,,,,,,,,,,,,,,,,,,,,,,,,,,,,,,,,,,,,,,,,,,,,,,,,,,,
2026-07-19T20:11:21.907591+00:00,ZEREBROUSDT,0.042833,0.057,3.259513429408276,23.917697051700728,0,12.777777777777786,26.44428044280443,50.0,0.0,0.0,0.0,0.0,0.057,0.0,23.917697051700728,1.0,3.259513429408276,1.0,0.0,1.0,-0.9962093195266132,12.777777777777786,26.44428044280443,28.33473154362416,0.6596965969659863,0.0,0.0,1.0,0.0,0.7186526206572345,0.0,0.0,0.5,0.0,0.0,1,200,27.0,41.0,SHORT,41.0,9,5,"atr_just_expanding,bos_up,bb_breakout_above,vwap_above,atr_pct_elevated,mom_12_positive,NO_ichi_below,NO_obi_bearish,rsi_50_70","fib_far_0.618,fib_far_0.5,fib_far_0.382,atr_expanding,NO_ichi_above",,,,,,,,,,,,,,,,,,,,,,,,,,,,,,,,,,,,,,,,,,,,,,,,,,,,,,,,,,,,,,,,,,,,,,,,,,,,,,,,,,,,,,,,,,,,,,,,,,,,,,,,,,,,,,,,,,,,,,,,,,,,,,,,,,,,,,,,,,,,,,,,,,,,,,,,,,,,,,,,,,,,,,,,,,,,,,,,,,,,,,,,,,,,,,
2026-09-29T23:12:19.385420+00:00,HBARUSDT,0.10347,0.464,5.050560336474761,-9.471222607206007,0,-12.742452352841962,-15.216322517207464,48.41628412875362,0.0,-0.0008142498685039844,0.0,0.0,0.464,0.0,-9.471222607206007,0.0,5.050560336474761,0.0,0.0,0.0,-0.5669805881222307,-12.742452352841962,-15.216322517207464,7.949921752738656,-9.90731633186524,1.0,0.0,1.0,0.0,0.4444262253906011,0.0,0.0,0.5,0.0,-0.796985983521162,1,200,51.0,38.0,LONG,51.0,8,6,"ichi_above_cloud,bos_up,5m_volume_spike,5m_rvol>4,atr_pct_elevated,fib_dist_0.5<8%,mom_12_positive,NO_ichi_below","vwap_below,5m_volume_spike,obi_bearish,cvd_negative,mom_accel_negative,NO_bb_breakout_above",-0.796985983521162,NEUTRAL,0.1625095463642625,0.17875144860016673,0.33007888601835,2.059794586434498,-0.1675693396540875,0.0,-0.5669805881222307,50.0,25.0,0.3139827802048772,0.0,0.0,0.0,1.033,79.34705711800528,0.019258479999999967,-0.02338152000000003,1.0326471440997358,5.895428626655063,10.75821010921039,17.681492219967136,5.676,86.0,1.0,0.0,0.0,correction,none,down,fib_0.382,above,green,bearish,1.0,58.333333333333385,56.55555555555562,1.0,0.0,0.0,55.0,51.36563742460706,64.49888066444464,0.0,40.0,-41.66666666666661,0.0,0.0,50.0,35.49979471608768,0.0,0.0,50.0,0.00857852941176468,1.0,0.0,60.0,13.746140248836113,1.0,63.74614024883611,51.92844580078669,0.0,50.0,4.031510658016688,1.0,66.12604263206676,26.20071235426815,1.0,0.0,21.319207780627945,15.188667164754834,75.0,88.0,60.0,70.0,1.0,0.2156191356959273,0.0,1.0,70.0,1.0,1.062052505966587,0.9514717581543357,70.0,0.19859044040295365,1.0,13.046730519593028,70.0,42.664420992760654,25.599085594273575,1.0,70.0,0.20331173372282904,1.0,70.3311733722829,61.20612130357007,0.0,0.0,50.0,-0.06837280101145489,0.0,45.0,0.48731460230505963,0.12181640466052815,65.0,-0.11227145852411324,0.019047931139584442,65.0,0.0044040946207607725,1.0,65.0,-4.386081541993389e-05,0.0,40.0,0.015337505119245379,0.0025813181248839964,65.0,0.22797833333333334,0.21275833333333333,0.22036833333333333,0.0,0.0,55.0,0.237,0.207,0.22199999999999998,0.0,0.0,50.0,3.14324987289153,43.71350025421694,25.667748444143626,0.0,50.0,0.6050799613907657,0.019299430666787847,0.0,1.0,2.0,0.15,0.0,0.42354719262449936,-80173.0,-33105.0,-5.1408492193832815,0.0,futures_oi,0.0001,0.0,0.0,0.0,0.0,0.0,0.0,0.0,0.0,12.0,60.0,1.0,0.0,0.0,0.0,False,False,0.0,0.0,0.0,0.0,0.0,0.0,0.0,0.0,0.0,332637.0,0.0,0.0,0.0,-14.7366,True,0.0,0.0,0.0,,0.0,50.0,50.0,50.0,,1.0
2026-09-29T23:12:19.385420+00:00,XLMUSDT,0.2245,0.473,3.4652888280170733,0.8389047930453092,0,-3.9366709456568194,-3.3993115318416485,54.17220661138212,0.0,0.000227862497977458,-1.0,1.0,0.473,0.0,0.8389047930453092,1.0,3.4652888280170733,0.0,0.0,0.0,1.629696695337253,-3.9366709456568194,-3.3993115318416485,4.031510658016688,-4.496051324314305,1.0,0.0,0.0,0.0,0.5836794904031517,0.0,1.0,0.5,0.0,-0.796985983521162,1,200,19.0,0.0,NEUTRAL,19.0,9,4,"ichi_above_cloud,vwap_above,atr_pct_elevated,fib_dist_0.618<8%,fib_dist_0.5<8%,mom_12_positive,NO_ichi_below,NO_obi_bearish,rsi_50_70","mom_3_negative,mom_accel_negative,NO_bos_up,NO_bb_breakout_above",-0.796985983521162,NEUTRAL,0.6279134708717415,0.5948403446235789,0.7174116116287683,2.2124996245443906,-0.08949814075702678,0.0,1.629696695337253,50.0,25.0,0.286560173492295,0.0,0.0,0.0,1.255,74.89354120267242,0.3018818,0.3419818,1.2553229398663788,3.3630289532294113,5.470734966592432,8.471536748329632,3.563,86.0,1.0,0.0,0.0,correction,none,up,fib_0.382,above,green,bearish,0.0,65.9574468085217,52.59806050079634,1.0,0.0,0.0,55.0,55.32053758610548,41.90247078948261,1.0,60.0,-34.042553191478305,0.0,0.0,50.0,78.63552977327213,0.0,0.0,50.0,0.00014544117647075083,1.0,0.0,60.0,16.092680109930484,1.0,66.09268010993048,51.858346853272494,0.0,50.0,0.024996000639905962,1.0,50.09998400255962,21.544021151194467,0.0,0.0,20.135123279000354,16.107076138181355,65.0,76.0,4.0,70.0,1.0,1.000546688,1.0,0.0,30.0,0.0,1.1017699115043968,0.8539823008848931,70.0,1.0008702222118633,0.0,-0.04598220644892359,30.0,0.2350428660911312,0.1681347184139401,1.0,70.0,0.00083983802960376,1.0,50.083983802960375,53.611970119539386,0.0,0.0,50.0,0.12230623492570135,1.0,70.0,1.2907968458995607,-0.04245146789729638,35.0,0.22801880649739723,0.00032213245931544986,65.0,2.620296176721666e-06,1.0,65.0,1.6141418390470205e-06,1.0,60.0,-4.763677768781669e-05,-4.402029857317361e-06,35.0,1.0004096666666666,1.0001326666666668,1.0002711666666668,1.0,0.0,70.0,1.00057,1.00007,1.0003199999999999,0.0,0.0,50.0,0.00771023267265709,49.984579534654685,24.472261461171158,0.0,50.0,,,,,,,,,,,,,,,,,,,,,,,,,,0.0,0.0,0.0,False,False,0.0,0.0,0.0,0.0,0.0,0.0,0.0,0.0,0.0,406489.0,0.0,0.0,0.0,-0.45174,True,0.0,0.0,0.0,,0.0,50.0,50.0,50.0,,1.0
2026-09-29T23:12:19.385420+00:00,USDCUSDT,1.00041,0.62,0.015177491410973912,0.009749779299725887,0,0.0029988604330328963,-0.003998200809639662,58.208999803795514,0.0,6.722146922189571e-06,0.0,1.0,0.62,0.0,0.009749779299725887,1.0,0.015177491410973912,0.0,0.0,0.0,0.0029988604330328963,0.0029988604330328963,-0.003998200809639662,0.024996000639905962,0.009995711849896756,0.0,1.0,1.0,1.0,0.5066726645673878,0.0,0.0,0.5,0.0,-0.796985983521162,1,200,40.0,0.0,LONG,40.0,10,1,"early_calm_accel,ichi_above_cloud,bos_up,fib_dist_0.618<8%,fib_dist_0.5<8%,mom_3_low_positive,mom_12_positive,NO_ichi_below,NO_obi_bearish,rsi_50_70",NO_bb_breakout_above,-0.796985983521162,NEUTRAL,0.22113184908825462,0.14804374704228754,0.1741803603323461,0.0024370229221233053,0.046951488755908516,0.0,0.0029988604330328963,50.0,0.0,0.5,0.0,0.0,0.0,0.002,99.73182994972038,1.0018158599999998,1.0025858599999997,0.013408502513980852,0.022490778780691886,0.031573055047425115,0.044503753461083345,0.02,67.0,1.0,0.0,0.0,none,none,up,fib_0.236,above,red,bullish,0.0,23.77285851780558,23.35740020768958,1.0,0.0,0.0,55.0,18.37102645230124,20.73879827407951,0.0,65.0,-76.22714148219441,0.0,0.0,50.0,-72.5096694859772,0.0,0.0,50.0,0.0031126470588235255,1.0,0.0,60.0,3.08708079063092,1.0,53.08708079063092,47.10984941759542,0.0,50.0,-9.801762114537436,0.0,10.792951541850258,24.893577212041908,0.0,0.0,21.877863511757447,19.662602835240865,65.0,44.0,0.0,55.0,1.0,0.46890176,0.0,1.0,70.0,1.0,0.8097939683487608,1.264257987458943,35.0,0.42180807741996174,1.0,16.498480305475745,70.0,62.666353477614,126.59668093248519,0.0,40.0,0.2779469547823469,1.0,77.79469547823469,20.147204976004062,0.0,0.0,60.0,-0.25522032093697433,0.0,30.0,-0.09277864660268254,-0.04070883428970112,35.0,-0.3551231105163867,-0.008299389878068046,35.0,-0.005166005063081834,0.0,35.0,5.897800516666759e-05,1.0,60.0,0.013465527863695998,0.00011731671263310646,65.0,0.54328,0.49221000000000004,0.517745,0.0,1.0,35.0,0.5883,0.4667,0.5275000000000001,0.0,0.0,50.0,12.786928744642218,24.426142510715565,26.278935512633204,0.0,50.0,,,,,,,,,,,,,,,,,,,,,,,,,,0.0,0.0,0.0,False,False,0.0,0.0,0.0,0.0,0.0,0.0,0.0,0.0,0.0,257613.0,0.0,0.0,0.0,-0.00795,True,0.0,0.0,0.0,,0.0,50.0,50.0,50.0,,1.0
2026-09-29T23:12:19.385420+00:00,WLDUSDT,0.4914,0.323,4.8614014427666,-6.252268029812042,0,-2.7700831024930666,0.0,48.330269504344706,0.0,-0.00562584808493243,0.0,0.0,0.323,0.0,-6.252268029812042,0.0,4.8614014427666,0.0,0.0,0.0,-0.4053506282934742,-2.7700831024930666,0.0,-9.801762114537436,-5.619085951495907,1.0,0.0,0.0,0.0,0.26112334416832694,1.0,0.0,0.5,0.0,-0.796985983521162,1,200,13.0,26.0,SHORT,26.0,6,6,"ichi_above_cloud,atr_pct_elevated,fib_dist_0.618<8%,fib_dist_0.5<8%,NO_ichi_below,NO_obi_bearish","early_calm_atr_spike,vwap_below,mom_3_negative,mom_accel_negative,NO_bos_up,NO_bb_breakout_above",-0.796985983521162,NEUTRAL,0.6014437199406666,0.42079635982618,0.5329735143925569,2.8928517451583895,0.06847020554810967,0.0,-0.4053506282934742,50.0,25.0,0.5183866681108499,0.0,0.0,0.0,0.6,87.99348799348796,0.09637779999999985,-0.09152220000000016,3.9117216117216165,0.600325600325602,5.11237281237282,11.536304436304448,2.305,78.0,1.0,0.0,0.0,correction,none,down,fib_0.500,above,green,bearish,0.0,21.99393270821842,10.382748823704956,1.0,0.0,0.0,55.0,43.49807968407851,22.007250541507858,1.0,60.0,-78.00606729178158,0.0,0.0,50.0,-114.78125483669751,1.0,0.0,60.0,-3.7361176470588333,0.0,0.0,65.0,-24.055953502953553,0.0,25.944046497046447,47.9240456305325,0.0,50.0,-5.70730962917748,0.0,27.17076148329008,34.021902475777566,1.0,0.0,10.02364347289168,30.73040454550379,55.0,36.0,100.0,35.0,0.0,89.51848895204809,1.0,0.0,30.0,0.0,0.777051300474206,1.2574364132777696,35.0,79.99183400742811,1.0,8.14353874167578,70.0,-54.52612808980986,-39.54706543735503,0.0,35.0,-0.20254730826976802,0.0,29.745269173023196,22.210340905770977,0.0,0.0,60.0,-0.17935286114334617,0.0,30.0,1.2107389831557493,-0.11279237704833589,35.0,0.9605523828975429,-0.022486476906803863,35.0,-0.0066532667793118795,0.0,35.0,-4108.577822295068,0.0,40.0,0.0022923553936256935,-0.0015926677537264613,35.0,91.55763333333333,87.90723333333334,89.73243333333332,0.0,1.0,35.0,93.935,84.911,89.423,0.0,0.0,50.0,5.405382305186879,39.18923538962624,24.269304508893477,0.0,50.0,,,,,,,,,,,,,,,,,,,,,,,,,,0.0,0.0,0.0,False,False,0.0,0.0,0.0,0.0,0.0,0.0,0.0,0.0,0.0,103098.0,0.0,0.0,0.0,1.11298,True,0.0,0.0,0.0,,0.0,50.0,50.0,50.0,,1.0
2026-09-29T23:12:19.385420+00:00,HYPEUSDT,86.506,0.682,2.18907797805202,-2.97714680576478,0,-2.409692922091103,-1.1631095470956545,38.2592024026165,0.0,-0.3405370786374271,0.0,0.0,0.682,0.0,-2.97714680576478,0.0,2.18907797805202,0.0,0.0,0.0,1.6079965232507603,-2.409692922091103,-1.1631095470956545,-5.70730962917748,-3.6870568451293497,0.0,0.0,0.0,0.0,0.5533162061177608,0.0,1.0,0.5,0.0,-0.796985983521162,1,200,5.0,12.0,NEUTRAL,12.0,3,7,"fib_dist_0.618<8%,fib_dist_0.5<8%,NO_obi_bearish","ichi_below_cloud,vwap_below,mom_3_negative,mom_accel_negative,NO_ichi_above,NO_bos_up,NO_bb_breakout_above",-0.796985983521162,NEUTRAL,0.6872127832158424,0.6936647095029003,0.6751477655140574,1.5121276707816849,0.01206501770178503,0.0,1.6079965232507603,50.0,25.0,0.5205557096475052,0.0,0.0,0.0,1.735,0.0,63.684458,50.56545800000001,3.949388481723818,5.738908283818465,7.528428085913111,10.076218990590244,5.92,51.0,0.0,1.0,0.0,correction,none,down,fib_0.236,below,green,bearish,0.0,18.003913894324832,12.41120111416627,1.0,0.0,1.0,75.0,8.052285679110808,4.192858293633728,1.0,85.0,-81.99608610567518,1.0,0.0,70.0,-97.86516124845862,0.0,0.0,50.0,-0.003922058823529362,0.0,0.0,50.0,4.81936184943081,1.0,54.81936184943081,45.05359949974161,0.0,50.0,-7.302752293577992,0.0,20.788990825688032,40.861350446938516,1.0,0.0,21.919847910925817,15.70188565735231,75.0,48.0,96.0,35.0,0.0,0.2686909316676455,1.0,0.0,30.0,0.0,0.8800259403372241,1.1582360570687418,35.0,0.28073767958596363,0.0,-10.022765603627391,30.0,76.28122912504361,148.37183541332377,0.0,40.0,0.3255674240133417,1.0,82.55674240133416,21.59171926335948,0.0,0.0,60.0,-0.10691062463900537,0.0,30.0,1.1678981958632884,-0.01246820514772722,35.0,-0.39759873250909067,-0.036318318929250075,35.0,-0.0033365991249611356,0.0,35.0,0.0003982637849766426,1.0,60.0,0.08350689892976244,-0.0015184074482431447,35.0,0.27425499999999997,0.25361500000000003,0.263935,0.0,1.0,35.0,0.2945,0.2434,0.26895,0.0,0.0,50.0,9.858267854298361,30.283464291403277,24.27415708384777,0.0,50.0,,,,,,,,,,,,,,,,,,,,,,,,,,0.0,0.0,0.0,False,False,0.0,0.0,0.0,0.0,0.0,0.0,0.0,0.0,0.0,200623.0,0.0,0.0,0.0,-0.96395,True,0.0,0.0,0.0,,0.0,50.0,50.0,50.0,,1.0
2026-09-29T23:12:19.385420+00:00,ENAUSDT,0.2526,0.333,4.120003484450697,-4.73046117553362,1,-0.8244994110718458,-1.5204678362573156,48.409751846169414,0.0,-0.003767101304518298,0.0,0.0,0.333,0.0,-4.73046117553362,0.0,4.120003484450697,0.0,1.0,0.0,0.9996001599360266,-0.8244994110718458,-1.5204678362573156,-7.302752293577992,-0.1227450251069242,1.0,0.0,0.0,0.0,0.4463766497272934,0.0,0.0,0.5,0.0,-0.796985983521162,1,200,13.0,21.0,NEUTRAL,21.0,6,5,"ichi_above_cloud,atr_pct_elevated,fib_dist_0.618<8%,fib_dist_0.5<8%,NO_ichi_below,NO_obi_bearish","early_calm_atr_spike,vwap_below,mom_3_negative,NO_bos_up,NO_bb_breakout_above",-0.796985983521162,NEUTRAL,0.4768645693550902,0.37366755666659546,0.4381870076961049,1.8154367015968427,0.03867756165898528,0.0,0.9996001599360266,50.0,25.0,0.604792910598324,0.0,0.0,0.0,2.07,67.15162311955659,0.44982799999999995,0.545828,2.069675376088682,2.414885193982579,6.89944576405384,13.2842438638163,9.986,100.0,1.0,0.0,0.0,correction,none,up,fib_0.382,above,green,bullish,0.0,41.91410730215363,36.29364760092058,1.0,0.0,0.0,55.0,93.62106001975158,64.19860047938977,1.0,35.0,-58.08589269784637,0.0,0.0,50.0,-26.81564157063908,0.0,0.0,50.0,-70.3846764705886,0.0,0.0,65.0,-43.74086793528393,0.0,6.25913206471607,60.57111287888956,0.0,50.0,-1.660181704187082,0.0,43.35927318325167,41.0800907429218,1.0,0.0,15.625197595430201,29.995475142579973,55.0,0.0,68.0,50.0,0.0,4191.426727995812,1.0,0.0,30.0,0.0,0.7569491103645639,1.2218489486126654,35.0,4255.47998481894,0.0,-1.5887745932334896,30.0,-27.73071963040512,-22.977735767812028,0.0,35.0,-0.11419580855131502,0.0,38.5804191448685,36.752261954773836,0.0,0.0,50.0,-0.18800727113109475,0.0,30.0,-1.6503301939669448,0.20081666242442414,65.0,-0.5238177168019924,0.0700589771514593,65.0,-0.0006596957300291205,0.0,35.0,140079013.3054487,1.0,60.0,-0.01537680636678345,0.0003564361609374233,65.0,4229.437,4187.5509999999995,4208.494000000001,0.0,0.0,50.0,4281.19,4122.09,4201.639999999999,0.0,0.0,50.0,2.6352400261598925,44.72951994768022,23.922085916952327,0.0,50.0,,,,,,,,,,,,,,,,,,,,,,,,,,0.0,0.0,0.0,False,False,0.0,0.0,0.0,0.0,0.0,0.0,0.0,0.0,0.0,115879.0,0.0,0.0,0.0,-1.36589,True,0.0,0.0,0.0,,0.0,50.0,50.0,50.0,,1.0
2026-09-29T23:12:19.385420+00:00,PAXGUSDT,4187.87,0.521,0.5473236603919961,0.15504848145651126,0,0.5551353622666401,1.1760755123587052,40.2613272592582,0.0,2.4064877540359717,0.0,-1.0,0.521,0.0,0.15504848145651126,1.0,0.5473236603919961,0.0,0.0,0.0,0.09464830744447267,0.5551353622666401,1.1760755123587052,-1.660181704187082,-0.06237675967027034,0.0,0.0,0.0,1.0,0.5091017576275914,0.0,0.0,0.5,0.0,-0.796985983521162,1,200,10.0,0.0,NEUTRAL,10.0,4,4,"fib_dist_0.618<8%,fib_dist_0.5<8%,mom_3_low_positive,NO_obi_bearish","ichi_below_cloud,NO_ichi_above,NO_bos_up,NO_bb_breakout_above",-0.796985983521162,NEUTRAL,0.5362895842010381,0.5271043322005109,0.49609776503932185,0.29490310743363723,0.04019181916171627,0.0,0.09464830744447267,50.0,0.0,0.5,0.0,0.0,0.0,0.169,86.03466678765086,3719.6125,3470.8625,0.6982666606174569,1.3991599548219082,2.10005324902636,3.097935227215749,0.671,22.0,0.0,1.0,0.0,none,none,down,fib_0.236,below,red,bearish,0.0,27.745664739884393,28.51637764932561,0.0,0.0,0.0,45.0,27.92446315587458,33.87486818489569,0.0,40.0,-72.25433526011561,0.0,0.0,50.0,-69.69587012323807,0.0,0.0,50.0,-0.007257647058823508,0.0,0.0,65.0,-1.8048550911157268,0.0,48.195144908884274,45.60725100422292,0.0,50.0,-9.450726978998375,0.0,12.1970920840065,25.778675839809342,1.0,0.0,16.89495203670989,19.60885458586265,55.0,20.0,80.0,35.0,0.0,0.2354,1.0,0.0,30.0,0.0,0.8919298245614035,1.0996491228070175,35.0,0.1966221644403067,1.0,14.025802044339605,70.0,8.781011632606761,58.351671938471426,0.0,40.0,0.10386122664168662,1.0,60.38612266416866,27.272672394255963,0.0,0.0,60.0,-0.21277600099419047,0.0,30.0,0.5127740053224684,-0.05390864916610493,35.0,0.19579839831043436,-0.015520561851942087,35.0,-0.006583911546254937,0.0,35.0,0.0005400203317654903,1.0,60.0,0.05084038168000931,-0.0005746356388240616,35.0,0.24445666666666668,0.22509666666666667,0.2347766666666667,0.0,1.0,35.0,0.2595,0.2146,0.23705,0.0,0.0,50.0,8.407312657509197,33.18537468498161,24.644030148756837,0.0,50.0,,,,,,,,,,,,,,,,,,,,,,,,,,0.0,0.0,0.0,False,False,0.0,0.0,0.0,0.0,0.0,0.0,0.0,0.0,0.0,0.0,0.0,0.0,0.0,0.0,False,0.0,0.0,0.0,,0.0,50.0,50.0,50.0,,0.0
2026-09-29T23:12:19.385420+00:00,FETUSDT,0.2242,1.018,4.469663810770909,-3.5031891098691483,1,-4.433077578857627,-0.22251891410769933,46.32354593648698,0.0,-0.00225233459906866,0.0,0.0,1.018,0.0,-3.5031891098691483,0.0,4.469663810770909,0.0,1.0,0.0,-0.8841732979664021,-4.433077578857627,-0.22251891410769933,-9.450726978998375,-8.838952078190067,0.0,0.0,0.0,0.0,0.3806085489935863,1.0,0.0,0.5,0.0,-0.796985983521162,1,200,13.0,26.0,SHORT,26.0,6,6,"ichi_above_cloud,atr_pct_elevated,fib_dist_0.618<8%,fib_dist_0.5<8%,NO_ichi_below,NO_obi_bearish","early_calm_atr_spike,vwap_below,mom_3_negative,mom_accel_negative,NO_bos_up,NO_bb_breakout_above",-0.796985983521162,NEUTRAL,0.8480226120415949,0.72862264482726,0.690643967442732,3.41134213858095,0.15737864459886286,0.0,-0.8841732979664021,50.0,25.0,0.5012442760854668,0.0,0.0,0.0,0.424,91.52542372881351,0.07921980000000002,0.010319800000000046,3.2025869759143606,0.4237288135593249,4.050044603032998,9.212934879571806,7.226,100.0,1.0,0.0,0.0,correction,none,down,fib_0.500,above,green,bullish,0.0,12.867012089810038,14.047207829591265,0.0,0.0,1.0,65.0,0.5751839684034251,7.1864189267380905,0.0,65.0,-87.13298791018997,1.0,0.0,70.0,-97.27463312368872,0.0,0.0,50.0,-0.0163761764705882,0.0,0.0,50.0,0.6398603840640383,1.0,50.639860384064036,51.52903302729588,0.0,50.0,-13.85347611762706,0.0,10.0,30.987781724688457,1.0,0.0,16.90719305451588,18.187064193780703,55.0,60.0,80.0,35.0,0.0,0.5813141326965918,1.0,0.0,30.0,0.0,0.9261252446183953,1.106409001956947,35.0,0.4376198033787311,1.0,15.808287487711805,70.0,44.8599152777889,97.28974595383285,0.0,40.0,0.19643511071705286,1.0,69.64351107170529,34.481910735697966,0.0,0.0,50.0,-0.06724440428576173,0.0,45.0,0.6415009834405474,0.01087436644752328,65.0,0.24893388779395542,0.026398725357823387,65.0,-0.008461954156411844,0.0,35.0,0.0007251118204500503,1.0,60.0,0.11086447658877861,-8.77443910003637e-05,35.0,0.556355,0.507125,0.5317399999999999,0.0,1.0,35.0,0.6077,0.4919,0.5498000000000001,0.0,0.0,50.0,11.05187188470348,27.89625623059304,24.396265542908484,0.0,50.0,,,,,,,,,,,,,,,,,,,,,,,,,,0.0,0.0,0.0,False,False,0.0,0.0,0.0,0.0,0.0,0.0,0.0,0.0,0.0,248266.0,0.0,0.0,0.0,0.43021,True,0.0,0.0,0.0,,0.0,50.0,50.0,50.0,,1.0
2026-09-29T23:12:19.385420+00:00,ONDOUSDT,0.5068,0.382,4.6896236954397965,-4.886087438486501,1,-3.39306138009911,-2.4822012699634444,45.92771939678035,0.0,-0.006263540333845173,0.0,0.0,0.382,0.0,-4.886087438486501,0.0,4.6896236954397965,0.0,1.0,0.0,-0.8219178082191745,-3.39306138009911,-2.4822012699634444,-13.85347611762706,-4.335913025279003,0.0,0.0,0.0,0.0,0.43769760940813474,0.0,0.0,0.5,0.0,-0.796985983521162,1,200,13.0,26.0,SHORT,26.0,6,6,"ichi_above_cloud,atr_pct_elevated,fib_dist_0.618<8%,fib_dist_0.5<8%,NO_ichi_below,NO_obi_bearish","early_calm_atr_spike,vwap_below,mom_3_negative,mom_accel_negative,NO_bos_up,NO_bb_breakout_above",-0.796985983521162,NEUTRAL,0.6436513796383817,0.5227115047480976,0.49808560603469604,3.138143405732902,0.14556577360368567,0.0,-0.8219178082191745,50.0,25.0,0.4754733084881711,0.0,0.0,0.0,0.138,97.23756906077335,0.9364776,1.1396776,4.593054459352803,0.13812154696133266,4.869297553275447,11.6052091554854,6.368,100.0,1.0,0.0,0.0,correction,none,up,fib_0.500,above,green,bullish,0.0,71.97452229299364,74.2083127749566,0.0,0.0,0.0,45.0,65.37225682594217,56.15800326889902,1.0,60.0,-28.02547770700636,0.0,0.0,50.0,57.90921170544815,0.0,0.0,50.0,0.00030476470588235334,1.0,0.0,70.0,9.694340057617667,1.0,59.694340057617666,60.497296027644715,0.0,50.0,-0.7790368271954725,0.0,46.88385269121811,26.78638793299525,1.0,0.0,22.203638840407315,11.16523982213964,75.0,32.0,72.0,35.0,0.0,0.012935836000000001,0.0,1.0,70.0,1.0,1.0105540897097625,1.0277044854881268,40.0,0.015604579481894193,0.0,-10.218663590033714,30.0,24.30289729784748,45.0305942620738,0.0,40.0,0.15518981533415563,1.0,65.51898153341557,80.23981746932002,0.0,1.0,25.0,0.3621606248678986,1.0,70.0,0.9283956241652419,0.5118132659772187,65.0,0.478305111142466,0.3591640978285105,65.0,0.016129786990291342,1.0,65.0,-1.2076782222976092e-07,0.0,40.0,0.02097166917998683,0.010302173005180977,65.0,0.0142955,0.0131865,0.013741,0.0,0.0,55.0,0.01453,0.01288,0.013705,0.0,0.0,50.0,5.515957978721792,38.96808404255641,26.667803041358848,0.0,55.0,,,,,,,,,,,,,,,,,,,,,,,,,,0.0,0.0,0.0,False,False,0.0,0.0,0.0,0.0,0.0,0.0,0.0,0.0,0.0,225982.0,0.0,0.0,0.0,-1.5336,True,0.0,0.0,0.0,,0.0,50.0,50.0,50.0,,1.0
2026-09-29T23:12:19.385420+00:00,BABYUSDT,0.01401,0.051,3.5920731129564203,3.589670621529488,0,2.113702623906708,4.474272930648769,57.823041041954255,0.0,1.615306122427457e-05,0.0,1.0,0.051,0.0,3.589670621529488,1.0,3.5920731129564203,0.0,0.0,0.0,-0.7087172218284862,2.113702623906708,4.474272930648769,-0.7790368271954725,-0.19800505692848613,1.0,0.0,0.0,0.0,0.4129879879879873,0.0,0.0,0.5,0.0,-0.796985983521162,1,200,21.0,0.0,NEUTRAL,21.0,9,2,"ichi_above_cloud,vwap_above,atr_pct_elevated,fib_dist_0.618<8%,fib_dist_0.5<8%,mom_3_low_positive,NO_ichi_below,NO_obi_bearish,rsi_50_70","NO_bos_up,NO_bb_breakout_above",-0.796985983521162,NEUTRAL,0.3047087772228394,0.3698193109340011,0.3675271142799029,1.0987777327070336,-0.06281833705706352,0.0,-0.7087172218284862,50.0,25.0,0.4915569631234788,0.0,0.0,0.0,0.365,63.06602426837971,0.01844556,0.02086556,2.8867951463240593,4.925053533190589,6.963311920057104,9.86523911491792,5.55,100.0,1.0,0.0,0.0,correction,none,up,fib_0.236,above,green,bullish,0.0,60.61452513966486,48.70608776233422,1.0,0.0,0.0,55.0,78.20976535739626,58.62544461131405,1.0,60.0,-39.38547486033514,0.0,0.0,50.0,-46.53969633330945,0.0,0.0,50.0,-0.010726470588235393,0.0,0.0,65.0,-3.6187578410383745,0.0,46.381242158961626,53.717575490033305,0.0,50.0,-1.25851347349718,0.0,44.96594610601128,16.854936568914688,0.0,1.0,15.381292724818001,17.750670181430564,35.0,16.0,64.0,50.0,0.0,0.64634048,0.0,1.0,70.0,1.0,0.9559930515344525,1.129125651418645,35.0,0.6281980327257362,1.0,6.160790906386158,70.0,-19.131253891292648,-4.2693015071526705,0.0,35.0,-0.024934461067880834,0.0,47.506553893211915,40.910635778827526,0.0,0.0,50.0,-0.06639773262736376,0.0,45.0,3.2915842439273058,-0.017698940661356456,35.0,0.1888473638067622,-0.012358700609012318,35.0,-0.0015262476660145507,0.0,35.0,-0.000171197106629039,0.0,40.0,0.07713549488534197,-0.0001809607715995178,35.0,0.6855383333333334,0.6592483333333333,0.6723933333333334,0.0,0.0,50.0,0.702,0.6452,0.6736,0.0,0.0,50.0,4.819025032423821,40.36194993515236,23.61511413628799,0.0,50.0,,,,,,,,,,,,,,,,,,,,,,,,,,0.0,0.0,0.0,False,False,0.0,0.0,0.0,0.0,0.0,0.0,0.0,0.0,0.0,6301.0,0.0,0.0,0.0,5.60924,True,0.0,0.0,0.0,,0.0,50.0,50.0,50.0,,1.0
2026-09-29T23:12:19.385420+00:00,MNTUSDT,0.6669,0.315,2.006040305618989,-0.7296788220325453,1,-0.5665722379603272,0.28571428571428764,48.6431282042132,0.0,-0.0012158609219714784,0.0,0.0,0.315,0.0,-0.7296788220325453,0.0,2.006040305618989,0.0,1.0,0.0,0.15017269860339405,-0.5665722379603272,0.28571428571428764,-1.25851347349718,-1.4237150951031734,1.0,0.0,0.0,0.0,0.39152069524230726,0.0,0.0,0.5,0.0,-0.796985983521162,1,200,7.0,3.0,NEUTRAL,7.0,5,4,"ichi_above_cloud,fib_dist_0.618<8%,fib_dist_0.5<8%,NO_ichi_below,NO_obi_bearish","vwap_below,mom_3_negative,NO_bos_up,NO_bb_breakout_above",-0.796985983521162,NEUTRAL,0.454341006548076,0.4114258541917469,0.6487300203195466,1.6440025305459796,-0.1943890137714706,0.0,0.15017269860339405,50.0,25.0,0.4495255337365905,0.0,0.0,0.0,0.75,85.00524816314322,0.4863632,0.3987632,0.8002399160293941,0.749737591842839,2.2997150997150886,4.506462738041687,5.863,100.0,1.0,0.0,0.0,correction,none,down,fib_0.500,above,green,bullish,0.0,45.69288389513109,46.16729088639204,0.0,0.0,0.0,45.0,34.63578585615163,37.310369651992346,0.0,40.0,-54.30711610486891,0.0,0.0,50.0,-2.8311896821117544,0.0,0.0,50.0,0.0023100882352940916,1.0,1.0,70.0,8.739451519360179,1.0,58.73945151936018,51.15844102051484,0.0,50.0,-3.299762548104484,0.0,36.800949807582064,28.969987657778407,1.0,0.0,27.404933420006962,13.330980472698936,75.0,92.0,60.0,70.0,1.0,0.11252866,0.0,1.0,70.0,1.0,0.9699416778824586,1.0306564976820698,35.0,0.10548823491495851,1.0,11.955612960259232,70.0,39.843684776904595,60.50422268505464,0.0,40.0,0.17908691201737117,1.0,67.90869120173711,57.58100604738978,0.0,0.0,50.0,-0.1296571563342775,0.0,30.0,-0.05568151579026849,-0.07132064937943973,35.0,0.45575484776212954,-0.03865768176456637,35.0,-0.003090383632177216,0.0,35.0,2.9014568929884158e-05,1.0,60.0,0.0026851395717299937,0.0004159213514398263,65.0,0.12223616666666666,0.11393016666666667,0.11808316666666667,0.0,0.0,55.0,0.12535,0.112,0.118675,0.0,0.0,50.0,6.0748558316645465,37.85028833667091,26.244822725201086,0.0,50.0,,,,,,,,,,,,,,,,,,,,,,,,,,0.0,0.0,0.0,False,False,0.0,0.0,0.0,0.0,0.0,0.0,0.0,0.0,0.0,57396.0,0.0,0.0,0.0,0.18942,True,0.0,0.0,0.0,,0.0,50.0,50.0,50.0,,1.0
2026-09-29T23:12:19.385420+00:00,POLUSDT,0.1181,0.275,3.418937884136012,-0.019920025129745784,1,-1.14673139700344,0.9919616897554252,54.30284311456779,0.0,-0.000288599645210378,0.0,1.0,0.275,0.0,-0.019920025129745784,0.0,3.418937884136012,0.0,1.0,0.0,0.656268643995562,-1.14673139700344,0.9919616897554252,-3.299762548104484,-3.3102340479355457,0.0,0.0,0.0,0.0,0.3753652920682407,0.0,0.0,0.5,0.0,-0.796985983521162,1,200,8.0,0.0,NEUTRAL,8.0,7,4,"ichi_above_cloud,atr_pct_elevated,fib_dist_0.618<8%,fib_dist_0.5<8%,NO_ichi_below,NO_obi_bearish,rsi_50_70","mom_3_negative,mom_accel_negative,NO_bos_up,NO_bb_breakout_above",-0.796985983521162,NEUTRAL,0.647684747299485,0.6048162030279953,0.5964885462026718,1.8436885603413156,0.05119620109681322,0.0,0.656268643995562,50.0,25.0,0.4859515407367998,0.0,0.0,0.0,1.045,66.9700254022015,0.16659281999999997,0.19208281999999993,2.1059949195597,4.652836579170195,7.199678238780689,10.825690093141406,1.952,93.0,1.0,0.0,0.0,correction,none,up,fib_0.236,above,green,bullish,0.0,20.610687022900738,14.353225751986857,1.0,0.0,0.0,55.0,28.607458134407853,19.307398432791643,1.0,60.0,-79.38931297709927,0.0,0.0,50.0,-93.48781076514595,0.0,0.0,50.0,-4.095794117647053,0.0,0.0,50.0,-9.310737671851276,0.0,40.68926232814872,43.155218695572465,0.0,50.0,-10.443407234539096,0.0,10.0,26.29963004638089,1.0,0.0,12.988881490624863,23.461915947085906,55.0,28.000000000000004,84.0,35.0,0.0,64.15408979478626,1.0,0.0,30.0,0.0,0.8259097525473074,1.2113537117903928,35.0,53.55280900056854,1.0,14.653182803815486,70.0,-16.023907636873325,44.3452716571246,0.0,35.0,-0.01843480151081869,0.0,48.15651984891813,18.33777241906951,1.0,0.0,75.0,-0.2823895305624745,0.0,30.0,1.4756130201097901,-0.03411813460930541,35.0,-0.6384840165331722,-0.03209448622771495,35.0,-0.014502347769404813,0.0,35.0,15636.571123332333,1.0,60.0,0.14208443427750683,-0.006838517464192577,35.0,68.60383333333333,63.38583333333334,65.99483333333333,0.0,1.0,35.0,73.6,59.24,66.42,0.0,0.0,50.0,11.072034658112079,27.855930683775842,24.977932782747814,0.0,50.0,,,,,,,,,,,,,,,,,,,,,,,,,,0.0,0.0,0.0,False,False,0.0,0.0,0.0,0.0,0.0,0.0,0.0,0.0,0.0,664519.0,0.0,0.0,0.0,1.75366,True,0.0,0.0,0.0,,0.0,50.0,50.0,50.0,,1.0
2026-09-29T23:12:19.385420+00:00,DASHUSDT,61.4,0.176,4.181269739846481,-7.22431965128592,0,-1.4129736673089315,-6.345332519829169,43.61748721199977,0.0,-0.8163147922542267,0.0,0.0,0.176,0.0,-7.22431965128592,0.0,4.181269739846481,0.0,0.0,0.0,1.069958847736623,-1.4129736673089315,-6.345332519829169,-10.443407234539096,3.590076973325603,1.0,0.0,0.0,0.0,0.5615245261984377,0.0,1.0,0.5,0.0,-0.796985983521162,1,200,26.0,17.0,LONG,26.0,5,7,"5m_volume_spike,5m_rvol>4,atr_pct_elevated,fib_dist_0.5<8%,NO_ichi_below","vwap_below,5m_volume_spike,obi_bearish,mom_3_negative,NO_ichi_above,NO_bos_up,NO_bb_breakout_above",-0.796985983521162,NEUTRAL,0.6379289613056318,0.523465871535925,0.5232445000037657,2.468176855554988,0.11468446130186616,0.0,1.069958847736623,85.0,68.0,0.588,1.499,0.48,1.0,0.761,0.0,30.193560000000016,13.613560000000028,3.1816938110749238,6.368078175895772,9.554462540716619,14.091009771986968,2.329,73.0,0.0,0.0,1.0,impulse_5,wave_5_in_progress,down,fib_0.236,inside,green,bullish,1.0,39.28354584092282,33.859542602712075,1.0,0.0,0.0,55.0,87.83963558020577,59.661832094538006,1.0,35.0,-60.71645415907718,0.0,0.0,50.0,-29.522543791274302,0.0,0.0,50.0,-76.36264705882331,0.0,0.0,65.0,-46.26586200541684,0.0,3.7341379945831576,58.42195843590258,0.0,50.0,-1.8654527535959828,0.0,42.53818898561607,41.05151572902185,1.0,0.0,15.659546645809222,31.021566357451512,55.0,0.0,68.0,50.0,0.0,4189.31061242844,1.0,0.0,30.0,0.0,0.7359154929577462,1.243460764587526,35.0,4248.711672679657,0.0,-1.5654550791795203,30.0,-29.25936496011469,-23.97687039017906,0.0,35.0,-0.1206837563009411,0.0,37.93162436990589,25.207534692525016,0.0,0.0,60.0,-0.3861290002789719,0.0,30.0,-3.5002854821240836,0.1758088827253704,65.0,-0.8909293235711859,0.022328542395367496,65.0,-0.0017332749609657264,0.0,35.0,379356816.09575135,1.0,60.0,-0.02677396562602786,0.00012178321822565095,65.0,4227.413333333333,4186.033333333334,4206.723333333333,0.0,1.0,35.0,4282.5,4117.5,4200.0,0.0,0.0,50.0,2.765893827293514,44.46821234541297,23.880777539510422,0.0,50.0,0.4272987181919189,0.016280016280013042,0.0,1.0,0.0,0.0,0.0,1.0,-9.197000000000001,10.135,-1.785786201868209,0.0,futures_oi,5e-05,0.0,0.0,0.0,0.0,0.0,0.0,0.0,0.0,10.891568234765192,50.0,1.0,0.0,0.0,0.0,False,False,0.0,0.0,0.0,0.0,0.0,0.0,0.0,0.0,0.0,0.0,0.0,0.0,0.0,0.0,False,0.0,0.0,0.0,,0.0,50.0,50.0,50.0,,0.0
2026-09-29T23:12:19.385420+00:00,XAUTUSDT,4182.2,0.328,0.5382101401012789,0.1553065989490475,0,0.5795916404126753,1.1634938680728442,39.108665774346285,0.0,2.0709608360936755,0.0,-1.0,0.328,0.0,0.1553065989490475,1.0,0.5382101401012789,0.0,0.0,0.0,0.08854852219695629,0.5795916404126753,1.1634938680728442,-1.8654527535959828,-0.0009458405384386026,0.0,0.0,0.0,1.0,0.5025782404729736,0.0,0.0,0.5,0.0,-0.796985983521162,1,200,10.0,0.0,NEUTRAL,10.0,4,4,"fib_dist_0.618<8%,fib_dist_0.5<8%,mom_3_low_positive,NO_obi_bearish","ichi_below_cloud,NO_ichi_above,NO_bos_up,NO_bb_breakout_above",-0.796985983521162,NEUTRAL,0.5268653855494634,0.5150529289502225,0.49905424111496316,0.3005304401096681,0.027811144434500223,0.0,0.08854852219695629,50.0,0.0,0.5,0.0,0.0,0.0,0.096,83.95562144325949,3701.3504000000003,3444.1504000000004,0.8022189278370256,1.527903973984997,2.253589020132947,3.2867677299029276,0.646,22.0,0.0,1.0,0.0,none,none,down,fib_0.236,below,red,bearish,0.0,27.82608695652174,26.3631859284033,1.0,0.0,0.0,55.0,16.200945188177464,19.668977995908328,0.0,65.0,-72.17391304347827,0.0,0.0,50.0,-67.20094110727126,0.0,0.0,50.0,-0.011808823529411816,0.0,0.0,50.0,2.754000151358298,1.0,52.7540001513583,55.250240425704376,0.0,50.0,-6.326034063260345,0.0,24.69586374695862,22.427826441749204,0.0,0.0,17.069502413299556,17.753799567270644,45.0,40.0,80.0,35.0,0.0,1.8658708,0.0,1.0,70.0,1.0,0.9036885245901641,1.1147540983606554,35.0,2.1248660330652047,0.0,-9.406053367839377,30.0,21.25728816831296,51.231950058846934,0.0,40.0,0.14472804036448864,1.0,64.47280403644886,26.83502318420308,0.0,0.0,60.0,-0.1021439032179968,0.0,30.0,0.6302317688658178,-0.033384663912119326,35.0,0.02538586209591273,0.02334946102767201,65.0,-0.0038863427547842617,0.0,35.0,0.6481360276682421,1.0,60.0,0.03535208413095962,-0.0002537635220618064,35.0,2.03945,1.9039499999999996,1.9716999999999998,0.0,0.0,50.0,2.095,1.861,1.9780000000000002,0.0,0.0,50.0,5.935065215716979,38.12986956856604,25.11107486622305,0.0,50.0,,,,,,,,,,,,,,,,,,,,,,,,,,0.0,0.0,0.0,False,False,0.0,0.0,0.0,0.0,0.0,0.0,0.0,0.0,0.0,34205.0,0.0,0.0,0.0,1.23367,True,0.0,0.0,0.0,,0.0,50.0,50.0,50.0,,1.0
2026-09-29T23:12:19.385420+00:00,RENDERUSDT,1.925,0.443,3.457861207654079,-2.5288590643291373,1,-2.3833671399594287,-1.2314007183170868,49.130568720195164,0.0,-0.012716925359489793,0.0,0.0,0.443,0.0,-2.5288590643291373,0.0,3.457861207654079,0.0,1.0,0.0,0.46972860125261584,-2.3833671399594287,-1.2314007183170868,-6.326034063260345,-3.563459495013298,0.0,0.0,0.0,0.0,0.39535026830108855,1.0,0.0,0.5,0.0,-0.796985983521162,1,200,13.0,8.0,NEUTRAL,13.0,6,5,"ichi_above_cloud,atr_pct_elevated,fib_dist_0.618<8%,fib_dist_0.5<8%,NO_ichi_below,NO_obi_bearish","vwap_below,mom_3_negative,mom_accel_negative,NO_bos_up,NO_bb_breakout_above",-0.796985983521162,NEUTRAL,0.75108486850318,0.6338542045127334,0.6952998609208553,2.240665373866686,0.05578500758232474,0.0,0.46972860125261584,50.0,25.0,0.5244028341397822,0.0,0.0,0.0,0.616,87.6862337662338,2.7648520000000003,3.1788520000000005,0.6156883116883103,1.922077922077918,4.459844155844146,8.07293506493507,8.909,100.0,1.0,0.0,0.0,correction,none,up,fib_0.382,above,green,bullish,0.0,22.849462365591414,21.1057836600889,1.0,0.0,0.0,55.0,37.89216958712291,37.55453599311148,1.0,60.0,-77.15053763440858,0.0,0.0,50.0,-93.33967364529381,0.0,0.0,50.0,-0.00800058823529412,0.0,0.0,50.0,-11.552220712465607,0.0,38.447779287534395,51.152566114967115,0.0,50.0,-8.183444768810626,0.0,17.266220924757498,22.409892837527803,0.0,0.0,13.90303511048765,23.900138686584782,45.0,16.0,80.0,35.0,0.0,0.10181,1.0,0.0,30.0,0.0,0.8550892267019168,1.2549570389953735,35.0,0.08203604801550074,1.0,18.85019129831479,70.0,-52.47945532804372,-2.933300012820302,0.0,35.0,-0.16961873477880943,0.0,33.03812652211906,26.06032443730186,0.0,0.0,60.0,-0.2321459663797369,0.0,30.0,-1.2909134826101898,0.02198478550712074,65.0,-0.5692821126890486,0.008060402391680174,65.0,-0.006455495710067559,0.0,35.0,-0.00023166459294065138,0.0,40.0,0.026948631343190296,0.0005912986506744416,65.0,0.10846250000000002,0.0991895,0.103826,0.0,1.0,35.0,0.1196,0.0941,0.10685,0.0,0.0,50.0,13.449644531776435,23.10071093644713,22.9779289859479,0.0,50.0,,,,,,,,,,,,,,,,,,,,,,,,,,0.0,0.0,0.0,False,False,0.0,0.0,0.0,0.0,0.0,0.0,0.0,0.0,0.0,257518.0,0.0,0.0,0.0,-0.3017,True,0.0,0.0,0.0,,0.0,50.0,50.0,50.0,,1.0
2026-09-29T23:12:19.385420+00:00,XPLUSDT,0.0975,0.696,5.0850386611346075,-6.328011657757708,0,-3.9503497192394836,-0.8844159804818499,42.0335652435008,0.0,-0.0009051109346422536,0.0,0.0,0.696,0.0,-6.328011657757708,0.0,5.0850386611346075,0.0,0.0,0.0,0.764778834229025,-3.9503497192394836,-0.8844159804818499,-8.183444768810626,-7.142379809714226,0.0,0.0,0.0,0.0,0.4778829966329979,0.0,0.0,0.5,0.0,-0.796985983521162,1,200,36.0,50.0,SHORT,50.0,6,10,"5m_volume_spike,5m_rvol>4,obi_bullish,atr_pct_elevated,fib_dist_0.5<8%,NO_obi_bearish","early_calm_atr_spike,ichi_below_cloud,vwap_below,5m_volume_spike,cvd_negative,mom_3_negative,mom_accel_negative,NO_ichi_above,NO_bos_up,NO_bb_breakout_above",-0.796985983521162,NEUTRAL,0.587006346479564,0.4731351044637438,0.5206507402488639,3.129368726355453,0.06635560623070003,0.0,0.764778834229025,50.0,25.0,0.4499092190059531,0.0,0.0,0.0,2.065,67.17466666666664,0.015673439999999997,-0.026246559999999988,2.065066666666672,7.138461538461533,12.211856410256408,19.43499487179487,2.685,58.0,0.0,1.0,0.0,correction,none,down,fib_0.382,below,green,bullish,1.0,33.333333333333414,15.957161981258388,1.0,0.0,0.0,55.0,49.89677276258805,24.33943653759322,1.0,60.0,-66.66666666666659,0.0,0.0,50.0,-84.49641644662441,0.0,0.0,50.0,-2.88617647058822e-05,0.0,0.0,65.0,-14.787663426568681,0.0,35.212336573431315,51.876357009616754,0.0,50.0,-2.643948296122203,0.0,39.424206815511184,15.4561149460319,0.0,1.0,15.48671191240647,23.35213994123353,35.0,56.00000000000001,96.0,35.0,0.0,0.0016755324280902483,1.0,0.0,30.0,0.0,0.8632707774798928,1.1528150134048256,35.0,0.0017208319089900646,0.0,-3.7093633989810595,30.0,-20.364046364411188,-15.947018009380438,0.0,35.0,-0.0745783727975412,0.0,42.542162720245884,49.56876566241348,0.0,0.0,50.0,0.08445203721307752,1.0,55.0,1.2979857819174736,0.09062405844667823,65.0,0.503156814847721,0.025910407138078864,65.0,-0.0006989235308151524,0.0,35.0,1.3279824567286687e-10,1.0,60.0,0.005400781266350703,-0.00014772654392293367,35.0,0.0016966166666666667,0.001649516666666667,0.0016730666666666667,0.0,0.0,50.0,0.001717,0.001627,0.0016719999999999999,0.0,0.0,50.0,2.593710928440929,44.812578143118145,24.68007003734273,0.0,50.0,2.68718160285653,0.010257988408469124,1.0,0.0,0.0,0.0,0.0,1.0,429.0000000000009,-1593.7999999999988,-2.687476322021248,0.0,futures_oi,5e-05,0.0,0.0,0.0,0.0,0.0,0.0,0.0,0.0,12.0,60.0,1.0,0.0,0.0,0.0,False,False,0.0,0.0,0.0,0.0,0.0,0.0,0.0,0.0,0.0,29426.0,0.0,0.0,0.0,-0.12903,True,0.0,0.0,0.0,,0.0,50.0,50.0,50.0,,1.0
2026-09-29T23:12:19.385420+00:00,FWXUSDT,0.001657,0.815,1.4629924959476197,-0.9726781158386791,0,-0.8378216636744408,-0.36079374624172755,45.08040010711353,0.0,-2.553230446280347e-06,0.0,0.0,0.815,0.0,-0.9726781158386791,0.0,1.4629924959476197,0.0,0.0,0.0,1.098230628431971,-0.8378216636744408,-0.36079374624172755,-2.643948296122203,-1.3188799919967484,0.0,0.0,0.0,1.0,0.6349902534113059,0.0,1.0,0.5,0.0,-0.796985983521162,1,200,5.0,7.0,NEUTRAL,7.0,3,6,"fib_dist_0.618<8%,fib_dist_0.5<8%,NO_obi_bearish","ichi_below_cloud,vwap_below,mom_3_negative,NO_ichi_above,NO_bos_up,NO_bb_breakout_above",-0.796985983521162,NEUTRAL,0.8858505912641995,0.8779579592556803,0.9029337975045145,1.3201769198102244,-0.017083206240315008,0.0,1.098230628431971,50.0,0.0,0.5,0.0,0.0,0.0,0.312,69.37748943874475,0.0013859179999999999,0.0012369179999999998,1.6245021122510503,2.685576342788161,3.7466505733252853,5.257332528666258,2.308,43.0,0.0,1.0,0.0,none,none,down,fib_0.236,below,green,bearish,0.0,61.63621922160445,74.91366252918895,0.0,0.0,0.0,45.0,33.779157704157306,50.832260918431636,0.0,40.0,-38.36378077839555,0.0,0.0,50.0,86.0632622303591,0.0,0.0,50.0,0.005222264705882343,1.0,0.0,70.0,16.829727549345144,1.0,66.82972754934514,53.87439344850693,0.0,50.0,0.3036929057337223,1.0,51.21477162293489,32.120731793079656,1.0,0.0,30.387156017233657,14.725485603533953,75.0,96.0,44.0,70.0,1.0,0.078055648,0.0,1.0,70.0,1.0,1.1451045715343326,0.8776605589487321,70.0,0.07318284347776466,1.0,12.826990693641838,70.0,80.66178146893643,83.14332681366052,0.0,40.0,0.35063931131721776,1.0,85.06393113172177,64.89901681225497,0.0,0.0,50.0,0.07484485149375118,1.0,55.0,0.38232276374202107,0.09173045140602501,65.0,0.2178370628639681,0.030261921135925195,65.0,0.00527547648084113,1.0,65.0,-0.00029780208594005293,0.0,40.0,0.04029345246672135,0.0039966382824540994,65.0,0.0828835,0.0764445,0.079664,0.0,0.0,55.0,0.0874,0.074,0.0807,0.0,0.0,50.0,5.3354025508140275,39.329194898371945,25.939383889234417,0.0,50.0,,,,,,,,,,,,,,,,,,,,,,,,,,0.0,0.0,0.0,False,False,0.0,0.0,0.0,0.0,0.0,0.0,0.0,0.0,0.0,94.0,0.0,0.0,0.0,0.0,True,0.0,0.0,0.0,,0.0,50.0,50.0,50.0,,1.0
2026-09-29T23:12:19.385420+00:00,SKYUSDT,0.08257,0.549,3.7676575717797567,2.1056385536291757,0,-0.8644495137471465,4.837480954799401,57.71993857808248,-1.0,0.00023673291634049038,-1.0,1.0,0.549,0.0,2.1056385536291757,1.0,3.7676575717797567,0.0,0.0,0.0,-1.5500178848217427,-0.8644495137471465,4.837480954799401,0.3036929057337223,-6.616100097799974,1.0,0.0,1.0,0.0,0.4119255918802388,0.0,0.0,0.5,0.0,-0.796985983521162,1,200,21.0,8.0,NEUTRAL,21.0,9,3,"ichi_above_cloud,bos_up,vwap_above,atr_pct_elevated,fib_dist_0.5<8%,mom_12_positive,NO_ichi_below,NO_obi_bearish,rsi_50_70","mom_3_negative,mom_accel_negative,NO_bb_breakout_above",-0.796985983521162,NEUTRAL,0.03971403498250007,0.08316494789517508,0.28279727792410136,1.1803479694001198,-0.2430832429416013,0.0,-1.5500178848217427,50.0,25.0,0.41882131676841156,0.0,0.0,0.0,0.033,0.0,0.12069844000000002,0.14127844,3.6715029671793658,6.612571151750021,9.553639336320693,13.740922853336565,6.979,100.0,1.0,0.0,0.0,correction,none,up,fib_0.236,above,green,bullish,0.0,42.528735632183974,39.08045977011495,1.0,0.0,0.0,55.0,40.63582390620946,42.27659293667392,0.0,40.0,-57.471264367816026,0.0,0.0,50.0,-61.74777603349003,0.0,0.0,50.0,-0.23726470588235138,0.0,0.0,65.0,-5.3347809977264165,0.0,44.66521900227358,52.09867735030999,0.0,50.0,-4.588112617309693,0.0,31.64754953076123,20.786193402611822,0.0,0.0,13.888228424547973,22.821900061691526,45.0,16.0,80.0,35.0,0.0,8.802967999999998,0.0,1.0,70.0,1.0,0.923684210526316,1.0921052631578947,35.0,9.938637705745075,0.0,-7.93506845801612,30.0,-23.520027774172743,-5.451738396410375,0.0,35.0,-0.04140808604004444,0.0,45.85919139599556,44.23872043111191,0.0,0.0,50.0,-0.03846417188293568,0.0,45.0,1.6778364645429311,0.013339344077221652,65.0,0.16082535596322253,0.02653395354398164,65.0,-0.004958270680443608,0.0,35.0,42.90234859714078,1.0,60.0,0.0452375215899384,-0.001830885993482514,35.0,9.545,9.05,9.2975,0.0,0.0,50.0,9.65,8.78,9.215,0.0,0.0,50.0,4.312528135577803,41.37494372884439,23.126412393977933,0.0,50.0,,,,,,,,,,,,,,,,,,,,,,,,,,0.0,0.0,0.0,False,False,,,,,,,,,,,,,,,False,0.0,,,,0.0,,,,,0.0
2026-09-29T23:12:19.385420+00:00,ETCUSDT,9.15,0.714,2.9539598565179364,-1.0058543073446076,1,-1.7185821697099906,-1.4008620689655067,46.91532131630313,0.0,-0.029186018463082032,0.0,0.0,0.714,0.0,-1.0058543073446076,0.0,2.9539598565179364,0.0,1.0,0.0,0.4390779363337094,-1.7185821697099906,-1.4008620689655067,-4.588112617309693,-2.0418580317789683,0.0,0.0,0.0,0.0,0.3775790676090537,1.0,0.0,0.5,0.0,-0.796985983521162,1,200,0.0,0.0,NEUTRAL,0.0,4,6,"fib_dist_0.618<8%,fib_dist_0.5<8%,NO_ichi_below,NO_obi_bearish","vwap_below,mom_3_negative,mom_accel_negative,NO_ichi_above,NO_bos_up,NO_bb_breakout_above",-0.796985983521162,NEUTRAL,0.8304107778046278,0.7823854910301448,0.6330432506586645,2.299894918544778,0.19736752714596328,0.0,0.4390779363337094,50.0,25.0,0.43909876884836835,0.0,0.0,0.0,1.25,75.00765027322397,5.524340000000002,3.654340000000003,1.2496174863388014,3.661202185792339,6.072786885245897,9.506229508196709,8.033,81.0,0.0,0.0,1.0,correction,none,down,fib_0.382,inside,green,bullish,0.0,24.024024024024065,18.277007966042337,1.0,0.0,0.0,55.0,48.93888103927887,41.62147243852313,1.0,60.0,-75.97597597597594,0.0,0.0,50.0,-91.66232110782784,0.0,0.0,50.0,-0.1693029411764706,0.0,0.0,65.0,-16.56312651803333,0.0,33.43687348196667,46.8770142099847,0.0,50.0,-8.409842085934619,0.0,16.360631656261525,24.416766476544037,0.0,0.0,13.867178037403354,25.557762834892788,45.0,16.0,80.0,35.0,0.0,2.4221972000000003,0.0,1.0,70.0,1.0,0.8346094946401224,1.1952526799387442,35.0,2.2052113101248394,1.0,13.095737744008403,70.0,-65.09793720745424,-40.01483416465394,0.0,35.0,-0.24509608902549784,0.0,25.490391097450214,35.2598175131301,0.0,0.0,50.0,-0.09198396116953612,0.0,45.0,-0.04630766036568653,-0.031376424398672643,35.0,0.11336406105568604,-0.001986474045471993,35.0,-0.00774767111034811,0.0,35.0,-0.5882681235604628,0.0,40.0,0.03363043078613239,-0.0008698933125656322,35.0,2.6975499999999997,2.52345,2.6105,0.0,1.0,35.0,2.79,2.414,2.6020000000000003,0.0,0.0,50.0,8.566595948782005,32.86680810243599,24.47078514380358,0.0,50.0,,,,,,,,,,,,,,,,,,,,,,,,,,0.0,0.0,0.0,False,False,,,,,,,,,,,,,,,False,0.0,,,,0.0,,,,,0.0
2026-09-29T23:12:19.385420+00:00,MORPHOUSDT,2.494,0.512,3.571719828038436,-3.7635827359345613,0,-3.4456058846302735,-1.7336485421591645,42.05191730102068,0.0,-0.01348075406495667,0.0,0.0,0.512,0.0,-3.7635827359345613,0.0,3.571719828038436,0.0,0.0,0.0,1.505901505901521,-3.4456058846302735,-1.7336485421591645,-8.409842085934619,-5.218655530020359,0.0,0.0,0.0,0.0,0.49798922417970304,0.0,1.0,0.5,0.0,-0.796985983521162,1,200,0.0,12.0,NEUTRAL,12.0,2,7,"atr_pct_elevated,NO_obi_bearish","ichi_below_cloud,vwap_below,mom_3_negative,mom_accel_negative,NO_ichi_above,NO_bos_up,NO_bb_breakout_above",-0.796985983521162,NEUTRAL,0.8127665040414934,0.7394478462594207,0.645499250356196,2.2694999931823387,0.16726725368529738,0.0,1.505901505901521,80.0,64.0,0.486,1.356,0.553,0.0,2.129,0.0,1.501448,0.9374480000000001,5.430954290296703,8.099438652766636,10.767923015236573,14.567121090617475,8.861,66.0,0.0,1.0,0.0,impulse_5_down,wave_5_in_progress_down,down,fib_0.236,below,green,bullish,0.0,49.11504424778771,48.005925694904704,1.0,0.0,0.0,55.0,70.06619184457489,61.80074925560148,1.0,60.0,-50.88495575221229,0.0,0.0,50.0,-25.2156740463565,0.0,0.0,50.0,-0.04447352941176419,0.0,0.0,65.0,-9.84449127263184,0.0,40.15550872736816,54.896686211769556,0.0,50.0,-3.8135593220338966,0.0,34.745762711864415,17.06078262006332,0.0,1.0,17.754682900017393,18.691004751517546,35.0,24.0,80.0,35.0,0.0,1.9388112,0.0,1.0,70.0,1.0,0.9079089924160347,1.113759479956663,35.0,2.2193765372703713,0.0,-7.9471209282629465,30.0,-40.485230556439035,-28.962813383957698,0.0,35.0,-0.14426570824747093,0.0,35.57342917525291,47.37087943031399,0.0,0.0,50.0,-0.09761633066426126,0.0,45.0,-0.6405368595866046,0.0538233567613696,65.0,-1.3196890612206034,0.010350104333375739,65.0,-0.0018939195740649574,0.0,35.0,0.26706495704979105,1.0,60.0,-0.03430942124382325,0.0006663477532039721,65.0,2.120633333333333,1.9971333333333334,2.058883333333333,0.0,0.0,50.0,2.189,1.932,2.0605,0.0,0.0,50.0,6.588528413615876,36.82294317276825,24.565826635036686,0.0,50.0,,,,,,,,,,,,,,,,,,,,,,,,,,0.0,0.0,0.0,False,False,,,,,,,,,,,,,,,False,0.0,,,,0.0,,,,,0.0
2026-09-29T23:12:19.385420+00:00,TRUMPUSDT,2.043,0.465,3.053252930765219,-0.5739242372053804,0,0.245338567222784,1.6417910447761377,48.228385534388195,1.0,0.0007134809836264362,0.0,-1.0,0.465,0.0,-0.5739242372053804,0.0,3.053252930765219,0.0,0.0,0.0,0.6899950714637868,0.245338567222784,1.6417910447761377,-3.8135593220338966,-1.1476962586478643,0.0,0.0,0.0,0.0,0.4093863711995991,0.0,0.0,0.5,0.0,-0.796985983521162,1,200,16.0,0.0,NEUTRAL,16.0,5,5,"atr_pct_elevated,fib_dist_0.618<8%,fib_dist_0.5<8%,mom_3_low_positive,NO_obi_bearish","ichi_below_cloud,vwap_below,NO_ichi_above,NO_bos_up,NO_bb_breakout_above",-0.796985983521162,NEUTRAL,0.5788153249855692,0.5431945422342244,0.70024785620291,2.2298046273290546,-0.12143253121734077,0.0,0.6899950714637868,50.0,25.0,0.39389500394791704,0.0,0.0,0.0,1.111,77.77777777777783,1.3657,1.0156999999999998,1.1111111111111083,3.1326480665687737,5.154185022026418,8.032305433186487,1.236,22.0,0.0,1.0,0.0,correction,none,down,fib_0.382,below,red,bearish,0.0,25.000000000000146,25.000000000000146,0.0,0.0,0.0,45.0,33.73616733131218,43.63739120562649,0.0,40.0,-74.99999999999986,0.0,0.0,50.0,-63.35590669676413,0.0,0.0,50.0,-0.0002097058823529313,0.0,0.0,50.0,-3.923545175820832,0.0,46.076454824179166,52.887636472542226,0.0,50.0,-3.0716723549487988,0.0,37.713310580204805,11.721554237933855,0.0,1.0,17.44657446510363,16.93767360913548,55.0,24.0,64.0,50.0,0.0,0.056023496799999996,0.0,1.0,70.0,1.0,0.9454545454545455,1.0787878787878784,35.0,0.06002534512916409,0.0,-5.37330542993748,30.0,-3.2267264207977617,5.827162825311465,0.0,35.0,-0.010105952536773925,0.0,48.989404746322606,41.94141865354093,0.0,0.0,50.0,-0.06313393047039521,0.0,45.0,0.9371575313362258,0.0677791322981031,65.0,-0.6944259190186134,0.003109741122950673,65.0,-0.0018747550297307206,0.0,35.0,1.2036563420556725e-06,1.0,60.0,-0.029074620496765995,-4.402888764035461e-05,35.0,0.05857833333333334,0.05635833333333333,0.05746833333333333,0.0,0.0,50.0,0.0598,0.0559,0.05785,0.0,0.0,50.0,3.4750709237542075,43.04985815249159,24.489131018176383,0.0,50.0,,,,,,,,,,,,,,,,,,,,,,,,,,0.0,0.0,0.0,False,False,,,,,,,,,,,,,,,False,0.0,,,,0.0,,,,,0.0
2026-09-29T23:12:19.385420+00:00,WLFIUSDT,0.0568,0.413,1.9766163074048253,-1.149018021063671,0,-1.7301038062283634,-0.5253940455341414,46.8722149947126,0.0,-7.230766548324042e-05,0.0,-1.0,0.413,0.0,-1.149018021063671,0.0,1.9766163074048253,0.0,0.0,0.0,0.0,-1.7301038062283634,-0.5253940455341414,-3.0716723549487988,-2.956023245808047,0.0,0.0,0.0,0.0,0.35694444444444523,0.0,0.0,0.5,0.0,-0.796985983521162,1,200,7.0,8.0,NEUTRAL,8.0,5,5,"ichi_above_cloud,fib_dist_0.618<8%,fib_dist_0.5<8%,NO_ichi_below,NO_obi_bearish","vwap_below,mom_3_negative,mom_accel_negative,NO_bos_up,NO_bb_breakout_above",-0.796985983521162,NEUTRAL,0.8568778379160277,0.6684364037994842,0.44549696017704743,0.9059960766870404,0.41138087773898024,0.0,0.0,50.0,25.0,0.2147546405915944,0.0,0.0,0.0,0.44,91.19718309859154,0.07031699999999999,0.076817,0.9102112676056278,0.4401408450704229,1.7904929577464856,3.713028169014084,0.88,52.0,1.0,0.0,0.0,correction,none,up,fib_0.500,above,red,bearish,0.0,68.51975887474882,50.56286334785997,1.0,0.0,0.0,55.0,85.29111402284643,62.50789237900091,1.0,35.0,-31.480241125251176,0.0,0.0,50.0,40.95177383842638,0.0,0.0,50.0,-0.000147547058823529,0.0,0.0,65.0,-0.20852371429829739,0.0,49.791476285701705,57.568081415676644,0.0,50.0,-2.2536585365853687,0.0,40.98536585365852,34.86539662933361,1.0,0.0,23.368356418521973,13.36065806287128,75.0,44.0,80.0,35.0,0.0,0.0090597728,0.0,1.0,70.0,1.0,0.9684860298895387,1.141812865497076,35.0,0.00864552310278989,1.0,15.88656789045989,70.0,-33.80096208752409,-8.773304984668549,0.0,35.0,-0.03338964072786575,0.0,46.661035927213426,50.574880932783906,0.0,0.0,50.0,-0.15955127292401886,0.0,30.0,-0.5402493554378103,-0.017718557588326356,35.0,-0.19130652067648096,0.0127163801860881,65.0,-0.0014016000627045477,0.0,35.0,2.0161487575837085e-07,1.0,60.0,0.008182439486875201,0.0004084265428660551,65.0,0.01024735,0.00937605,0.0098117,0.0,0.0,55.0,0.010921,0.008996,0.0099585,0.0,0.0,50.0,6.434205053161087,37.13158989367783,24.629915120817326,0.0,50.0,,,,,,,,,,,,,,,,,,,,,,,,,,0.0,0.0,0.0,False,False,,,,,,,,,,,,,,,False,0.0,,,,0.0,,,,,0.0
2026-09-29T23:12:19.385420+00:00,PENGUUSDT,0.010019,0.482,4.313897684636698,1.6565528597687653,1,1.6641298833079754,5.808427500264021,55.28191630322822,0.0,7.822992110688818e-06,0.0,1.0,0.482,0.0,1.6565528597687653,1.0,4.313897684636698,0.0,1.0,0.0,1.746724890829697,1.6641298833079754,5.808427500264021,-2.2536585365853687,-2.4123301441500367,1.0,0.0,0.0,0.0,0.4821557657108737,0.0,1.0,0.5,0.0,-0.796985983521162,1,200,54.0,22.0,LONG,54.0,10,6,"ichi_above_cloud,vwap_above,5m_volume_spike,5m_rvol>4,atr_pct_elevated,fib_dist_0.618<8%,fib_dist_0.5<8%,mom_3_low_positive,NO_ichi_below,rsi_50_70","5m_volume_spike,obi_bearish,cvd_negative,mom_accel_negative,NO_bos_up,NO_bb_breakout_above",-0.796985983521162,NEUTRAL,0.7568117998229031,0.6806104501925943,0.4807716023455689,2.228389354912017,0.2760401974773342,0.0,1.746724890829697,50.0,25.0,0.5156527905202709,0.0,0.0,0.0,1.314,73.71673819742509,0.015424665999999997,0.018061665999999997,1.3141630901287458,1.7915959676614344,4.897355025451649,9.319113684000397,6.78,100.0,1.0,0.0,0.0,correction,none,up,fib_0.382,above,green,bullish,1.0,75.58655675332906,74.5931092792221,1.0,0.0,0.0,55.0,99.01278198583407,94.30916370738765,1.0,35.0,-24.41344324667094,0.0,0.0,50.0,148.41919311669218,0.0,1.0,40.0,0.044526470588235334,1.0,0.0,70.0,12.892818302855549,1.0,62.892818302855545,60.985374065414376,0.0,50.0,8.603941160144316,1.0,84.41576464057727,22.357508997425423,0.0,0.0,32.9324636269878,13.354080509677962,65.0,92.0,64.0,70.0,1.0,0.686383940608,0.0,1.0,70.0,1.0,1.1498503634031636,0.9010260795211629,70.0,0.8819048645775153,0.0,-11.260269510486056,30.0,31.94787194326848,18.318781696323477,1.0,70.0,0.12418256508997531,1.0,62.41825650899753,65.85788379706918,0.0,0.0,50.0,0.008048693456186251,1.0,55.0,1.5490540465494855,0.23678629280811223,65.0,0.40945867134598235,0.0846924941363583,65.0,0.02070691286766484,1.0,65.0,0.13103023950049017,1.0,60.0,0.05962697156651293,0.009858341565428096,65.0,0.7547716666666666,0.6908916666666667,0.7228316666666667,1.0,0.0,70.0,0.8211,0.6634,0.7422500000000001,0.0,0.0,50.0,7.609590059120255,34.78081988175949,26.39267923370486,0.0,50.0,0.5501101129259265,0.009964625579186542,0.0,1.0,0.0,0.0,0.0,1.0,19804.0,-44730.0,-1.2376401388743348,0.0,futures_oi,5e-05,0.0,0.0,0.0,0.0,0.0,0.0,0.0,0.0,12.0,60.0,1.0,0.0,0.0,0.0,False,False,,,,,,,,,,,,,,,False,0.0,,,,0.0,,,,,0.0
2026-09-29T23:12:19.385420+00:00,ETHFIUSDT,0.7826,0.529,4.125246052012224,6.943993545133336,0,3.2317636195752493,10.209829601464584,63.63039038668782,-1.0,0.008813558543189572,0.0,1.0,0.529,0.0,6.943993545133336,1.0,4.125246052012224,0.0,0.0,0.0,0.5137426149499106,3.2317636195752493,10.209829601464584,8.603941160144316,-3.527847702773722,0.0,1.0,1.0,0.0,0.38889018357208005,0.0,0.0,0.5,0.0,-0.796985983521162,1,200,51.0,12.0,LONG,51.0,12,3,"ichi_above_cloud,bos_up,vwap_above,5m_volume_spike,5m_rvol>4,atr_pct_elevated,fib_dist_0.5<8%,mom_3_low_positive,mom_12_positive,NO_ichi_below,NO_obi_bearish,rsi_50_70","5m_volume_spike,mom_accel_negative,NO_bb_breakout_above",-0.796985983521162,NEUTRAL,0.519410948618474,0.45564408723163463,0.6094849894132237,2.6899738846313967,-0.09007404079474968,0.0,0.5137426149499106,75.0,60.0,0.43,1.465,0.84,0.0,0.686,0.0,1.1218862,1.3077862000000002,4.154587273191915,6.9575773064145015,9.760567339637102,13.751265014055708,2.038,78.0,1.0,0.0,0.0,impulse_5_down,wave_5_in_progress_down,up,fib_0.236,above,green,bearish,1.0,16.666666666672835,10.683760683764712,1.0,0.0,1.0,75.0,0.0,10.200968573251675,0.0,65.0,-83.33333333332716,1.0,0.0,70.0,-104.71976401177966,1.0,0.0,60.0,-0.00045382352941181203,0.0,0.0,50.0,-22.349240627026326,0.0,27.650759372973674,39.828960155492446,0.0,50.0,-0.050050050050044544,0.0,49.79979979979982,40.79448300562753,1.0,0.0,6.557185713152395,21.711465997120264,55.0,24.0,96.0,35.0,0.0,0.9991780137337591,1.0,0.0,30.0,0.0,0.8163265306122532,1.1836734693877695,35.0,0.9995530517863693,0.0,-0.10535226564385891,30.0,-0.5143325683797031,-0.25736352808954355,0.0,35.0,-0.0018242174597231698,0.0,49.81757825402768,32.043780659462726,0.0,0.0,50.0,-0.25219049544041544,0.0,30.0,1.5291189320288905,-0.01998898025809157,35.0,-1.5962068275490748,-0.04659265847252001,35.0,-9.069668217032042e-05,0.0,35.0,3.877922984450827e-05,1.0,60.0,-0.00023678662365739765,-2.133893188304087e-05,35.0,0.999335,0.9987450000000001,0.9990399999999999,0.0,1.0,35.0,0.9996,0.9983,0.99895,0.0,0.0,50.0,0.07665956804744406,49.846680863905114,24.386279435412355,0.0,50.0,1.0377175208949783,0.20452511824108985,0.0,0.0,0.0,0.0,0.0,1.0,1091.9999999999998,1622.8000000000004,-4.929373998915319,0.0,futures_oi,5e-05,0.0,0.0,0.0,0.0,0.0,0.0,0.0,0.0,11.038260390861547,47.0,1.0,0.0,0.0,0.0,False,False,,,,,,,,,,,,,,,False,0.0,,,,0.0,,,,,0.0
2026-09-29T23:12:19.385420+00:00,FDUSDUSDT,0.9985,0.154,0.03175920588208045,-0.05732709071191455,0,-0.04004404845329422,-0.030036043251898976,34.56011310029446,0.0,-5.8347810177358675e-05,0.0,0.0,0.154,0.0,-0.05732709071191455,0.0,0.03175920588208045,0.0,0.0,0.0,0.0,-0.04004404845329422,-0.030036043251898976,-0.050050050050044544,-0.05005606287059388,0.0,0.0,0.0,1.0,0.2166666666666898,1.0,0.0,0.5,0.0,-0.796985983521162,1,200,5.0,0.0,NEUTRAL,5.0,3,5,"fib_dist_0.618<8%,fib_dist_0.5<8%,NO_obi_bearish","ichi_below_cloud,mom_3_negative,NO_ichi_above,NO_bos_up,NO_bb_breakout_above",-0.796985983521162,NEUTRAL,0.5363572826567784,0.3489980424922052,0.2720394585671833,0.007368850657225974,0.2643178240895951,0.0,0.0,50.0,0.0,0.5,0.0,0.0,0.0,0.018,99.17636454682034,0.9957111999999999,0.9941111999999999,0.04118177265898297,0.06009013520279758,0.0789984977466122,0.1059188783174754,0.005,43.0,0.0,1.0,0.0,none,none,down,fib_0.236,below,green,bearish,0.0,91.9463087248322,73.26621923937358,1.0,1.0,0.0,35.0,63.45717301658765,47.369294378324504,1.0,60.0,-8.053691275167791,0.0,1.0,30.0,87.55373413041562,0.0,0.0,50.0,0.028582352941176614,1.0,0.0,70.0,8.463549008915338,1.0,58.46354900891534,59.45485638053758,0.0,50.0,3.590992087644549,1.0,64.36396835057819,29.924637343855586,1.0,0.0,22.01574894894496,16.791910269491463,75.0,52.0,60.0,50.0,0.0,1.4398008,0.0,1.0,70.0,1.0,0.9810828440965428,0.9608610567514677,65.0,1.9465492669493627,0.0,-12.563220006890502,30.0,40.82854987224997,84.18398919288097,0.0,40.0,0.26334923939805155,1.0,76.33492393980515,51.654995186842825,0.0,0.0,50.0,-0.0504063033088823,0.0,45.0,0.1570598872818096,0.07403156568958819,65.0,-0.572600186354554,0.025980647944303013,65.0,0.00619167124898879,1.0,65.0,4.3998160831410535,1.0,60.0,0.03339539399467287,0.0020889534805794544,65.0,1.6967166666666667,1.5035166666666666,1.6001166666666666,1.0,0.0,70.0,1.726,1.428,1.577,0.0,0.0,50.0,8.328068092026369,33.34386381594726,25.588859762938334,0.0,50.0,,,,,,,,,,,,,,,,,,,,,,,,,,0.0,0.0,0.0,False,False,,,,,,,,,,,,,,,False,0.0,,,,0.0,,,,,0.0
2026-09-29T23:12:19.385420+00:00,ZROUSDT,1.702,0.98,5.802202367486158,6.236263452996315,1,6.308557151780136,9.03267136450993,58.84180508718447,0.0,-0.0003962239765395899,0.0,1.0,0.98,0.0,6.236263452996315,1.0,5.802202367486158,0.0,1.0,0.0,8.200890019071839,6.308557151780136,9.03267136450993,3.590992087644549,3.7460971902170335,1.0,0.0,1.0,0.0,0.647202788621454,0.0,1.0,0.5,0.0,-0.796985983521162,1,200,46.0,7.0,LONG,46.0,11,2,"ichi_above_cloud,bos_up,vwap_above,5m_volume_spike,5m_rvol>4,atr_pct_elevated,mom_3_low_positive,mom_12_positive,NO_ichi_below,NO_obi_bearish,rsi_50_70","5m_volume_spike,NO_bb_breakout_above",-0.796985983521162,NEUTRAL,0.13090158418580894,0.20611685815881275,0.21074134931790967,1.2525217175290309,-0.07983976513210073,1.0,8.200890019071839,50.0,25.0,0.4913392457623187,0.0,0.0,0.0,1.41,0.0,2.654732,3.228732,11.472855464159812,15.452408930669796,19.43196239717979,25.097767332549946,8.24,100.0,1.0,0.0,0.0,correction,none,up,fib_0.000,above,green,bullish,1.0,31.527093596059164,15.29713866471022,1.0,0.0,0.0,55.0,47.50483323612257,24.228674153125827,1.0,60.0,-68.47290640394084,0.0,0.0,50.0,-86.50137741046811,0.0,0.0,50.0,-6.574117647058881e-05,0.0,0.0,65.0,-14.70584222162247,0.0,35.29415777837753,50.800993451803926,0.0,50.0,-2.6421741318570726,0.0,39.43130347257171,15.82131669764415,0.0,1.0,16.00172545786153,24.511685542266946,35.0,56.00000000000001,96.0,35.0,0.0,0.00391405425641991,1.0,0.0,30.0,0.0,0.8629320619785465,1.1549463647199043,35.0,0.004013743575514356,0.0,-3.6061988712322566,30.0,-20.06045358175093,-15.70096950608572,0.0,35.0,-0.07351085191728907,0.0,42.648914808271094,49.84189965639354,0.0,0.0,50.0,0.058283596071399234,1.0,55.0,0.5897078014065884,0.04908847968799742,65.0,0.24159820923335382,0.018309618411489766,65.0,-0.0007900747763581073,0.0,35.0,2.129010151776572e-09,1.0,60.0,0.004607645606086614,-0.00015017782869715922,35.0,0.003960883333333333,0.0038557833333333334,0.003908333333333333,0.0,0.0,50.0,0.004008,0.003805,0.0039065,0.0,0.0,50.0,2.55323652593882,44.89352694812236,24.675846021733065,0.0,50.0,1.4488797081811975,0.11757789535567324,0.0,0.0,0.0,0.0,0.0,1.0,-3028.7799999999997,1782.72,-0.5138623903969824,0.0,futures_oi,-3.6054616845e-06,0.0,0.0,0.0,0.0,0.0,0.0,0.0,0.0,12.0,60.0,1.0,0.0,0.0,0.0,False,False,,,,,,,,,,,,,,,False,0.0,,,,0.0,,,,,0.0
2026-09-29T23:12:19.385420+00:00,DHFUSDT,0.003869,0.786,1.4040576208220115,-1.0204632430123384,0,-0.8457201435161467,-0.4118404118404107,44.72653940706719,0.0,-5.9313940926497164e-06,0.0,0.0,0.786,0.0,-1.0204632430123384,0.0,1.4040576208220115,0.0,0.0,0.0,0.9655532359081457,-0.8457201435161467,-0.4118404118404107,-2.6421741318570726,-1.2833005810965865,0.0,0.0,0.0,1.0,0.6300425168831274,0.0,1.0,0.5,0.0,-0.796985983521162,1,200,5.0,7.0,NEUTRAL,7.0,3,6,"fib_dist_0.618<8%,fib_dist_0.5<8%,NO_obi_bearish","ichi_below_cloud,vwap_below,mom_3_negative,NO_ichi_above,NO_bos_up,NO_bb_breakout_above",-0.796985983521162,NEUTRAL,0.8885721477067616,0.8775106083062736,0.9039529011137274,1.2987832659294412,-0.015380753406965764,0.0,0.9655532359081457,50.0,0.0,0.5,0.0,0.0,0.0,0.414,69.03553889894033,0.003256497999999999,0.002917497999999999,1.6928922202119352,2.7268027914189634,3.7607133626259914,5.232721633497037,2.242,43.0,0.0,1.0,0.0,none,none,down,fib_0.236,below,green,bearish,0.0,13.249999999999988,13.416666666666643,0.0,0.0,1.0,65.0,21.181732099683405,26.345740784338396,0.0,40.0,-86.75000000000001,1.0,0.0,70.0,-83.00692144437892,0.0,0.0,50.0,-0.14151470588235293,0.0,0.0,65.0,-18.23012576086593,0.0,31.76987423913407,49.781998887039364,0.0,50.0,-10.96774193548386,0.0,10.0,22.382937666167013,0.0,0.0,12.790289440413908,24.48285239560938,45.0,48.0,80.0,35.0,0.0,2.446986184966978,1.0,0.0,30.0,0.0,0.7767322497861415,1.2591958939264332,35.0,2.111441721250195,1.0,11.108915599665341,70.0,-52.81015289125766,-18.66070226874792,0.0,35.0,-0.21151941061913032,0.0,28.848058938086968,22.671533922171292,0.0,0.0,60.0,-0.15954084620964779,0.0,30.0,1.2168925014026313,-0.03138089088929188,35.0,-0.42229394498927514,0.012173313983513867,65.0,-0.006140568351598231,0.0,35.0,-0.06399044409370297,0.0,40.0,0.0360289693670305,-0.0005489945353210287,35.0,2.5603333333333333,2.3994333333333335,2.4798833333333334,0.0,1.0,35.0,2.693,2.293,2.4930000000000003,0.0,0.0,50.0,9.757464025073174,30.48507194985365,24.195219591067424,0.0,50.0,,,,,,,,,,,,,,,,,,,,,,,,,,0.0,0.0,0.0,False,False,,,,,,,,,,,,,,,False,0.0,,,,0.0,,,,,0.0
2026-09-29T23:12:19.385420+00:00,PENDLEUSDT,2.346,0.192,3.4053692582527537,-5.2128054585493775,0,-3.37726523887973,-1.5113350125944598,39.03496711965316,0.0,-0.014955404671459546,0.0,0.0,0.192,0.0,-5.2128054585493775,0.0,3.4053692582527537,0.0,0.0,0.0,0.2564102564102661,-3.37726523887973,-1.5113350125944598,-10.96774193548386,-5.308415532750419,0.0,0.0,0.0,0.0,0.4256620713469883,0.0,0.0,0.5,0.0,-0.796985983521162,1,200,3.0,12.0,NEUTRAL,12.0,3,7,"atr_pct_elevated,fib_dist_0.5<8%,NO_obi_bearish","ichi_below_cloud,vwap_below,mom_3_negative,mom_accel_negative,NO_ichi_above,NO_bos_up,NO_bb_breakout_above",-0.796985983521162,NEUTRAL,0.8714503333544281,0.8133773348861973,0.7158903811603526,2.490866875487045,0.15555995219407548,0.0,0.2564102564102661,75.0,60.0,0.434,1.255,0.975,1.0,1.765,0.0,1.6458000000000004,1.2458000000000005,4.2540494458653075,6.265984654731469,8.277919863597608,11.142369991474855,0.192,43.0,0.0,1.0,0.0,impulse_5,wave_5_in_progress,down,fib_0.236,below,green,bearish,0.0,78.94736842105267,69.15514592933951,1.0,0.0,0.0,55.0,100.0,76.63392714734418,1.0,35.0,-21.052631578947327,0.0,0.0,50.0,51.76791522400605,0.0,0.0,50.0,-4.500000000001725e-05,0.0,0.0,65.0,4.727386071721088,1.0,54.727386071721085,51.440662735387114,0.0,50.0,5.278592375366578,1.0,71.11436950146631,31.795484275566405,1.0,0.0,31.745804271713563,13.10877960743961,75.0,4.0,68.0,50.0,0.0,0.05905862319999999,0.0,1.0,70.0,1.0,1.0182370820668694,0.9422492401215807,70.0,0.0552933583403799,1.0,29.852846987529702,70.0,57.13220263931633,143.84305989835488,0.0,40.0,0.2187034242630475,1.0,71.87034242630475,65.78676611156195,0.0,0.0,50.0,-0.15122834028263674,0.0,30.0,1.517296169342738,0.12831749367836562,65.0,-0.11590626549560519,0.04083685572882818,65.0,0.021230606212420733,1.0,65.0,0.0008595432166419993,1.0,60.0,0.28787658181776543,0.008080704732723225,65.0,0.07283333333333333,0.06254333333333333,0.06768833333333332,0.0,0.0,55.0,0.0862,0.0583,0.07225,0.0,0.0,50.0,21.664525542711733,10.0,24.436548616631143,0.0,50.0,,,,,,,,,,,,,,,,,,,,,,,,,,0.0,0.0,0.0,False,False,,,,,,,,,,,,,,,False,0.0,,,,0.0,,,,,0.0
2026-09-29T23:12:19.385420+00:00,PHAUSDT,0.0718,1.565,7.853252872685449,5.179546934223156,1,12.012480499219965,18.48184818481848,58.82205236234661,0.0,-2.2367311890943327e-05,0.0,1.0,1.565,0.0,5.179546934223156,1.0,7.853252872685449,0.0,1.0,0.0,4.512372634643385,12.012480499219965,18.48184818481848,5.278592375366578,6.236902941464184,0.0,1.0,0.0,0.0,0.5610754985754991,1.0,0.0,0.5,0.0,-0.796985983521162,1,200,44.0,0.0,LONG,44.0,11,3,"ichi_above_cloud,vwap_above,5m_volume_spike,5m_rvol>4,rvol>1.3,atr_pct_elevated,fib_dist_0.5<8%,mom_12_positive,NO_ichi_below,NO_obi_bearish,rsi_50_70","5m_volume_spike,NO_bos_up,NO_bb_breakout_above",-0.796985983521162,NEUTRAL,0.4468120903439514,0.3464205023361158,0.09899473472195398,1.0014092575877627,0.34781735562199745,0.0,4.512372634643385,50.0,25.0,0.4778273618736341,0.0,0.0,0.0,0.487,90.25069637883,0.1885754,0.24387539999999996,8.600835654596096,0.48746518105850006,9.575766016713096,22.515041782729817,11.49,100.0,1.0,0.0,0.0,correction,none,up,fib_0.500,above,green,bullish,1.0,13.94557823129261,30.117148733984212,0.0,0.0,1.0,65.0,0.0,21.762395874167183,0.0,65.0,-86.05442176870739,1.0,0.0,70.0,-125.01363085911645,1.0,0.0,60.0,0.01950911764705887,1.0,0.0,60.0,7.943017441113841,1.0,57.94301744111384,47.73229705502174,0.0,50.0,-7.503864906647633,0.0,19.98454037340947,28.471710876363087,1.0,0.0,17.248472263101075,18.617392687330074,55.0,56.00000000000001,100.0,35.0,0.0,0.8404,1.0,0.0,30.0,0.0,0.9516157828959114,1.0157114800928404,35.0,0.9053024432024868,0.0,-14.08396101875631,30.0,55.08945225299124,72.15012211064789,0.0,40.0,0.27469366126438716,1.0,77.46936612643871,52.017030780874066,0.0,0.0,50.0,-0.10993216743334633,0.0,30.0,-0.012929295015071037,0.037749936619936315,65.0,-0.10475300738032987,0.02938953487012958,65.0,-0.007377200986830817,0.0,35.0,-0.19154294383385687,0.0,40.0,-0.003672466839955238,-0.00026669393409402075,35.0,0.8430083333333334,0.7696283333333334,0.8063183333333332,0.0,0.0,50.0,0.8537,0.7655,0.8096,0.0,0.0,50.0,4.47792117335846,41.04415765328308,25.83817284807251,0.0,50.0,0.9628583376111602,0.416956219596935,0.0,0.0,0.0,0.0,0.0,1.0,18318.0,10856.0,129.7957807716121,1.0,spot_volume_proxy,0.0,0.0,0.0,0.0,0.0,0.0,0.0,0.0,0.0,11.809272598153596,58.0,1.0,0.0,0.0,0.0,False,False,,,,,,,,,,,,,,,False,0.0,,,,0.0,,,,,0.0
2026-09-29T23:12:19.385420+00:00,VIRTUALUSDT,0.7778,1.109,4.596541389760203,-3.619805362335251,1,-6.413187342076753,-5.994682136814113,46.98166843826639,0.0,-0.004973793135605597,0.0,0.0,1.109,0.0,-3.619805362335251,0.0,4.596541389760203,0.0,1.0,0.0,-3.8447274075905438,-6.413187342076753,-5.994682136814113,-7.503864906647633,-6.860371291798765,0.0,1.0,0.0,0.0,0.46104232260304867,0.0,0.0,0.5,0.0,-0.796985983521162,1,200,38.0,20.0,LONG,38.0,8,6,"ichi_above_cloud,5m_volume_spike,5m_rvol>4,atr_pct_elevated,fib_dist_0.618<8%,fib_dist_0.5<8%,NO_ichi_below,NO_obi_bearish","vwap_below,5m_volume_spike,mom_3_negative,mom_accel_negative,NO_bos_up,NO_bb_breakout_above",-0.796985983521162,NEUTRAL,0.7597760081124634,0.630215108755492,0.7174347280071738,3.1362613309010317,0.04234128010528959,0.0,-3.8447274075905438,50.0,25.0,0.4564996568215669,0.0,0.0,0.0,1.176,76.4721007971201,1.1289218,1.2990218,1.4041913088197455,1.1763949601439947,3.756981229107749,7.431036256106973,5.544,100.0,1.0,0.0,0.0,correction,none,up,fib_0.500,above,green,bullish,1.0,40.000000000007404,37.77777777777037,1.0,0.0,0.0,55.0,8.279392976015828,36.573945209447494,0.0,65.0,-59.999999999992596,0.0,0.0,50.0,-21.311721446775124,0.0,0.0,50.0,7.576470588221973e-05,1.0,0.0,60.0,3.933612652211217,1.0,53.93361265221122,50.010024254716846,0.0,50.0,-0.001000270072915136,0.0,49.99599891970834,9.565610337391991,0.0,1.0,18.52871996151604,21.662367273511382,35.0,60.0,8.0,55.0,1.0,0.9998946,1.0,0.0,30.0,0.0,1.0454545454545607,1.0,70.0,1.0001603999172464,0.0,-0.04403292884648838,30.0,0.1328950869080937,0.1404745739695862,0.0,40.0,0.00042991744804256424,1.0,50.042991744804254,45.25582257478272,0.0,0.0,50.0,0.007675855804830548,1.0,55.0,1.437436407689258,-0.010063903948974813,35.0,0.3553496529870216,-0.004325411394831407,35.0,-9.502890677212768e-06,0.0,35.0,6.1496317209191945e-06,1.0,60.0,-4.3310227013324504e-05,-5.922434163236642e-07,35.0,0.9998826666666666,0.9996076666666667,0.9997451666666667,0.0,0.0,50.0,0.9999,0.9996,0.99975,0.0,0.0,50.0,0.009290572966412437,49.98141885406717,24.06821280939077,0.0,50.0,1.1605497301589875,0.01285760205722919,0.0,0.0,0.0,0.0,0.0,1.0,-454.5,433.90000000000003,-9.19491671612015,0.0,futures_oi,-4.531868156e-05,0.0,0.0,0.0,0.0,0.0,0.0,0.0,0.0,12.0,60.0,1.0,0.0,0.0,0.0,False,False,,,,,,,,,,,,,,,False,0.0,,,,0.0,,,,,0.0
2026-09-29T23:12:19.385420+00:00,USD1USDT,0.99972,0.347,0.014493226187104507,-0.002881497392113057,1,-0.00900171032495409,-0.011001870317948399,49.77317885517635,-1.0,-6.179560423293404e-06,0.0,0.0,0.347,0.0,-0.002881497392113057,0.0,0.014493226187104507,0.0,1.0,0.0,0.0010002900841309492,-0.00900171032495409,-0.011001870317948399,-0.001000270072915136,-0.007001370267142261,0.0,1.0,0.0,1.0,0.32656926406946285,1.0,0.0,0.5,0.0,-0.796985983521162,1,200,7.0,0.0,NEUTRAL,7.0,5,3,"ichi_above_cloud,fib_dist_0.618<8%,fib_dist_0.5<8%,NO_ichi_below,NO_obi_bearish","mom_3_negative,NO_bos_up,NO_bb_breakout_above",-0.796985983521162,NEUTRAL,0.3863912858590079,0.3875392501018367,0.13980244274194714,0.00212718203256675,0.24658884311706075,0.0,0.0010002900841309492,50.0,0.0,0.5,0.0,0.0,0.0,0.003,99.87100388108664,1.00093552,1.00157552,0.006449805945668127,0.014003921097910314,0.0215580362501525,0.03231304765334815,0.015,52.0,1.0,0.0,0.0,none,none,up,fib_0.236,above,red,bearish,0.0,31.99999999999999,15.636904761904661,1.0,0.0,0.0,55.0,47.49616997475676,23.992243992058913,1.0,60.0,-68.00000000000001,0.0,0.0,50.0,-86.39711795168684,0.0,0.0,50.0,-5.638235294117607e-05,0.0,0.0,65.0,-14.82845803182081,0.0,35.17154196817919,50.65085989693313,0.0,50.0,-2.6572187776793563,0.0,39.37112488928258,16.035205483169,0.0,1.0,15.544781142299973,24.39444110195087,35.0,56.00000000000001,96.0,35.0,0.0,0.00333567362179847,1.0,0.0,30.0,0.0,0.8633193863319387,1.1576011157601114,35.0,0.003420459972347788,0.0,-3.6094552588213937,30.0,-20.18683208950227,-15.80811249026036,0.0,35.0,-0.07399102693960657,0.0,42.60089730603934,49.25481720965633,0.0,0.0,50.0,0.06488642609086127,1.0,55.0,0.599883128126425,0.08831997861638773,65.0,0.24794570619228018,0.0162522004275735,65.0,-0.0007759565398767601,0.0,35.0,1.4717713001248346e-09,1.0,60.0,0.004555558724358468,-0.00016726106577152599,35.0,0.0033754333333333338,0.003285433333333333,0.003330433333333333,0.0,0.0,50.0,0.003416,0.003241,0.0033285,0.0,0.0,50.0,2.5557000607476192,44.88859987850476,24.665366671832647,0.0,50.0,,,,,,,,,,,,,,,,,,,,,,,,,,0.0,0.0,0.0,False,False,,,,,,,,,,,,,,,False,0.0,,,,0.0,,,,,0.0
2026-09-29T23:12:19.385420+00:00,SOLIBUSDT,0.003297,0.819,1.410030559035743,-1.0116110800277787,0,-0.8122743682310504,-0.3927492447129906,44.68713675143678,0.0,-5.011129774618203e-06,0.0,0.0,0.819,0.0,-1.0116110800277787,0.0,1.410030559035743,0.0,0.0,0.0,0.9491733006736135,-0.8122743682310504,-0.3927492447129906,-2.6572187776793563,-1.2352350933065828,0.0,0.0,0.0,1.0,0.6357833544376655,0.0,1.0,0.5,0.0,-0.796985983521162,1,200,5.0,7.0,NEUTRAL,7.0,3,6,"fib_dist_0.618<8%,fib_dist_0.5<8%,NO_obi_bearish","ichi_below_cloud,vwap_below,mom_3_negative,NO_ichi_above,NO_bos_up,NO_bb_breakout_above",-0.796985983521162,NEUTRAL,0.8882607333650263,0.8752760546244314,0.9046964317934438,1.296834879138407,-0.016435698428417522,0.0,0.9491733006736135,50.0,0.0,0.5,0.0,0.0,0.0,0.384,69.1345162268729,0.002770162,0.002479162,1.6730967546254198,2.7145890203214966,3.756081286017586,5.238883833788286,2.244,43.0,0.0,1.0,0.0,none,none,down,fib_0.236,below,green,bearish,0.0,90.77669902912615,71.8921171294959,1.0,1.0,0.0,35.0,94.95043120158432,80.48879195646502,1.0,35.0,-9.223300970873845,0.0,1.0,30.0,43.43976863601515,0.0,0.0,50.0,0.00016647058823526795,1.0,0.0,70.0,-2.4200055748690605,0.0,47.57999442513094,61.09251905015268,0.0,50.0,0.6627088223111852,1.0,52.65083528924474,15.796549796747609,0.0,1.0,16.745567498200316,16.346473696887244,55.0,24.0,68.0,50.0,0.0,0.6941228896,0.0,1.0,70.0,1.0,1.0083661417322836,1.0378937007874012,40.0,0.6835570872435209,1.0,6.662634856165879,70.0,-12.838869602975528,-10.5385188841443,0.0,35.0,-0.05765844574324197,0.0,44.2341554256758,40.954104537171716,0.0,0.0,50.0,-0.06995832361923982,0.0,45.0,1.476591137137922,0.0355312939639927,65.0,-0.003931413476155023,0.044385832916376385,65.0,-0.0004193406286345705,0.0,35.0,0.0222311966996145,1.0,60.0,0.01296033998151654,0.0007868231446958271,65.0,0.7342133333333334,0.7059333333333333,0.7200733333333333,0.0,0.0,55.0,0.7485,0.6917,0.7201,0.0,0.0,50.0,3.710812857624125,42.57837428475175,24.194197283411658,0.0,50.0,,,,,,,,,,,,,,,,,,,,,,,,,,0.0,0.0,0.0,False,False,,,,,,,,,,,,,,,False,0.0,,,,0.0,,,,,0.0
2026-09-29T23:12:19.385420+00:00,ASTERUSDT,0.7291,0.407,2.004267892357544,1.5764510395103934,0,-0.041129695640262955,3.1404724855000703,54.98836542260972,1.0,0.0018423902587616538,1.0,0.0,0.407,0.0,1.5764510395103934,1.0,2.004267892357544,0.0,0.0,0.0,0.3855156271513183,-0.041129695640262955,3.1404724855000703,0.6627088223111852,-3.224040998511967,0.0,0.0,0.0,0.0,0.5897978457472856,0.0,0.0,0.5,0.0,-0.796985983521162,1,200,13.0,0.0,NEUTRAL,13.0,8,4,"ichi_above_cloud,vwap_above,fib_dist_0.618<8%,fib_dist_0.5<8%,mom_12_positive,NO_ichi_below,NO_obi_bearish,rsi_50_70","mom_3_negative,mom_accel_negative,NO_bos_up,NO_bb_breakout_above",-0.796985983521162,NEUTRAL,0.9172959156906265,0.8330538482846654,0.7278914807083083,1.474483680607277,0.18940443498231818,0.0,0.3855156271513183,50.0,25.0,0.49815515399369353,0.0,0.0,0.0,0.178,69.64881360581536,0.8922514000000001,0.9795514000000001,1.5702372788369265,2.983129886161027,4.396022493485112,6.407598408997399,1.67,52.0,1.0,0.0,0.0,correction,none,up,fib_0.236,above,red,bearish,0.0,66.89254598257496,47.316034167293026,1.0,0.0,0.0,55.0,91.51207349107102,43.53258433930022,1.0,35.0,-33.10745401742504,0.0,0.0,50.0,40.573608837691964,0.0,0.0,50.0,0.00018652676470588304,1.0,1.0,70.0,0.4281888050285355,1.0,50.42818880502853,47.867350873482806,0.0,50.0,-0.42117361799946257,0.0,48.31530552800215,13.761075731528411,0.0,1.0,25.343736024034385,22.10672580005203,55.0,24.0,8.0,55.0,1.0,0.0133135582,1.0,0.0,30.0,0.0,1.037344106797822,0.9919550324960474,70.0,0.011906965924905455,1.0,6.232772309713637,70.0,17.217994971698275,13.002513036334117,1.0,70.0,0.00509660846817898,1.0,50.5096608468179,54.55321999794969,0.0,0.0,50.0,-0.28873754813436525,0.0,30.0,-4.2767945095262645,-0.13379669647655443,35.0,-2.9947065247485267,-0.046673456017852236,35.0,-0.002003527848699711,0.0,35.0,9.758421186414688e-08,1.0,60.0,-0.03314781294680919,-0.0005349390640976055,35.0,0.012828973333333332,0.012385873333333334,0.012607423333333334,0.0,0.0,55.0,0.0133609,0.0121654,0.012763150000000001,0.0,0.0,50.0,2.8334396326410443,44.33312073471791,25.724907435761352,0.0,50.0,,,,,,,,,,,,,,,,,,,,,,,,,,0.0,0.0,0.0,False,False,,,,,,,,,,,,,,,False,0.0,,,,0.0,,,,,0.0
2026-09-29T23:12:19.385420+00:00,RAINUSDT,0.0126491,1.321,2.1210354051152107,0.23651405149800764,1,1.2308628044144523,1.303828996580247,53.284389767110476,0.0,1.3932279967384338e-05,0.0,0.0,1.321,0.0,0.23651405149800764,1.0,2.1210354051152107,0.0,1.0,0.0,-0.3552803642608381,1.2308628044144523,1.303828996580247,-0.42117361799946257,1.1587838058320032,0.0,0.0,0.0,0.0,0.47588339505172655,1.0,0.0,0.5,0.0,-0.796985983521162,1,200,48.0,0.0,LONG,48.0,10,4,"early_calm_accel,5m_volume_spike,5m_rvol>4,rvol>1.3,fib_dist_0.618<8%,fib_dist_0.5<8%,mom_3_low_positive,NO_ichi_below,NO_obi_bearish,rsi_50_70","5m_volume_spike,NO_ichi_above,NO_bos_up,NO_bb_breakout_above",-0.796985983521162,NEUTRAL,0.6937525372114878,0.339063814556157,0.32859253162596297,1.156284810726711,0.3651600055855248,0.0,-0.3552803642608381,65.0,52.0,0.393,1.095,0.926,1.0,0.813,83.74066139092899,0.020288933,0.024057432999999996,0.8129669304535507,2.702563818769724,6.218094567992986,11.223256990615928,4.182,42.0,0.0,0.0,1.0,impulse_5,wave_5_in_progress,up,fib_0.382,inside,red,bearish,1.0,,,,,,,,,,,,,,,,,,,,,,,,,,,,,,,,,,,,,,,,,,,,,,,,,,,,,,,,,,,,,,,,,,,,,,,,,,,,,,,,,,,,,,,,,,,,,,,,,,,,1.366631571619019,0.10041867471071045,0.0,0.0,0.0,0.0,0.0,1.0,607049.7999999995,139416.7400000001,0.0,0.0,unavailable,0.0,0.0,0.0,0.0,0.0,0.0,0.0,0.0,0.0,5.562532790565313,30.0,1.0,0.0,0.0,0.0,False,False,,,,,,,,,,,,,,,False,0.0,,,,0.0,,,,,0.0
