symbol,idx,price,fwd_4h,fwd_12h,mtf_mom_5m,mtf_mom_15m,mtf_mom_1h,mtf_mom_4h,mtf_alignment,mtf_mom_divergence,mtf_mom_avg,mtf_vol_rvol_5m,mtf_vol_rvol_15m,mtf_vol_rvol_1h,mtf_vol_rvol_4h,mtf_vol_surge,mtf_atr_5m,mtf_atr_15m,mtf_atr_1h,mtf_atr_4h,mtf_vol_compression,mtf_bb_width_5m,mtf_bb_width_15m,mtf_bb_width_1h,mtf_bb_width_4h,mtf_bb_breakout_5m,mtf_bb_breakout_15m,mtf_bb_breakout_1h,mtf_bb_breakout_4h,mtf_bb_breakout_aligned,mtf_rsi_5m,mtf_rsi_15m,mtf_rsi_1h,mtf_rsi_4h,mtf_rsi_all_oversold,mtf_rsi_all_overbought,mtf_composite_score
EPICUSDT,50,0.454,7.929515418502198,1.9823788546255523,0.4973474801061013,0.0,-1.7057569296375166,-6.967213114754093,0,7.4645605948601945,-2.043905641071377,0.5024451160744117,0.5327519358489303,0.1655060549826753,0.2613299613101332,0,0.6083540318057344,2.655783393235924,2.298234882326793,4.355925811129717,0.13966124727178417,1.5126919783176642,6.847902735574847,23.96742074172308,18.69358661042682,0,0,0,0,0,57.48578380859678,52.72651040483424,50.01169385843811,51.90057150835985,0,0,55.0
EPICUSDT,51,0.49,-2.6530612244897984,-4.4897959183673395,0.4973474801061013,0.0,-0.8830022075055195,4.4776119402985115,0,-3.9802644601924104,1.0229893032247732,0.5024451160744117,1.053798331519967,0.8090254611873333,1.6719394466899657,0,0.6083540318057344,2.0857478721963774,2.0382763019454875,4.665987483569619,0.13038055373014534,1.5126919783176642,4.563775660279116,16.610313999348243,20.229209045242968,0,0,0,0,0,57.48578380859678,53.069392666299805,43.07481917779413,61.310941896137976,0,0,55.0
EPICUSDT,52,0.477,-1.886792452830179,-1.2578616352201268,0.4973474801061013,1.111111111111112,1.495726495726485,3.6956521739130346,1,-3.198304693806933,1.6999593152141834,0.5024451160744117,0.8078507663562107,1.0878454986565562,1.1661923540609052,0,0.6083540318057344,1.6121066135459126,2.7291824156316125,5.13961369726542,0.11836571144041719,1.5126919783176642,4.509498642046999,10.606188222940945,20.47398475207993,0,0,0,0,0,57.48578380859678,58.285327745048114,55.98567396626617,56.9759906156752,0,0,75.0
EPICUSDT,53,0.468,-1.0683760683760692,-1.282051282051283,0.4973474801061013,-1.4519056261343024,3.9647577092510926,3.083700440528637,0,-2.586352960422536,1.5234750009378821,0.5024451160744117,1.1883122763449843,0.7710052589390002,0.49244001932407644,0,0.6083540318057344,2.443675563675444,3.084386681446835,5.154265039185418,0.11802924901624363,1.5126919783176642,3.8656610586276146,8.70571357835238,20.57091166025136,0,0,0,0,0,57.48578380859678,49.89830649772499,53.12534470318324,54.122927665071195,0,0,55.0
EPICUSDT,54,0.463,1.079913606911448,4.967602591792649,0.4973474801061013,3.6021505376343894,-1.4767932489451372,-5.510204081632647,0,6.007551561738748,-0.7218748282093235,0.5024451160744117,1.831254271931762,0.12390683435443925,0.1875977748072203,0,0.6083540318057344,2.123610852937613,2.6409619263384077,4.976635066091342,0.12224204180668138,1.5126919783176642,9.648427794134431,8.702067623511502,20.460646335772402,0,0,0,0,0,57.48578380859678,65.0675523517691,50.451554829568806,52.548608199077584,0,0,55.0
EPICUSDT,55,0.468,0.6410256410256298,14.102564102564102,0.4973474801061013,5.248899424314262,0.21505376344086038,-1.886792452830179,0,2.3841399329362805,1.0186270537577609,0.5024451160744117,1.793828246852794,0.40341268152942933,0.23429833413648024,0,0.6083540318057344,2.2776022638440563,2.2542587674147656,4.785464966850395,0.12712537569909935,1.5126919783176642,12.67103565142554,8.517022432074548,20.600162718583416,0,1,0,0,0,57.48578380859678,73.66987736509064,50.07528551106739,53.98989204887838,0,0,55.0
EPICUSDT,56,0.471,-1.9108280254776968,12.314225053078568,0.4973474801061013,-0.2152317880794649,-0.4228329809725162,0.6410256410256298,0,-0.14367816091952845,0.1250770880199375,0.5024451160744117,0.8211965844481208,0.7442662892623806,0.300711495403281,0,0.6083540318057344,3.689661634374851,2.1039529624597986,4.566995580575947,0.13320661714522933,1.5126919783176642,11.33392285227006,5.880088182183419,20.689484915967032,0,0,0,0,0,57.48578380859678,51.918258587628344,52.44989345469266,54.87551478843791,0,0,55.0
EPICUSDT,57,0.462,5.194805194805187,18.398268398268403,0.4973474801061013,1.7429193899782074,-1.0615711252653819,-0.2159827213822896,0,0.7133302014883909,0.2406782558591593,0.5024451160744117,0.39908465149028566,1.4109539715887214,0.5451168028303318,0,0.6083540318057344,2.33272571931866,1.9716704940618175,4.570765915254564,0.13309673763327098,1.5126919783176642,3.8904388703465203,4.3330076498513606,20.70939070569321,0,0,0,0,0,57.48578380859678,55.56966524312223,48.34017036244629,51.662749766553716,0,0,55.0
EPICUSDT,58,0.486,9.876543209876552,27.983539094650205,0.4973474801061013,-0.808314087759818,6.318082788671017,3.8461538461538374,0,-3.348806366047736,2.4633175067927846,0.5024451160744117,1.2274930985030943,2.140638547719527,1.4773884044596022,0,0.6083540318057344,1.5781586877950633,2.1371945078968975,4.563788960467212,0.13330021109114892,1.5126919783176642,2.1011265485102846,5.274216552098589,21.3706532123316,0,0,1,0,0,57.48578380859678,49.43697964260082,62.32724864732664,58.620090970919364,0,0,55.0
EPICUSDT,59,0.534,-0.936329588014982,22.659176029962545,0.4973474801061013,-0.6650041562759773,11.042944785276083,13.375796178343963,0,-12.878448698237861,6.062771071862542,0.5024451160744117,1.2475453197525046,5.833100910567635,2.8451970247595413,0,0.6083540318057344,1.40636461651323,2.3931969923300236,4.632693773706775,0.13131755767206038,1.5126919783176642,2.3977649345463723,15.186407988774473,25.447945995839145,0,0,1,1,0,57.48578380859678,46.16100983431324,78.81868432184915,68.41253012069747,0,0,55.0
EPICUSDT,60,0.529,3.4026465028355415,19.470699432892243,0.4973474801061013,0.16837851490149872,1.5267175572519098,14.502164502164502,1,-14.0048170220584,4.173652013606003,0.5024451160744117,0.7059376318118286,0.4437911567005858,0.9649919260228312,0,0.6083540318057344,1.4994562619322753,2.5598615864346663,4.612497998524498,0.1318925302515778,1.5126919783176642,2.501394776815482,21.952584866972234,27.60767809165854,0,0,0,0,0,57.48578380859678,45.66960232875925,68.6981613431924,66.64335170887142,0,0,75.0
EPICUSDT,61,0.547,13.711151736745878,26.14259597806214,0.4973474801061013,-0.6752305665349132,2.079395085066164,12.551440329218119,0,-12.054092849112017,3.6132380819638676,0.5024451160744117,0.7019533857375205,0.43776106544661914,0.8327369452463589,0,0.6083540318057344,1.3547446582674378,2.5505139641722097,4.546898502984196,0.13379538412974532,1.5126919783176642,2.657173093398504,24.029257391799124,29.793490268506233,0,0,0,1,0,57.48578380859678,50.72813688405794,70.26969823260048,69.68291126969447,0,0,55.0
EPICUSDT,62,0.622,5.3054662379421265,17.684887459807072,0.4973474801061013,0.2643754130865905,5.185185185185169,16.479400749063664,1,-15.982053268957563,5.606577206860381,0.5024451160744117,0.1378734165556224,3.802083449557474,3.606848211759072,0,0.6083540318057344,1.1788854516494958,2.853153168216209,4.723586960808523,0.12879069166149198,1.5126919783176642,1.9318306340870017,24.662162679795376,38.1844327312917,0,0,0,1,0,57.48578380859678,54.80540936809077,76.83842587142642,78.48150963645571,0,0,75.0
EPICUSDT,63,0.655,-3.511450381679392,10.992366412213734,0.4973474801061013,0.2643754130865905,2.8006589785831983,23.81852551984877,1,-23.32117803974267,6.845226847906165,0.5024451160744117,0.1378734165556224,1.990111193822892,2.8092559300519393,0,0.6083540318057344,1.1788854516494958,3.7167047258143806,5.015804161951769,0.12128743710141375,1.5126919783176642,1.9318306340870017,29.266098849192367,46.48545975935495,0,0,0,1,0,57.48578380859678,54.80540936809077,81.79729022125531,81.08296525060602,0,0,75.0
EPICUSDT,64,0.632,9.177215189873408,7.120253164556968,0.4973474801061013,0.2643754130865905,3.8759689922480653,15.539305301645332,1,-15.04195782153923,5.044249296771522,0.5024451160744117,0.1378734165556224,1.6650073659782754,2.7858122143882422,0,0.6083540318057344,1.1788854516494958,3.8069200602270183,5.810304299165836,0.10470261116841567,1.5126919783176642,1.9318306340870017,35.49178241432601,49.496700551653234,0,0,0,1,0,57.48578380859678,54.80540936809077,86.32940111265097,74.33751079292622,0,0,75.0
EPICUSDT,65,0.69,6.086956521739136,-22.89855072463767,0.4973474801061013,0.2643754130865905,13.56783919597991,10.932475884244365,1,-10.435128404138263,6.3155094933542415,0.5024451160744117,0.1378734165556224,1.3054993060541291,2.043472581696178,0,0.6083540318057344,1.1788854516494958,4.925539082662229,5.8320352093112335,0.10431247582909936,1.5126919783176642,1.9318306340870017,35.2568980528428,54.93708304059871,0,0,0,1,0,57.48578380859678,54.80540936809077,67.74628959445548,79.06685491823163,0,0,75.0
EPICUSDT,66,0.732,-0.683060109289618,-40.7103825136612,0.4973474801061013,0.2643754130865905,2.020202020202022,11.755725190839687,1,-11.258377710733585,3.6344125260586004,0.5024451160744117,0.1378734165556224,0.4799675666857762,0.9751942570555681,0,0.6083540318057344,1.1788854516494958,4.831765868257943,5.670702168961921,0.10728019452961321,1.5126919783176642,1.9318306340870017,32.31940210966082,64.05588711050636,0,0,0,1,0,57.48578380859678,54.80540936809077,70.99752663862519,81.69726843107975,0,0,75.0
EPICUSDT,67,0.727,-6.877579092159551,-45.529573590096284,0.4973474801061013,0.2643754130865905,0.14104372355430195,15.03164556962025,1,-14.534298089514149,3.9836030465918113,0.5024451160744117,0.1378734165556224,0.27805413921435707,0.7495346537780333,0,0.6083540318057344,1.1788854516494958,4.5808504792994045,5.635920793853572,0.10794226073389708,1.5126919783176642,1.9318306340870017,24.394867278357726,69.69830617810709,0,0,0,0,0,57.48578380859678,54.80540936809077,66.62165760695646,80.40199409461302,0,0,75.0
EPICUSDT,68,0.677,-21.418020679468246,-42.9837518463811,0.4973474801061013,0.2643754130865905,-3.1420765027322433,-1.8840579710144787,0,2.38140545112058,-1.0661028951385076,0.5024451160744117,0.1378734165556224,0.6223506676301062,0.7384977158651541,0,0.6083540318057344,1.1788854516494958,4.758239620527248,6.653839145675258,0.09142902593326761,1.5126919783176642,1.9318306340870017,20.381418056887668,70.42983767867526,0,0,0,0,0,57.48578380859678,54.80540936809077,62.27718264678201,68.67613309187965,0,0,55.0
EPICUSDT,69,0.532,-18.421052631578952,-28.947368421052634,0.4973474801061013,0.2643754130865905,-13.77331420373027,-27.322404371584696,0,27.819751851690796,-10.083498920530568,0.5024451160744117,0.1378734165556224,1.1831915556079895,1.4127467226070176,0,0.6083540318057344,1.1788854516494958,5.96391469918992,9.90338860379806,0.06142887612957285,1.5126919783176642,1.9318306340870017,22.522324505095355,68.41066189948938,0,0,0,0,0,57.48578380859678,54.80540936809077,36.5705344651432,47.18482154675305,0,0,55.0
EPICUSDT,70,0.434,-8.75576036866359,-2.7649769585253483,0.4973474801061013,0.2643754130865905,-24.73498233215547,-40.30261348005502,0,40.79996096016112,-16.06896822975445,0.5024451160744117,0.1378734165556224,3.4185158157982456,2.4339407818873826,0,0.6083540318057344,1.1788854516494958,9.684000260177534,13.263962406824783,0.0458651806410967,1.5126919783176642,1.9318306340870017,51.4475652842766,69.37301518622976,0,0,0,0,0,57.48578380859678,54.80540936809077,19.38811470959058,38.431265304756295,0,0,55.0
EPICUSDT,71,0.396,-2.5252525252525273,-14.898989898989898,0.4973474801061013,0.2643754130865905,2.540415704387993,-41.506646971935005,0,42.003994452041105,-9.55112709358858,0.5024451160744117,0.1378734165556224,1.1429651242857417,2.169569635532584,0,0.6083540318057344,1.1788854516494958,8.26054058214157,14.92339031372753,0.04076513573769693,1.5126919783176642,1.9318306340870017,78.76101910332217,73.75079852828952,0,0,0,0,0,57.48578380859678,54.80540936809077,25.21058644434993,35.668114630560225,0,0,55.0
EPICUSDT,72,0.386,-2.072538860103629,-5.958549222797933,0.4973474801061013,0.2643754130865905,4.4270833333333375,-27.44360902255639,0,27.94095650266249,-5.56370069900759,0.5024451160744117,0.1378734165556224,0.7182155001872317,1.4648246936638054,0,0.6083540318057344,1.1788854516494958,9.214359263203539,14.99363681255909,0.04057414751410812,1.5126919783176642,1.9318306340870017,94.866719528202,78.09837332758127,0,0,0,0,0,57.48578380859678,54.80540936809077,25.675463826366936,34.955850869144996,0,0,55.0
EPICUSDT,73,0.378,11.640211640211636,1.322751322751324,0.4973474801061013,0.2643754130865905,0.5089058524173032,-12.903225806451612,0,13.400573286557714,-2.908149265210404,0.5024451160744117,0.1378734165556224,1.1125219288609636,1.3897814610512993,0,0.6083540318057344,1.1788854516494958,8.429880039531184,15.067662419769748,0.04037481162356907,1.5126919783176642,1.9318306340870017,87.17900653657603,82.4197003060384,0,0,0,0,0,57.48578380859678,54.80540936809077,29.766247832527384,34.36463363722059,0,0,55.0
EPICUSDT,74,0.422,-20.14218009478672,-8.530805687203786,0.4973474801061013,0.2643754130865905,-3.299492385786805,6.565656565656557,0,-6.068309085550456,1.006971768265611,0.5024451160744117,0.1378734165556224,1.4829374909357862,2.1018025461081473,0,0.6083540318057344,1.1788854516494958,8.767897214235894,14.445242574601988,0.04211449054343738,1.5126919783176642,1.9318306340870017,50.00610764936879,84.05349569415014,0,0,0,0,0,57.48578380859678,54.80540936809077,29.116838290819658,40.341166803781356,0,0,55.0
EPICUSDT,75,0.337,7.71513353115726,20.77151335311571,0.4973474801061013,0.2643754130865905,9.383378016085784,-12.694300518134712,0,13.191647998240814,-0.6372999022140591,0.5024451160744117,0.1378734165556224,1.06601332987783,2.3789980723893636,0,0.6083540318057344,1.1788854516494958,8.73507480798037,19.446079008958563,0.03128414892922493,1.5126919783176642,1.9318306340870017,22.34054940172351,90.69091849846114,0,0,0,0,0,57.48578380859678,54.80540936809077,40.61966981035912,33.91621676257736,0,0,55.0
EPICUSDT,76,0.363,5.509641873278242,34.98622589531681,0.4973474801061013,0.2643754130865905,6.8656716417910335,-3.9682539682539715,0,4.465601448360073,0.9147851416824385,0.5024451160744117,0.1378734165556224,0.5806612324606025,0.9916026457833054,0,0.6083540318057344,1.1788854516494958,10.20469593158757,17.629530133460737,0.034507671344631154,1.5126919783176642,1.9318306340870017,25.625632787877763,95.37101261831631,0,0,0,0,0,57.48578380859678,54.80540936809077,36.38217835810705,37.2104026580522,0,0,55.0
EPICUSDT,77,0.383,0.7832898172323766,-10.443864229765008,0.4973474801061013,0.2643754130865905,1.3888888888888902,-9.241706161137436,0,9.739053641243538,-1.7727735947639636,0.5024451160744117,0.1378734165556224,0.47176722501215146,0.8569402001759587,0,0.6083540318057344,1.1788854516494958,8.620192695091514,16.485220570645506,0.03690299618368487,1.5126919783176642,1.9318306340870017,26.318787365977087,98.52583254917428,0,0,0,0,0,57.48578380859678,54.80540936809077,39.10659362104973,39.700455524758915,0,0,55.0
EPICUSDT,78,0.386,5.440414507772011,-9.32642487046633,0.4973474801061013,0.2643754130865905,0.5194805194805199,14.540059347181005,1,-14.042711867074903,3.9553156899635544,0.5024451160744117,0.1378734165556224,0.36159120580226584,0.3695420534357664,0,0.6083540318057344,1.1788854516494958,7.165738913496806,15.57733405278386,0.03905379635207953,1.5126919783176642,1.9318306340870017,25.934945189468962,101.97979219202706,0,0,0,0,0,57.48578380859678,54.80540936809077,45.51469056508417,40.08428432927565,0,0,75.0
EPICUSDT,79,0.407,20.393120393120398,-11.547911547911545,0.4973474801061013,0.2643754130865905,5.789473684210531,12.121212121212118,1,-11.623864641106016,4.668102174653836,0.5024451160744117,0.1378734165556224,0.6309488656320066,0.41605122141489104,0,0.6083540318057344,1.1788854516494958,6.0648625200310375,14.20973363932422,0.042812486655074714,1.5126919783176642,1.9318306340870017,26.584015728809447,104.9012219866984,0,0,0,0,0,57.48578380859678,54.80540936809077,50.89973292986428,42.82770183401983,0,0,75.0
EPICUSDT,80,0.49,-29.999999999999993,-31.632653061224485,0.4973474801061013,0.2643754130865905,23.30827067669172,27.937336814621403,1,-27.439989334515303,13.001832596126453,0.5024451160744117,0.1378734165556224,3.0997977231757847,1.6507998645783282,0,0.6083540318057344,1.1788854516494958,5.423571841821909,12.286253744265954,0.049515014459932984,1.5126919783176642,1.9318306340870017,36.15001454146338,105.31700662960384,0,0,1,0,0,57.48578380859678,54.80540936809077,71.22203843430599,52.152759585985585,0,0,75.0
EPICUSDT,81,0.343,2.0408163265305976,-0.5830903790087468,0.4973474801061013,0.2643754130865905,4.690831556503203,-11.13989637305699,0,11.637243853163092,-1.4218354808402738,0.5024451160744117,0.1378734165556224,0.9116137719280948,2.4799245443691778,0,0.6083540318057344,1.1788854516494958,5.807528887538351,20.40054901103168,0.029820473531215485,1.5126919783176642,1.9318306340870017,44.71158961680127,111.04003571740276,0,0,0,0,0,57.48578380859678,54.80540936809077,65.53542316826457,39.778087387170714,0,0,55.0
EPICUSDT,82,0.35,2.85714285714286,-5.142857142857132,0.4973474801061013,0.2643754130865905,-24.15841584158416,-14.004914004914005,0,14.502261485020107,-9.350401738326369,0.5024451160744117,0.1378734165556224,1.3138928351625958,1.3427017497748077,0,0.6083540318057344,1.1788854516494958,10.966702895869549,19.727764906161283,0.03083745344186133,1.5126919783176642,1.9318306340870017,46.39504183042094,114.6948353160843,0,0,0,0,0,57.48578380859678,54.80540936809077,44.36790456824053,40.5020626194521,0,0,55.0
EPICUSDT,83,0.36,-6.944444444444435,-8.055555555555548,0.4973474801061013,0.2643754130865905,-4.594594594594599,-26.53061224489796,0,27.02795972500406,-7.590870986574966,0.5024451160744117,0.1378734165556224,0.3596211513755264,0.5116508539686833,0,0.6083540318057344,1.1788854516494958,10.268462602015765,18.30581950853846,0.03323282148182316,1.5126919783176642,1.9318306340870017,51.74280999009157,115.6614697414192,0,0,0,0,0,57.48578380859678,54.80540936809077,40.98334978642871,41.58249798202808,0,0,55.0
EPICUSDT,84,0.335,1.7910447761194044,-3.5820895522388088,0.4973474801061013,0.2643754130865905,-6.371191135734063,-2.3323615160349873,0,2.829708996141089,-1.9854574396440894,0.5024451160744117,0.1378734165556224,0.4269986866971114,0.4841541532052364,0,0.6083540318057344,1.1788854516494958,9.353557597794925,18.97041264391471,0.03206857137084369,1.5126919783176642,1.9318306340870017,58.200410539237055,117.53054248266037,0,0,0,0,0,57.48578380859678,54.80540936809077,38.967022418441125,39.64428217723314,0,0,55.0
EPICUSDT,85,0.341,-2.6392961876832866,-4.985337243401763,0.4973474801061013,0.2643754130865905,1.4792899408284035,-2.571428571428558,0,3.068776051534659,-0.08260393435186564,0.5024451160744117,0.1378734165556224,0.42081814883275304,0.460319581148617,0,0.6083540318057344,1.1788854516494958,8.444722375615925,18.080466498585785,0.03364703183146953,1.5126919783176642,1.9318306340870017,61.17334309810661,113.87664673175928,0,0,0,0,0,57.48578380859678,54.80540936809077,41.39518106339332,40.362746349781276,0,0,55.0
EPICUSDT,86,0.332,-0.3012048192771087,-3.0120481927710867,0.4973474801061013,0.2643754130865905,-1.4409221902017144,-7.77777777777777,0,8.275125257883872,-2.114244268696698,0.5024451160744117,0.1378734165556224,0.6051750647739707,0.3389354318757891,0,0.6083540318057344,1.1788854516494958,7.320534428659907,17.738964713474783,0.03429478786569882,1.5126919783176642,1.9318306340870017,39.62988767493281,102.3622816958521,0,0,0,0,0,57.48578380859678,54.80540936809077,42.039132334498085,39.601243621404954,0,0,55.0
EPICUSDT,87,0.331,-2.4169184290030232,-4.531722054380668,0.4973474801061013,0.2643754130865905,0.2915451895043572,-1.1940298507462697,0,1.691377330852371,-0.035190442012305145,0.5024451160744117,0.1378734165556224,1.1889828542113032,0.5360243143085078,0,0.6083540318057344,1.1788854516494958,6.473174185038482,17.017991304134046,0.03574769906351708,1.5126919783176642,1.9318306340870017,11.419020702104886,82.2987394556695,0,0,0,0,0,57.48578380859678,54.80540936809077,44.161784834797025,39.512044119958496,0,0,55.0
EPICUSDT,88,0.323,0.30959752321981454,-0.30959752321981454,0.4973474801061013,0.2643754130865905,-4.692082111436954,-5.278592375366573,0,5.775939855472674,-2.3022378984027085,0.5024451160744117,0.1378734165556224,1.3159605762577187,0.5820927245909915,0,0.6083540318057344,1.1788854516494958,6.3141986349610795,16.702436218860857,0.03642307169050968,1.5126919783176642,1.9318306340870017,10.50715913093437,56.08895081151757,0,0,0,0,0,57.48578380859678,54.80540936809077,39.1368143382792,38.75988325524325,0,0,55.0
EPICUSDT,89,0.324,-0.6172839506172845,-5.55555555555556,0.4973474801061013,0.2643754130865905,-3.264094955489617,-2.4096385542168695,0,2.906986034322971,-1.2280026541284488,0.5024451160744117,0.1378734165556224,1.2729195768941446,0.3642553037297816,0,0.6083540318057344,1.1788854516494958,5.789138204514185,15.770178501542489,0.038576229923220656,1.5126919783176642,1.9318306340870017,9.576366312823328,45.539851648880735,0,0,0,0,0,57.48578380859678,54.80540936809077,41.4821011156922,38.91641428934817,0,0,55.0
EPICUSDT,90,0.322,-1.8633540372670823,1.2422360248447217,0.4973474801061013,0.2643754130865905,-1.2383900928792582,-2.719033232628401,0,3.2163807127345025,-0.7989251080787418,0.5024451160744117,0.1378734165556224,0.7668925759239509,0.30295064962469764,0,0.6083540318057344,1.1788854516494958,4.965865014811968,15.000885503215834,0.040554541375262,1.5126919783176642,1.9318306340870017,11.038731906409437,44.8006666054296,0,0,0,0,0,57.48578380859678,54.80540936809077,39.22336559060876,38.70334169802497,0,0,55.0
EPICUSDT,91,0.316,1.8987341772151916,5.063291139240511,0.4973474801061013,0.2643754130865905,-0.6250000000000006,-2.1671826625387016,0,2.6645301426448027,-0.5076149423365026,0.5024451160744117,0.1378734165556224,0.16451876613652192,0.2964451870292171,0,0.6083540318057344,1.1788854516494958,4.202585314744237,14.397311644769772,0.042254696349976986,1.5126919783176642,1.9318306340870017,9.89081953212529,46.095117989046166,0,0,0,0,0,57.48578380859678,54.80540936809077,39.24843762865482,38.03062201276268,0,0,55.0
EPICUSDT,92,0.322,-4.968944099378887,16.770186335403725,0.4973474801061013,0.2643754130865905,4.1009463722397514,-0.6172839506172845,0,1.1146314307233858,1.0613463287037899,0.5024451160744117,0.1378734165556224,2.6484912144339283,1.2508969197131434,0,0.6083540318057344,1.1788854516494958,3.9788702669233804,13.962767576910876,0.04356973131972213,1.5126919783176642,1.9318306340870017,8.852202759948687,47.0059821669207,0,0,0,0,0,57.48578380859678,54.80540936809077,49.21739081563709,39.169280039670355,0,0,55.0
EPICUSDT,93,0.306,6.535947712418307,16.013071895424833,0.4973474801061013,0.2643754130865905,-10.294117647058831,-4.968944099378887,0,5.466291579484988,-3.625334713311257,0.5024451160744117,0.1378734165556224,1.5176979562103343,0.9977428343041496,0,0.6083540318057344,1.1788854516494958,4.7378798382237886,14.156896609932057,0.04297227341329394,1.5126919783176642,1.9318306340870017,9.576254452652117,48.856901625003886,0,0,0,0,0,57.48578380859678,54.80540936809077,37.976516616250656,37.20599862068103,0,0,55.0
EPICUSDT,94,0.326,1.8404907975460139,7.975460122699377,0.4973474801061013,0.2643754130865905,-0.9615384615384625,3.1645569620253196,0,-2.667209481919218,0.7411853484198873,0.5024451160744117,0.1378734165556224,0.7802558023406841,1.0136015625095793,0,0.6083540318057344,1.1788854516494958,4.213864903592492,13.040345029428074,0.04665168217810689,1.5126919783176642,1.9318306340870017,10.523838742369609,46.69040458232799,0,0,0,0,0,57.48578380859678,54.80540936809077,42.09053599067639,41.17510573148946,0,0,55.0
EPICUSDT,95,0.332,13.253012048192767,10.240963855421677,0.4973474801061013,0.2643754130865905,-0.6369426751592362,3.105590062111804,0,-2.608242582005703,0.8075925700363149,0.5024451160744117,0.1378734165556224,0.439565274997463,0.7278740299995894,0,0.6083540318057344,1.1788854516494958,4.1841647521544765,12.363378277692808,0.04920613267195626,1.5126919783176642,1.9318306340870017,10.67348697242767,46.83031558467283,0,0,0,0,0,57.48578380859678,54.80540936809077,44.88975353001787,42.35233837058168,0,0,55.0
EPICUSDT,96,0.376,-5.585106382978728,-7.1808510638297935,0.4973474801061013,0.2643754130865905,7.523510971786839,22.875816993464053,1,-22.378469513357953,7.790262714610896,0.5024451160744117,0.1378734165556224,1.7710569602279962,1.9444449980087486,0,0.6083540318057344,1.1788854516494958,3.954614847048105,11.143681733761811,0.05459183475804188,1.5126919783176642,1.9318306340870017,13.51889230372424,47.09709359091507,0,0,1,0,0,57.48578380859678,54.80540936809077,59.37590227624981,50.219944738014334,0,0,75.0
EPICUSDT,97,0.355,-0.845070422535212,-5.070422535211256,0.4973474801061013,0.2643754130865905,-0.8356545961002793,8.895705521472383,0,-8.398358041366281,2.2054434546411987,0.5024451160744117,0.1378734165556224,0.9722379244086655,1.4411038507196183,0,0.6083540318057344,1.1788854516494958,4.563676640158386,11.664047548214834,0.05215634018045839,1.5126919783176642,1.9318306340870017,24.422764653394573,46.52283696175837,0,0,0,0,0,57.48578380859678,54.80540936809077,58.75198421568787,46.92805851539321,0,0,55.0
EPICUSDT,98,0.352,3.9772727272727315,-5.113636363636353,0.4973474801061013,0.2643754130865905,-0.28409090909090934,6.0240963855421565,0,-5.5267489054360555,1.6254320924109849,0.5024451160744117,0.1378734165556224,0.41793493702565987,0.5872794900972814,0,0.6083540318057344,1.1788854516494958,4.526875968774041,11.288469852883818,0.05389162922292084,1.5126919783176642,1.9318306340870017,26.115065801651127,45.7255898726635,0,0,0,0,0,57.48578380859678,54.80540936809077,54.9733541042481,46.4595363940822,0,0,55.0
EPICUSDT,99,0.366,-4.644808743169404,-9.016393442622944,0.4973474801061013,0.2643754130865905,6.01719197707737,-2.659574468085109,0,3.1569219481912105,1.0298351005462383,0.5024451160744117,0.1378734165556224,1.569198729607375,1.3975531476696992,0,0.6083540318057344,1.1788854516494958,3.8746966843065502,10.588610079390389,0.05745362490869612,1.5126919783176642,1.9318306340870017,22.047075844021123,43.512618314648975,0,0,0,0,0,57.48578380859678,54.80540936809077,61.76720893222556,49.01758830707767,0,0,55.0
EPICUSDT,100,0.349,-3.438395415472767,-6.303724928366752,0.4973474801061013,0.2643754130865905,-1.6483516483516498,-1.690140845070424,0,2.1874883251765254,-0.6441924000573456,0.5024451160744117,0.1378734165556224,0.8337573164475081,0.8448353043735758,0,0.6083540318057344,1.1788854516494958,4.055233070381623,10.741016528395306,0.05663840384170992,1.5126919783176642,1.9318306340870017,15.531638396523414,20.851776906375736,0,0,0,0,0,57.48578380859678,54.80540936809077,54.91925197257729,46.13512056773216,0,0,55.0
EPICUSDT,101,0.337,-0.8902077151335319,7.71513353115726,0.4973474801061013,0.2643754130865905,-4.178272980501397,-4.261363636363625,0,4.758711116469726,-1.9194784309180826,0.5024451160744117,0.1378734165556224,0.4366674891104075,0.538789807840619,0,0.6083540318057344,1.1788854516494958,3.866303375054383,10.710468840468314,0.056799944135698006,1.5126919783176642,1.9318306340870017,9.108631318299057,20.82791601095137,0,0,0,0,0,57.48578380859678,54.80540936809077,47.607556537075595,44.161022845811225,0,0,55.0
EPICUSDT,102,0.334,-0.29940119760479067,13.473053892215564,0.4973474801061013,0.2643754130865905,-1.1695906432748548,-8.743169398907098,0,9.2405168790132,-2.287759287247315,0.5024451160744117,0.1378734165556224,0.463011664991202,0.31135314031694944,0,0.6083540318057344,1.1788854516494958,3.5435932142930504,10.312781007290777,0.05899029867653054,1.5126919783176642,1.9318306340870017,10.418242971224222,20.624732391726607,0,0,0,0,0,57.48578380859678,54.80540936809077,44.99994494974222,43.65807121071805,0,0,55.0
EPICUSDT,103,0.333,-1.8018018018018032,17.117117117117115,0.4973474801061013,0.2643754130865905,4.204204204204191,-4.5845272206303616,0,5.081874700736463,0.09534996919163041,0.5024451160744117,0.1378734165556224,0.8663551245604283,0.41098152660496934,0,0.6083540318057344,1.1788854516494958,3.081516169878879,10.01246141863075,0.060759687989782006,1.5126919783176642,1.9318306340870017,12.360169365769154,19.738013391638784,0,0,0,0,0,57.48578380859678,54.80540936809077,51.952508345745,43.4803074883169,0,0,55.0
EPICUSDT,104,0.327,11.009174311926598,15.596330275229352,0.4973474801061013,0.2643754130865905,-0.5865102639296192,-2.9673590504451064,0,3.464706530551208,-0.6980366052955085,0.5024451160744117,0.1378734165556224,0.4383664805519917,0.4269439304648526,0,0.6083540318057344,1.1788854516494958,3.135023064902973,9.926593595730127,0.06128527635778449,1.5126919783176642,1.9318306340870017,11.606859704308327,19.8879872610944,0,0,0,0,0,57.48578380859678,54.80540936809077,47.67653474280684,42.36568260801461,0,0,55.0
EPICUSDT,105,0.363,4.407713498622594,6.060606060606066,0.4973474801061013,0.2643754130865905,5.988023952095797,8.682634730538913,1,-8.185287250432811,3.8580953939568507,0.5024451160744117,0.1378734165556224,1.2127229648292395,0.850522734762824,0,0.6083540318057344,1.1788854516494958,3.1819629711960293,9.18889204554285,0.06620537370452857,1.5126919783176642,1.9318306340870017,8.73151666012367,21.060022121461543,0,0,0,0,0,57.48578380859678,54.80540936809077,56.99756877877271,50.55575612073841,0,0,75.0
EPICUSDT,106,0.379,2.902374670184699,0.2638522427440636,0.4973474801061013,0.2643754130865905,3.9325842696629247,13.813813813813807,1,-13.316466333707705,4.627030244167356,0.5024451160744117,0.1378734165556224,2.020368694060921,1.6375614405902865,0,0.6083540318057344,1.1788854516494958,3.1490775046431074,8.718880807183698,0.06977432600116482,1.5126919783176642,1.9318306340870017,13.958180752423871,23.57081151748335,0,0,1,1,0,57.48578380859678,54.80540936809077,64.22475535815796,53.70456961019452,0,0,75.0
EPICUSDT,107,0.39,-3.0769230769230793,-4.102564102564106,0.4973474801061013,0.2643754130865905,0.0,19.266055045871557,0,-18.768707565765457,5.006944484766062,0.5024451160744117,0.1378734165556224,0.6796362460732568,1.6381611162415979,0,0.6083540318057344,1.1788854516494958,3.1573010356038376,8.527092625823093,0.07134366407178695,1.5126919783176642,1.9318306340870017,19.409735763696805,26.661917502022963,0,0,0,1,0,57.48578380859678,54.80540936809077,62.905159952164716,55.78914449985328,0,0,55.0
EPICUSDT,108,0.378,1.8518518518518534,3.174603174603177,0.4973474801061013,0.2643754130865905,-0.5063291139240511,4.132231404958682,0,-3.6348839248525806,1.0969062960568305,0.5024451160744117,0.1378734165556224,0.539480624273562,0.8497783246876887,0,0.6083540318057344,1.1788854516494958,3.340365412408323,8.509516177801038,0.07149102476504611,1.5126919783176642,1.9318306340870017,23.77096811329037,27.484447944188577,0,0,0,0,0,57.48578380859678,54.80540936809077,67.82122530351576,52.9861945059489,0,0,55.0
EPICUSDT,109,0.385,-1.2987012987012998,-0.25974025974025994,0.4973474801061013,0.2643754130865905,-0.2624671916010501,1.5831134564643814,0,-1.08576597635828,0.5205922895140058,0.5024451160744117,0.1378734165556224,0.24736200912649672,0.4454121549777092,0,0.6083540318057344,1.1788854516494958,3.240093312388417,8.12908395133846,0.0748367264315887,1.5126919783176642,1.9318306340870017,20.13964554652372,28.494559733778257,0,0,0,0,0,57.48578380859678,54.80540936809077,57.22400157122902,54.424652275150976,0,0,55.0
EPICUSDT,110,0.38,-1.578947368421054,2.1052631578947385,0.4973474801061013,0.2643754130865905,0.0,-2.5641025641025665,0,3.0614500442086676,-0.4505949177274687,0.5024451160744117,0.1378734165556224,0.4391789412070883,0.8646989634570633,0,0.6083540318057344,1.1788854516494958,3.0886121624770415,8.117681424144548,0.07494184607889359,1.5126919783176642,1.9318306340870017,10.319158179970882,28.544904293683892,0,0,0,0,0,57.48578380859678,54.80540936809077,57.59196785224671,53.17318067904331,0,0,55.0
EPICUSDT,111,0.374,4.278074866310164,9.625668449197855,0.4973474801061013,0.2643754130865905,3.4946236559139816,-1.0582010582010593,0,1.5555485383071606,0.7995363727264035,0.5024451160744117,0.1378734165556224,0.9274674947494945,1.0030244285858179,0,0.6083540318057344,1.1788854516494958,3.3353201829758845,8.28902716487282,0.07339269370280421,1.5126919783176642,1.9318306340870017,6.938372023798824,27.40937623085804,0,0,0,0,0,57.48578380859678,54.80540936809077,55.54531128888788,51.638682364761465,0,0,55.0
EPICUSDT,112,0.39,-1.5384615384615397,2.051282051282053,0.4973474801061013,0.2643754130865905,-1.5384615384615397,1.2987012987012998,0,-0.8013538185951985,0.130490663358113,0.5024451160744117,0.1378734165556224,1.180736658560555,0.5963123557735472,0,0.6083540318057344,1.1788854516494958,3.408365187343279,7.802426753775027,0.07796984848481867,1.5126919783176642,1.9318306340870017,6.456650383637445,27.320828530170772,0,0,0,0,0,57.48578380859678,54.80540936809077,54.00045693531692,55.33991778867435,0,0,55.0
EPICUSDT,113,0.384,1.0416666666666676,1.3020833333333344,0.4973474801061013,0.2643754130865905,-0.25706940874036016,1.0526315789473693,0,-0.555284098841268,0.3893212658499252,0.5024451160744117,0.1378734165556224,0.37871063420029705,0.6112846313168244,0,0.6083540318057344,1.1788854516494958,3.0321938290071087,7.693136838102566,0.07907750045373933,1.5126919783176642,1.9318306340870017,5.8734769374052025,24.49989948828925,0,0,0,0,0,57.48578380859678,54.80540936809077,55.464198589200436,53.680776668959,0,0,55.0
EPICUSDT,114,0.388,5.670103092783496,1.2886597938144342,0.4973474801061013,0.2643754130865905,-2.77777777777778,3.7433155080213933,0,-3.245968027915292,0.43181515585907626,0.5024451160744117,0.1378734165556224,0.5132466370524025,0.28424661567229537,0,0.6083540318057344,1.1788854516494958,2.9552462802772625,7.272485106002947,0.08365146479345542,1.5126919783176642,1.9318306340870017,6.1641130282335155,23.49810261794823,0,0,0,0,0,57.48578380859678,54.80540936809077,52.25628974124817,54.65677845898945,0,0,55.0
EPICUSDT,115,0.41,-2.926829268292672,-2.926829268292672,0.4973474801061013,0.2643754130865905,2.3376623376623398,5.128205128205118,1,-4.630857648099017,2.0568975897650374,0.5024451160744117,0.1378734165556224,0.4474837335976641,0.572406733847008,0,0.6083540318057344,1.1788854516494958,2.591714625650016,6.878469490362171,0.08844322601970324,1.5126919783176642,1.9318306340870017,6.570442516433663,24.307713125578825,0,0,0,0,0,57.48578380859678,54.80540936809077,58.07601520805439,59.68797551443869,0,0,75.0
EPICUSDT,116,0.398,-2.2613065326633186,-3.2663316582914605,0.4973474801061013,0.2643754130865905,4.580152671755715,3.645833333333336,1,-3.1484858532272346,2.246927224570436,0.5024451160744117,0.1378734165556224,1.9250252573267164,1.1173586217779212,0,0.6083540318057344,1.1788854516494958,2.6857569991072823,7.118133952553906,0.0854653812165847,1.5126919783176642,1.9318306340870017,10.105219479680434,25.22774329042825,0,0,1,0,0,57.48578380859678,54.80540936809077,67.1677729557816,56.03567257735402,0,0,75.0
EPICUSDT,117,0.389,1.0282776349614406,-1.2853470437018006,0.4973474801061013,0.2643754130865905,0.0,0.2577319587628868,0,0.2396155213432145,0.25486371298889465,0.5024451160744117,0.1378734165556224,0.8657342095820038,0.6281205703310929,0,0.6083540318057344,1.1788854516494958,2.733422035328831,7.056412976590876,0.08621292912190706,1.5126919783176642,1.9318306340870017,8.756700497918546,25.31255333831807,0,0,0,0,0,57.48578380859678,54.80540936809077,55.28957458996001,53.39666855310562,0,0,55.0
EPICUSDT,118,0.393,1.2722646310432582,-4.325699745547078,0.4973474801061013,0.2643754130865905,2.813299232736575,-4.1463414634146245,0,4.643688943520726,-0.14282983437133945,0.5024451160744117,0.1378734165556224,1.3184611068946317,0.9447250868848777,0,0.6083540318057344,1.1788854516494958,2.825065208737371,6.903722359618331,0.08811971283262425,1.5126919783176642,1.9318306340870017,9.01937414760024,25.28337792567854,0,0,0,0,0,57.48578380859678,54.80540936809077,55.552898665463225,54.42400752544712,0,0,55.0
EPICUSDT,119,0.398,-3.2663316582914605,-1.2562814070351769,0.4973474801061013,0.2643754130865905,-2.531645569620255,0.0,0,0.4973474801061013,-0.4424806691068908,0.5024451160744117,0.1378734165556224,0.3340342131029148,0.9796049148509715,0,0.6083540318057344,1.1788854516494958,2.842257848836844,6.760789220260239,0.08998269462131189,1.5126919783176642,1.9318306340870017,8.618455987227952,25.81072894336465,0,0,0,0,0,57.48578380859678,54.80540936809077,45.14992490792609,55.73749955151849,0,0,55.0
EPICUSDT,120,0.385,-0.25974025974025994,1.5584415584415598,0.4973474801061013,0.2643754130865905,0.2577319587628868,-1.0282776349614406,0,1.525625115067542,-0.0022056957514655084,0.5024451160744117,0.1378734165556224,0.7504740278975905,0.7521172057327253,0,0.6083540318057344,1.1788854516494958,2.8111228205004424,6.805254809949254,0.08939474697057977,1.5126919783176642,1.9318306340870017,8.402689126071778,25.055956410725,0,0,0,0,0,57.48578380859678,54.80540936809077,47.9236687627742,51.575581980836866,0,0,55.0
EPICUSDT,121,0.384,-2.0833333333333353,4.687500000000004,0.4973474801061013,0.2643754130865905,-3.061224489795921,-2.2900763358778646,0,2.787423815983966,-1.1473944831202734,0.5024451160744117,0.1378734165556224,0.5723883976611314,0.4540015069902102,0,0.6083540318057344,1.1788854516494958,2.6731130589012957,6.596038006658486,0.09223021929097752,1.5126919783176642,1.9318306340870017,7.8973832463445515,23.100260797508206,0,0,0,0,0,57.48578380859678,54.80540936809077,43.044971977346705,51.25851331181176,0,0,55.0
EPICUSDT,122,0.376,4.521276595744685,5.851063829787239,0.4973474801061013,0.2643754130865905,-0.522193211488251,-5.527638190954779,0,6.02498567106088,-1.3220271273125845,0.5024451160744117,0.1378734165556224,0.6570899169680685,0.5072888734025601,0,0.6083540318057344,1.1788854516494958,2.4906902026691617,6.578157623335707,0.09248091435930737,1.5126919783176642,1.9318306340870017,7.460079373815552,20.38317691877736,0,0,0,0,0,57.48578380859678,54.80540936809077,44.406917859306276,48.68019703646754,0,0,55.0
EPICUSDT,123,0.393,-0.5089058524173032,0.7633587786259549,0.4973474801061013,0.2643754130865905,0.7915567282321907,2.0779220779220795,1,-1.5805745978159782,0.9078004248367405,0.5024451160744117,0.1378734165556224,0.3991071611402761,1.546565701441467,0,0.6083540318057344,1.1788854516494958,2.4929107375010715,6.498370494886394,0.09361639695435214,1.5126919783176642,1.9318306340870017,6.023636151722978,16.933410231224162,0,0,0,0,0,57.48578380859678,54.80540936809077,46.497426532341194,53.97781937304456,0,0,75.0
EPICUSDT,124,0.391,2.813299232736575,-1.7902813299232754,0.4973474801061013,0.2643754130865905,2.659574468085109,1.822916666666668,1,-1.3255691865605668,1.3110535069861171,0.5024451160744117,0.1378734165556224,1.4178947543787903,1.0966217500444002,0,0.6083540318057344,1.1788854516494958,2.8015777782829194,6.448698366528056,0.09433749219274912,1.5126919783176642,1.9318306340870017,6.104647334037184,10.250015564788567,0,0,0,0,0,57.48578380859678,54.80540936809077,49.7048066306176,53.28097794924277,0,0,75.0
EPICUSDT,125,0.402,-0.9950248756218913,-1.492537313432837,0.4973474801061013,0.2643754130865905,-0.2518891687657433,6.914893617021282,0,-6.417546136915181,1.8561818353620576,0.5024451160744117,0.1378734165556224,0.7298559716574514,0.6373100133335141,0,0.6083540318057344,1.1788854516494958,2.763606959935271,6.09074872016029,0.09988164998370257,1.5126919783176642,1.9318306340870017,6.752509561351773,9.156422071400662,0,0,0,0,0,57.48578380859678,54.80540936809077,55.358869846825,56.59961373061783,0,0,55.0
EPICUSDT,126,0.398,-0.5025125628140708,4.773869346733658,0.4973474801061013,0.2643754130865905,-0.5025125628140708,1.2722646310432582,0,-0.7749171509371569,0.3828687403554698,0.5024451160744117,0.1378734165556224,1.23446192775846,0.937481538420599,0,0.6083540318057344,1.1788854516494958,2.713063964270047,5.981739556991685,0.10170185880036638,1.5126919783176642,1.9318306340870017,8.172299912715166,9.098322242898819,0,0,0,0,0,57.48578380859678,54.80540936809077,53.81586299836041,55.06776703487624,0,0,55.0
EPICUSDT,127,0.396,-3.030303030303033,9.343434343434337,0.4973474801061013,0.2643754130865905,-0.5025125628140708,1.278772378516625,0,-0.7814248984105236,0.3844956772238115,0.5024451160744117,0.1378734165556224,0.23559424757741282,0.30718547541553626,0,0.6083540318057344,1.1788854516494958,2.3050802087062223,5.7448629992559495,0.10589530714388244,1.5126919783176642,1.9318306340870017,8.197803426704493,9.213971312597561,0,0,0,0,0,57.48578380859678,54.80540936809077,53.18175485358982,54.27677778388374,0,0,55.0
EPICUSDT,128,0.384,3.1250000000000027,13.802083333333332,0.4973474801061013,0.2643754130865905,-3.2663316582914605,-4.4776119402985115,0,4.974959420404613,-1.74555517634932,0.5024451160744117,0.1378734165556224,0.7327640290368359,0.5792944757277103,0,0.6083540318057344,1.1788854516494958,2.31811669062268,5.798838303602982,0.10490963878536619,1.5126919783176642,1.9318306340870017,6.048961000522067,8.90175023525015,0,0,0,0,0,57.48578380859678,54.80540936809077,42.2232986172151,49.66702926571243,0,0,55.0
EPICUSDT,129,0.396,5.303030303030294,8.333333333333325,0.4973474801061013,0.2643754130865905,-0.5181347150259072,-0.5025125628140708,0,0.999860042920172,-0.06473109616182154,0.5024451160744117,0.1378734165556224,2.4818008750398115,1.1762525559994121,0,0.6083540318057344,1.1788854516494958,2.2190241613694375,5.618290189680029,0.10828099141678213,1.5126919783176642,1.9318306340870017,6.193353246011068,8.910290309431321,0,0,0,0,0,57.48578380859678,54.80540936809077,42.829347614732214,53.884879965976545,0,0,55.0
EPICUSDT,130,0.417,3.8369304556354953,5.995203836930461,0.4973474801061013,0.2643754130865905,4.102564102564106,5.303030303030294,1,-4.805682822924193,2.541829324696773,0.5024451160744117,0.1378734165556224,3.424188449751644,2.033490846736044,0,0.6083540318057344,1.1788854516494958,2.275085942996801,5.502390869556834,0.11056176237344108,1.5126919783176642,1.9318306340870017,7.180396928304389,10.29824114197975,0,0,0,1,0,57.48578380859678,54.80540936809077,62.89099366525987,60.17447746463729,0,0,75.0
EPICUSDT,131,0.433,0.9237875288683611,-2.540415704387993,0.4973474801061013,0.2643754130865905,7.579462102689494,12.760416666666663,1,-12.26306918656056,5.275400415637212,0.5024451160744117,0.1378734165556224,4.062385600694011,3.2294358520515014,0,0.6083540318057344,1.1788854516494958,2.7729192041715716,5.778367024722467,0.10528130684723223,1.5126919783176642,1.9318306340870017,14.93185249954754,12.776598342329635,0,0,1,1,0,57.48578380859678,54.80540936809077,78.9849294117663,64.18274897862037,0,0,75.0
EPICUSDT,132,0.437,-1.8306636155606424,1.372997711670482,0.4973474801061013,0.2643754130865905,-3.5010940919037226,10.353535353535348,0,-9.856187873429246,1.9035410387060792,0.5024451160744117,0.1378734165556224,0.8590265975169818,1.4760765305645704,0,0.6083540318057344,1.1788854516494958,3.1437045299855857,5.708798297182539,0.10656428903889899,1.5126919783176642,1.9318306340870017,22.29931891889884,15.573752589951404,0,0,0,1,0,57.48578380859678,54.80540936809077,66.62597796366654,65.12768227953387,0,0,55.0
EPICUSDT,133,0.429,3.030303030303033,5.128205128205133,0.4973474801061013,0.2643754130865905,-2.702702702702705,2.8776978417266212,0,-2.38035036162052,0.23417950805415205,0.5024451160744117,0.1378734165556224,0.1977155340046981,0.5684362045439741,0,0.6083540318057344,1.1788854516494958,2.898105196130481,5.599680840208792,0.10864084028457792,1.5126919783176642,1.9318306340870017,22.473064098172387,16.578105637899828,0,0,0,0,0,57.48578380859678,54.80540936809077,58.9792208749044,61.62591741785995,0,0,55.0
EPICUSDT,134,0.442,-4.524886877828059,3.1674208144796405,0.4973474801061013,0.2643754130865905,1.3986013986013999,2.0785219399538124,1,-1.581174459847711,1.059711557936976,0.5024451160744117,0.1378734165556224,0.6179117910984011,0.9684885564548003,0,0.6083540318057344,1.1788854516494958,2.7329514308505862,5.369977382974213,0.1132880063395708,1.5126919783176642,1.9318306340870017,15.670253671909586,18.567123609222673,0,0,0,1,0,57.48578380859678,54.80540936809077,60.34090665658072,64.92613818419426,0,0,75.0
EPICUSDT,135,0.422,4.9763033175355496,5.6872037914692,0.4973474801061013,0.2643754130865905,-2.050113895216403,-3.432494279176204,0,3.929841759282305,-1.1802213202999787,0.5024451160744117,0.1378734165556224,1.3206549465370196,0.9920686573895757,0,0.6083540318057344,1.1788854516494958,2.6831712700974752,5.67973765107817,0.1071095302597739,1.5126919783176642,1.9318306340870017,8.869022469099706,18.953814380346284,0,0,0,0,0,57.48578380859678,54.80540936809077,53.650861855735045,56.828758853996625,0,0,55.0
EPICUSDT,136,0.443,1.8058690744921009,-1.3544018058690757,0.4973474801061013,0.2643754130865905,0.22831050228310523,3.2634032634032666,1,-2.7660557832971655,1.063359164719766,0.5024451160744117,0.1378734165556224,0.9871551434372768,0.6391006914933145,0,0.6083540318057344,1.1788854516494958,2.7660114745196354,5.411003023833415,0.1124290689038919,1.5126919783176642,1.9318306340870017,6.513518127288506,20.64826446168006,0,0,0,0,0,57.48578380859678,54.80540936809077,57.09664034311721,62.164538985208644,0,0,75.0
EPICUSDT,137,0.451,1.1086474501108656,-2.2172949002217313,0.4973474801061013,0.2643754130865905,0.6818181818181824,2.036199095022626,1,-1.5388516149165248,0.8699350425083751,0.5024451160744117,0.1378734165556224,0.7232718150812221,0.7472264480215024,0,0.6083540318057344,1.1788854516494958,2.5044248625201657,5.204619324399215,0.11688732525619605,1.5126919783176642,1.9318306340870017,5.317209126370003,22.30431248692524,0,0,0,0,0,57.48578380859678,54.80540936809077,58.792934149500645,63.990437404706476,0,0,75.0
EPICUSDT,138,0.456,-2.192982456140353,-5.263157894736847,0.4973474801061013,0.2643754130865905,0.9009009009009018,8.0568720379147,1,-7.559524557808598,2.429873958002073,0.5024451160744117,0.1378734165556224,0.4171293739294578,0.5641287494863176,0,0.6083540318057344,1.1788854516494958,2.4167927829787392,5.014831312492575,0.1213109661914745,1.5126919783176642,1.9318306340870017,6.74966318664809,23.99384025553043,0,0,0,0,0,57.48578380859678,54.80540936809077,60.48853455787537,65.12330108999885,0,0,75.0
EPICUSDT,139,0.446,-2.0179372197309435,-0.6726457399103145,0.4973474801061013,0.2643754130865905,0.44345898004434625,0.6772009029345378,1,-0.17985342282843653,0.470595694042894,0.5024451160744117,0.1378734165556224,0.2458202227803759,0.3641488018292712,0,0.6083540318057344,1.1788854516494958,2.321958173140112,5.001268420957077,0.12163994822923654,1.5126919783176642,1.9318306340870017,7.3942041279982575,24.69897921100106,0,0,0,0,0,57.48578380859678,54.80540936809077,61.52195016298981,60.99056970434977,0,0,75.0
EPICUSDT,140,0.437,0.9153318077803212,0.9153318077803212,0.4973474801061013,0.2643754130865905,-0.22321428571428592,-3.1042128603104238,0,3.6015603404165253,-0.6414260632080044,0.5024451160744117,0.1378734165556224,0.5673824488116751,0.4188684712378873,0,0.6083540318057344,1.1788854516494958,2.2848889668759735,5.017547287464716,0.12124530113060993,1.5126919783176642,1.9318306340870017,6.919250164552003,24.116414973769864,0,0,0,0,0,57.48578380859678,54.80540936809077,54.525457792850546,57.456561169757606,0,0,55.0
EPICUSDT,141,0.441,-2.040816326530614,0.4535147392290253,0.4973474801061013,0.2643754130865905,0.0,-3.2894736842105288,0,3.7868211643166303,-0.6319376977544593,0.5024451160744117,0.1378734165556224,0.6759890202182779,0.3801264174922745,0,0.6083540318057344,1.1788854516494958,2.2909327620948075,4.8598455037393995,0.12517970609099352,1.5126919783176642,1.9318306340870017,4.318948503503157,23.341676595743426,0,0,0,0,0,57.48578380859678,54.80540936809077,50.006668893360285,58.60460662371297,0,0,55.0
EPICUSDT,142,0.432,2.5462962962962985,1.8518518518518534,0.4973474801061013,0.2643754130865905,-1.342281879194632,-3.139013452914801,0,3.636360933020902,-0.9298931097291854,0.5024451160744117,0.1378734165556224,0.8548836862511183,0.4955291903494171,0,0.6083540318057344,1.1788854516494958,2.261874548045924,4.9043475980386875,0.12404382430988846,1.5126919783176642,1.9318306340870017,4.2860435885420625,21.27731564494297,0,0,0,0,0,57.48578380859678,54.80540936809077,49.016403467281826,55.007793160197906,0,0,55.0
EPICUSDT,143,0.443,-0.4514672686230252,0.2257336343115126,0.4973474801061013,0.2643754130865905,2.534562211981569,1.372997711670482,1,-0.8756502315643806,1.1673207042111855,0.5024451160744117,0.1378734165556224,1.3511329108249335,1.0463493162553668,0,0.6083540318057344,1.1788854516494958,2.1876311452819386,4.731186086840579,0.1285838309124689,1.5126919783176642,1.9318306340870017,5.616192135566201,20.56226398569347,0,0,0,0,0,57.48578380859678,54.80540936809077,53.42652172833993,58.37073790716878,0,0,75.0
EPICUSDT,144,0.441,0.4535147392290253,1.1337868480725635,0.4973474801061013,0.2643754130865905,-0.2288329519450803,0.0,0,0.4973474801061013,0.1332224853119029,0.5024451160744117,0.1378734165556224,0.5283631663622816,0.5043818488690334,0,0.6083540318057344,1.1788854516494958,2.228949618629188,4.575137783303353,0.13296955427787993,1.5126919783176642,1.9318306340870017,4.568666743806661,19.334930449447562,0,0,0,0,0,57.48578380859678,54.80540936809077,46.53492488531747,57.52878150095027,0,0,55.0
EPICUSDT,145,0.443,-0.6772009029345378,0.6772009029345378,0.4973474801061013,0.2643754130865905,0.2288329519450803,2.5462962962962985,1,-2.0489488161901974,0.8842130353585176,0.5024451160744117,0.1378734165556224,0.6470510911076114,0.25257401134150353,0,0.6083540318057344,1.1788854516494958,2.021644395763048,4.374276831937781,0.13907533866260516,1.5126919783176642,1.9318306340870017,3.5671825862063584,18.696235384873646,0,0,0,0,0,57.48578380859678,54.80540936809077,48.099544231954184,58.17843147079772,0,0,75.0
EPICUSDT,146,0.44,0.90909090909091,1.5909090909090924,0.4973474801061013,0.2643754130865905,0.4535147392290253,-0.6772009029345378,0,1.1745483830406391,0.13450918237179482,0.5024451160744117,0.1378734165556224,0.4829566883658034,0.4633650295292862,0,0.6083540318057344,1.1788854516494958,1.8086778932919774,4.284327966741832,0.14199520590585848,1.5126919783176642,1.9318306340870017,3.3825455446075945,17.46426822751127,0,0,0,0,0,57.48578380859678,54.80540936809077,52.45796481273272,56.775546800655526,0,0,55.0
EPICUSDT,147,0.444,0.4504504504504509,0.0,0.4973474801061013,0.2643754130865905,0.4535147392290253,0.680272108843538,1,-0.18292462873743665,0.47387743531631377,0.5024451160744117,0.1378734165556224,0.5141322467123541,0.4094232810981294,0,0.6083540318057344,1.1788854516494958,1.7048917402542658,4.119426636062304,0.14767929752166933,1.5126919783176642,1.9318306340870017,3.109674663137929,15.812050959523614,0,0,0,0,0,57.48578380859678,54.80540936809077,52.7767517549914,58.22208576152971,0,0,75.0
EPICUSDT,148,0.446,0.0,-0.448430493273543,0.4973474801061013,0.2643754130865905,2.257336343115126,0.6772009029345378,1,-0.17985342282843653,0.924065034810589,0.5024451160744117,0.1378734165556224,1.4002037474544227,0.7605676591282581,0,0.6083540318057344,1.1788854516494958,1.5979235769632598,4.000213091504103,0.15208040619080865,1.5126919783176642,1.9318306340870017,3.90279450324175,11.852959170371316,0,0,1,0,0,57.48578380859678,54.80540936809077,63.603100672633495,58.96159865353018,0,0,75.0
EPICUSDT,149,0.446,0.2242152466367715,-1.345291479820629,0.4973474801061013,0.2643754130865905,-1.7777777777777792,1.3636363636363649,0,-0.8662888835302636,0.08689536976281936,0.5024451160744117,0.1378734165556224,1.2885961267288248,0.6262991104523739,0,0.6083540318057344,1.1788854516494958,1.6380952555229151,3.9386988316048672,0.15445558490641279,1.5126919783176642,1.9318306340870017,3.8404940376948034,8.224736028392803,0,0,0,0,0,57.48578380859678,54.80540936809077,47.95896718303853,58.96159865353018,0,0,55.0
EPICUSDT,150,0.447,-0.671140939597316,-2.013422818791948,0.4973474801061013,0.2643754130865905,0.2237136465324387,0.6756756756756762,1,-0.1783281955695749,0.41527805385020167,0.5024451160744117,0.1378734165556224,0.8374761366735497,0.5911941248515554,0,0.6083540318057344,1.1788854516494958,1.6551797299221946,3.840935734363219,0.15838693325770842,1.5126919783176642,1.9318306340870017,3.4895120690613353,6.851551917015282,0,0,0,0,0,57.48578380859678,54.80540936809077,53.88561798593535,59.378557989872995,0,0,75.0
EPICUSDT,151,0.444,0.0,0.6756756756756762,0.4973474801061013,0.2643754130865905,-0.8928571428571437,-0.448430493273543,0,0.9457779733796443,-0.14489118573449872,0.5024451160744117,0.1378734165556224,2.0229619737135955,0.9470107538818424,0,0.6083540318057344,1.1788854516494958,1.5521912992865383,3.6872068134466964,0.16499048265672472,1.5126919783176642,1.9318306340870017,3.3257200388255503,6.660811334342539,0,0,0,0,0,57.48578380859678,54.80540936809077,48.35782008946615,57.491383883001326,0,0,55.0
EPICUSDT,152,0.444,-0.9009009009009018,0.22522522522522545,0.4973474801061013,0.2643754130865905,-0.448430493273543,-0.448430493273543,0,0.9457779733796443,-0.03378452333859855,0.5024451160744117,0.1378734165556224,1.223748890856989,0.729437911411865,0,0.6083540318057344,1.1788854516494958,1.4591370202778762,3.584710059075665,0.16970801592879772,1.5126919783176642,1.9318306340870017,2.7386569470238165,6.604701072467288,0,0,0,0,0,57.48578380859678,54.80540936809077,48.72657214846657,57.491383883001326,0,0,55.0
EPICUSDT,153,0.44,-0.454545454545455,0.2272727272727275,0.4973474801061013,0.2643754130865905,-1.1210762331838575,-1.5659955257270708,0,2.063343005833172,-0.4813372164295591,0.5024451160744117,0.1378734165556224,3.3500969100255524,1.607077357275262,0,0.6083540318057344,1.1788854516494958,1.4188354957008096,3.521257542367653,0.17276612814769698,1.5126919783176642,1.9318306340870017,2.2321647495289616,6.054491516372798,0,0,0,0,0,57.48578380859678,54.80540936809077,44.340398294108276,54.79825489743144,0,0,55.0
EPICUSDT,154,0.438,2.054794520547947,1.8264840182648419,0.4973474801061013,0.2643754130865905,0.0,-1.3513513513513524,0,1.8486988314574537,-0.14740711453966515,0.5024451160744117,0.1378734165556224,1.4927303157520733,1.287599472696357,0,0.6083540318057344,1.1788854516494958,1.3415672195698807,3.415132606383395,0.17813481990966604,1.5126919783176642,1.9318306340870017,2.488279259292223,6.11905365003182,0,0,0,0,0,57.48578380859678,54.80540936809077,44.83706607649059,53.45004608020819,0,0,55.0
EPICUSDT,155,0.447,-0.4474272930648774,-2.013422818791948,0.4973474801061013,0.2643754130865905,1.3667425968109352,0.6756756756756762,1,-0.1783281955695749,0.7010352914198259,0.5024451160744117,0.1378734165556224,1.3891341987487442,1.803636164252127,0,0.6083540318057344,1.1788854516494958,1.5015675291508745,3.3470382008224746,0.18175891498825508,1.5126919783176642,1.9318306340870017,2.9777136921119753,4.505353244645824,0,0,0,0,0,57.48578380859678,54.80540936809077,51.71039906358365,58.408968596834235,0,0,75.0
EPICUSDT,156,0.445,-0.8988764044943828,-4.71910112359551,0.4973474801061013,0.2643754130865905,-1.773835920177385,1.1363636363636374,0,-0.639016156257536,0.03106265234473604,0.5024451160744117,0.1378734165556224,1.4235202458335534,1.0169930396684284,0,0.6083540318057344,1.1788854516494958,1.5247003834366168,3.266394700638749,0.18624633198393625,1.5126919783176642,1.9318306340870017,3.3407024469293813,4.513356100447974,0,0,0,0,0,57.48578380859678,54.80540936809077,48.21636058959062,56.9569018020619,0,0,55.0
EPICUSDT,157,0.441,1.1337868480725635,-0.9070294784580506,0.4973474801061013,0.2643754130865905,-0.9009009009009018,0.6849315068493156,0,-0.18758402674321428,0.1364383747852764,0.5024451160744117,0.1378734165556224,0.6496512141198095,0.9444865193429111,0,0.6083540318057344,1.1788854516494958,1.50413219571986,3.3197430099117526,0.18325335123513253,1.5126919783176642,1.9318306340870017,3.540439837745854,4.2679735903959894,0,0,0,0,0,57.48578380859678,54.80540936809077,45.10024944183342,54.06212648924622,0,0,55.0
EPICUSDT,158,0.446,-1.793721973094172,0.0,0.4973474801061013,0.2643754130865905,0.686498855835241,-0.2237136465324387,0,0.72106112663854,0.3061270256238735,0.5024451160744117,0.1378734165556224,0.6106713373883869,1.2489265340195217,0,0.6083540318057344,1.1788854516494958,1.5112422760911748,3.176183003815516,0.19153620275498137,1.5126919783176642,1.9318306340870017,3.830725482163054,3.3996757509544238,0,0,0,0,0,57.48578380859678,54.80540936809077,46.17698290643756,57.00379241512837,0,0,55.0
EPICUSDT,159,0.438,-3.196347031963473,2.054794520547947,0.4973474801061013,0.2643754130865905,-1.5765765765765778,-1.57303370786517,0,2.0703811879712712,-0.596971847812264,0.5024451160744117,0.1378734165556224,1.0941438784829278,1.053756249128304,0,0.6083540318057344,1.1788854516494958,1.4967388138281454,3.1825683392241295,0.19115191473124613,1.5126919783176642,1.9318306340870017,3.9328770600989182,3.4362591039718975,0,0,0,0,0,57.48578380859678,54.80540936809077,43.466377701909565,51.3391112050848,0,0,55.0
EPICUSDT,160,0.424,3.0660377358490596,9.433962264150953,0.4973474801061013,0.2643754130865905,-2.050113895216403,-3.8548752834467153,0,4.352222763552817,-1.2858165713676066,0.5024451160744117,0.1378734165556224,2.82631715841288,1.6674908865789342,0,0.6083540318057344,1.1788854516494958,1.5607251898060197,3.4065943604350055,0.17858129481786925,1.5126919783176642,1.9318306340870017,4.609314660005852,4.8915732681051365,0,0,0,0,0,57.48578380859678,54.80540936809077,37.50664043811479,43.24089871518276,0,0,55.0
EPICUSDT,161,0.437,2.0594965675057226,16.704805491990847,0.4973474801061013,0.2643754130865905,1.170960187353631,-2.0179372197309435,0,2.5152846998370446,-0.021313534796155165,0.5024451160744117,0.1378734165556224,1.5217882818110984,1.714028615642357,0,0.6083540318057344,1.1788854516494958,1.5893879709892162,3.3797234577832214,0.18000112713504587,1.5126919783176642,1.9318306340870017,6.370385644080098,4.973721248421907,0,0,0,0,0,57.48578380859678,54.80540936809077,43.86271680880954,50.97420893788194,0,0,55.0
EPICUSDT,162,0.446,0.2242152466367715,16.591928251121075,0.4973474801061013,0.2643754130865905,1.372997711670482,1.8264840182648419,1,-1.3291365381587406,0.9903011557820038,0.5024451160744117,0.1378734165556224,0.6986901102165319,1.1983939059873128,0,0.6083540318057344,1.1788854516494958,1.6436746311162875,3.267169917307252,0.18620214044671723,1.5126919783176642,1.9318306340870017,5.777359683099345,4.649857947022207,0,0,0,0,0,57.48578380859678,54.80540936809077,55.63834239376799,55.49507684708096,0,0,75.0
EPICUSDT,163,0.447,3.8031319910514574,21.252796420581664,0.4973474801061013,0.2643754130865905,-0.4494382022471914,5.424528301886798,0,-4.927180821780697,1.4342032482080747,0.5024451160744117,0.1378734165556224,0.31692788673789096,0.5413858634783475,0,0.6083540318057344,1.1788854516494958,1.5051297213159953,3.2507272579973554,0.187143978415623,1.5126919783176642,1.9318306340870017,6.220939070092391,4.7487669826832235,0,0,0,0,0,57.48578380859678,54.80540936809077,54.471943799545784,55.98079194899053,0,0,55.0
EPICUSDT,164,0.464,9.913793103448272,15.301724137931036,0.4973474801061013,0.2643754130865905,0.4494382022471914,6.178489702517168,1,-5.681142222411067,1.8474126994892628,0.5024451160744117,0.1378734165556224,0.5446321635694865,1.2370954670309733,0,0.6083540318057344,1.1788854516494958,1.6177129086392874,3.354368241413582,0.18136173133733366,1.5126919783176642,1.9318306340870017,7.064729086817269,6.375044031111865,0,0,0,1,0,57.48578380859678,54.80540936809077,56.62004891932152,63.31137603342012,0,0,75.0
EPICUSDT,165,0.51,1.960784313725492,6.8627450980392215,0.4973474801061013,0.2643754130865905,11.856823266219237,14.349775784753364,1,-13.852428304647262,6.742080486041323,0.5024451160744117,0.1378734165556224,4.178776258830439,4.54386300982197,0,0.6083540318057344,1.1788854516494958,2.077101404492402,3.7161833658552843,0.16370398656733695,1.5126919783176642,1.9318306340870017,15.424826678897308,14.461260800051132,0,0,1,1,0,57.48578380859678,54.80540936809077,83.24297860485873,75.29846800603089,0,0,75.0
EPICUSDT,166,0.52,4.230769230769234,4.807692307692312,0.4973474801061013,0.2643754130865905,7.157464212678944,16.33109619686801,1,-15.833748716761908,6.062570825684912,0.5024451160744117,0.1378734165556224,3.217446982734934,3.9846709591597778,0,0.6083540318057344,1.1788854516494958,3.1275408170644234,4.071194466431392,0.1494288805955731,1.5126919783176642,1.9318306340870017,25.204088977116196,20.06652190842901,0,0,1,1,0,57.48578380859678,54.80540936809077,79.32650769350296,77.05365271939115,0,0,75.0
EPICUSDT,167,0.542,-1.2915129151291525,5.756457564575646,0.4973474801061013,0.2643754130865905,-3.119266055045874,16.81034482758621,0,-16.31299734748011,3.6132004164332567,0.5024451160744117,0.1378734165556224,1.2765714987234786,1.996423813459091,0,0.6083540318057344,1.1788854516494958,3.837774313413287,4.07502300910335,0.149288490015077,1.5126919783176642,1.9318306340870017,31.416301814514018,26.364342402866882,0,0,0,1,0,57.48578380859678,54.80540936809077,64.7411219208823,80.35999556098328,0,0,55.0
EPICUSDT,168,0.535,1.8691588785046744,17.62616822429905,0.4973474801061013,0.2643754130865905,1.4981273408239713,4.901960784313729,1,-4.404613304207628,1.7904527545825981,0.5024451160744117,0.1378734165556224,0.32470976730969303,0.6420882443944821,0,0.6083540318057344,1.1788854516494958,3.572006575871752,4.167237933530334,0.14598495250554575,1.5126919783176642,1.9318306340870017,30.68415684460437,30.025676382015497,0,0,0,1,0,57.48578380859678,54.80540936809077,65.80648757932155,76.57901751962692,0,0,75.0
EPICUSDT,169,0.545,0.0,9.74311926605503,0.4973474801061013,0.2643754130865905,2.616822429906544,4.807692307692312,1,-4.310344827586211,2.0465594076978872,0.5024451160744117,0.1378734165556224,0.15244635567915066,0.34854917670564656,0,0.6083540318057344,1.1788854516494958,3.3488618916991952,4.231079924993902,0.14378221224611143,1.5126919783176642,1.9318306340870017,22.286632234497127,33.526323044997305,0,0,0,1,0,57.48578380859678,54.80540936809077,66.22886567256786,78.15992013037823,0,0,75.0
EPICUSDT,170,0.545,5.174311926605505,9.798165137614678,0.4973474801061013,0.2643754130865905,-0.5504587155963307,0.553505535055351,0,-0.05615805494924975,0.19119242816292803,0.5024451160744117,0.1378734165556224,0.5967321521500184,1.4711140844019304,0,0.6083540318057344,1.1788854516494958,3.640372670307008,4.66280488447992,0.1304695450222745,1.5126919783176642,1.9318306340870017,10.86271463328463,36.10312363240043,0,0,0,0,0,57.48578380859678,54.80540936809077,61.71321262562142,78.15992013037823,0,0,55.0
EPICUSDT,171,0.5732,9.78715980460571,5.338450802512205,0.4973474801061013,0.2643754130865905,5.451127819548876,7.140186915887853,1,-6.6428394357817515,3.3382594071573553,0.5024451160744117,0.1378734165556224,1.3830809270589899,1.352275603346753,0,0.6083540318057344,1.1788854516494958,3.874132892463943,4.645096775812511,0.13096692300868637,1.5126919783176642,1.9318306340870017,7.115183840011436,39.89298077865571,0,0,1,1,0,57.48578380859678,54.80540936809077,66.03809623955591,82.10942595216434,0,0,75.0
EPICUSDT,172,0.6293,-4.957889718735103,-5.752423327506755,0.4973474801061013,0.2643754130865905,3.360330863346538,15.467889908256865,1,-14.970542428150763,4.897485916199024,0.5024451160744117,0.1378734165556224,1.0074715212487289,1.6264547547895414,0,0.6083540318057344,1.1788854516494958,3.923048209811813,4.933304934580884,0.12331571631450712,1.5126919783176642,1.9318306340870017,13.323842180550315,47.23359511967984,0,0,1,1,0,57.48578380859678,54.80540936809077,73.48945357521985,87.10519001228232,0,0,75.0
EPICUSDT,173,0.5981,0.05015883631501053,-0.2507941815749784,0.4973474801061013,0.2643754130865905,-3.5657433938236194,9.74311926605503,0,-9.245771785948929,1.7347746913560258,0.5024451160744117,0.1378734165556224,0.8878992846940701,1.9576472186093379,0,0.6083540318057344,1.1788854516494958,5.14869729004966,6.315101910730737,0.09633320893396954,1.5126919783176642,1.9318306340870017,22.23006887281934,49.66085194749933,0,0,0,0,0,57.48578380859678,54.80540936809077,66.67300041106928,74.62457638802871,0,0,55.0
EPICUSDT,174,0.5984,0.9024064171122929,0.9692513368983817,0.4973474801061013,0.2643754130865905,0.4024144869215221,4.396371249127704,1,-3.8990237690216025,1.3901271573104794,0.5024451160744117,0.1378734165556224,0.3022236811822817,0.4525042639939187,0,0.6083540318057344,1.1788854516494958,4.894626614911215,6.132044008606845,0.09920901268025113,1.5126919783176642,1.9318306340870017,20.66503172465019,50.97781919831371,0,0,0,0,0,57.48578380859678,54.80540936809077,62.32268742423728,74.66216988016853,0,0,75.0
EPICUSDT,175,0.6038,-1.7721099701888114,0.49685326266975866,0.4973474801061013,0.2643754130865905,0.09948598905654867,-4.0521214047354155,0,4.549468884841517,-0.7977281306215438,0.5024451160744117,0.1378734165556224,0.1714310858342213,0.23633328371628828,0,0.6083540318057344,1.1788854516494958,4.208248165027202,5.815832673041496,0.10460308368665369,1.5126919783176642,1.9318306340870017,16.76765661449105,52.07739839694497,0,0,0,0,0,57.48578380859678,54.80540936809077,62.47051671241567,75.36951208631052,0,0,55.0
OPNUSDT,50,0.0624,-0.6410256410256372,0.3205128205128297,0.2840909090908975,1.0463378176382545,0.47468354430378906,-1.2658227848101409,0,1.5499136939010385,0.13482237155570004,1.778047538377494,1.5817261843516779,0.842253077162026,1.0161574448133455,1,0.9051444590567898,1.1274940591537008,1.883200880092511,4.225087517689772,0.21423093729232667,4.637547013285415,8.67364084191876,3.9777931086661042,6.7402750972046785,0,0,0,0,0,52.84257487941763,73.68616448222599,54.83949380602389,46.86521464315342,0,0,70.0
OPNUSDT,51,0.062,-0.6451612903225767,3.0645161290322562,0.2840909090908975,1.0432190760059497,-0.7961783439490343,1.4729950900163633,0,-1.1889041809254657,0.501031682791044,1.778047538377494,0.20034726566286817,1.6805626710168755,1.5938994631563317,0,0.9051444590567898,1.6425353904800593,1.8016951919430237,4.155980408237262,0.21779324494955984,4.637547013285415,10.862745893380444,3.9425519981482493,5.845171428471206,0,0,0,0,0,52.84257487941763,50.475738225754924,46.46221574578397,45.57690129536929,0,0,55.0
OPNUSDT,52,0.0616,0.4870129870129784,5.681818181818186,0.2840909090908975,-0.873362445414852,-0.32258064516128837,-2.0667726550079424,0,2.35086356409884,-0.7446562091232963,1.778047538377494,0.4017209014266881,1.1131421286055314,1.1968085044722008,0,0.9051444590567898,1.195524003361193,1.6831313208107292,4.023330483579816,0.22497392713596437,4.637547013285415,5.104710806853852,4.138167021347437,5.510130240941673,0,0,0,0,0,52.84257487941763,53.81399073474699,42.796865761808974,44.26642248226969,0,0,55.0
OPNUSDT,53,0.0619,1.1308562197092185,3.231017770597741,0.2840909090908975,1.7937219730941596,1.2965964343598089,-0.8012820512820521,0,1.0853729603729496,0.6432818163157035,1.778047538377494,1.7945583620632124,0.8602118657561963,1.0179274541706316,1,0.9051444590567898,1.0828792883980154,1.651921809161653,4.017866433476479,0.22527987777672562,4.637547013285415,3.683702659223436,3.911242485085218,5.619260491044519,0,0,0,0,0,52.84257487941763,55.02131089568896,51.074198999027175,45.53138451961813,0,0,70.0
OPNUSDT,54,0.0626,2.0766773162939227,4.95207667731628,0.2840909090908975,1.0071942446043054,1.6339869281045767,0.9677419354838764,1,-0.6836510263929789,0.9732535043209141,1.778047538377494,1.4517069283008883,1.2302394051698102,1.0137461128896956,1,0.9051444590567898,1.2479448809372258,1.7908382871965458,3.87172195232602,0.23378343543316815,4.637547013285415,5.29384788754222,3.5085237933756925,5.605664647351308,0,1,0,0,0,52.84257487941763,66.40051594685107,49.453241213639984,48.470252351948886,0,0,90.0
OPNUSDT,55,0.0639,1.87793427230048,5.007824726134599,0.2840909090908975,0.76804915514593,2.5682182985553728,3.733766233766228,1,-3.4496753246753302,1.838531149139607,1.778047538377494,0.8315610508290302,1.0368993380517544,1.0381538517892843,0,0.9051444590567898,1.4556474126141778,1.7799475140210377,3.835018248158859,0.2360209001590377,4.637547013285415,11.233342528334846,3.9914530612898687,5.647464293765887,0,0,1,0,0,52.84257487941763,34.005158783105244,62.98768970564247,53.48925068067936,0,0,75.0
OPNUSDT,56,0.0651,-1.8433179723502404,0.3072196620583592,0.2840909090908975,0.44910179640719855,-0.15503875968992692,5.169628432956395,0,-4.885537523865497,1.436945594691141,1.778047538377494,1.6104410440777595,1.1602523515088063,1.1161076180412222,1,0.9051444590567898,1.1828672277735426,1.762326754612433,3.7478051994136097,0.24151320863699394,4.637547013285415,3.7519892007335214,6.658604479714721,6.555366575639312,0,0,0,1,0,52.84257487941763,52.46078793502701,62.906906572578414,57.59505387552845,0,0,70.0
OPNUSDT,57,0.0639,2.8169014084506983,1.0954616588419503,0.2840909090908975,-3.12500000000001,-0.3062787136293903,2.0766773162939227,0,-1.792586407203025,-0.2676276220611451,1.778047538377494,1.4646364843202526,1.0453665141364397,1.125798859209032,1,0.9051444590567898,1.491463561465559,1.6493374375814016,3.769022513149719,0.24015363556435043,4.637547013285415,7.861625107584856,8.826803818103818,6.724872782581981,0,0,0,0,0,52.84257487941763,47.57614485125836,63.16831172168524,52.595007875567006,0,0,70.0
OPNUSDT,58,0.0657,2.130898021308999,-1.6742770167427548,0.2840909090908975,-0.5641748942172234,2.799377916018678,2.8169014084506983,0,-2.5328104993598006,1.3340488348357624,1.778047538377494,0.48272100859565276,1.2967093925415387,1.1613758245588548,0,0.9051444590567898,1.1861990990634388,1.6897223463350781,3.8714144397406733,0.23380200522200378,4.637547013285415,4.057080139503931,8.368055952114423,7.784906936075053,0,0,0,1,0,52.84257487941763,58.497495022407236,65.22571107197524,58.425341937882806,0,0,55.0
OPNUSDT,59,0.0671,-2.6825633383010574,-4.619970193740693,0.2840909090908975,1.1412268188302555,-0.45523520485583413,3.07219662058372,0,-2.7881057114928223,1.0105697859122595,1.778047538377494,1.0580426606491418,0.6931008119295194,0.915433383416028,0,0.9051444590567898,1.157117052461222,1.896970874216534,3.8179423812885984,0.23707651102667854,4.637547013285415,2.857598579778029,6.601754784749779,9.586411868227707,0,0,0,1,0,52.84257487941763,59.67742127871465,59.479196875758284,62.30824002041224,0,0,55.0
OPNUSDT,60,0.0653,-1.071975497702898,0.7656967840735076,0.2840909090908975,2.4355300859598756,-0.1526717557251952,2.1909233176838785,0,-1.9068324085929809,1.189468139252364,1.778047538377494,0.7914030746706348,1.227548601475345,1.0763833516963874,0,0.9051444590567898,1.5040952943474832,1.9812708903645126,3.8945429218967895,0.23241352764856682,4.637547013285415,4.54729891338753,5.288642241268353,9.293695715612825,0,0,0,0,0,52.84257487941763,56.78919533369185,54.109148830106754,55.17337139585428,0,0,55.0
OPNUSDT,61,0.0646,0.0,4.334365325077394,0.2840909090908975,1.1235955056179707,-0.6125574272588018,-1.6742770167427548,0,1.9583679258336524,-0.2197870073231721,1.778047538377494,0.8705172387362751,1.341173068235828,1.2451980445017787,0,0.9051444590567898,1.7671989548462483,1.7229855813482138,3.7882325148144464,0.23893582442922598,4.637547013285415,4.508582785931381,4.56910806730269,9.37970125468574,0,0,0,0,0,52.84257487941763,54.57048668474431,50.31516902998901,52.64851411936744,0,0,55.0
OPNUSDT,62,0.0646,-0.9287925696594477,5.417956656346732,0.2840909090908975,1.2893982808022892,-0.6163328197226465,-3.725782414307007,0,4.009873323397905,-0.6921565110341167,1.778047538377494,0.6345300485504456,1.0095425887135618,1.2293987567195421,0,0.9051444590567898,1.7745863133103768,1.5297128328953384,3.6835002940526005,0.2457294385229834,4.637547013285415,6.190314212491418,4.951400616927949,9.48882766268543,0,0,0,0,0,52.84257487941763,50.00903358551809,47.18666920245517,52.64851411936743,0,0,55.0
OPNUSDT,63,0.064,2.812499999999994,5.9374999999999964,0.2840909090908975,1.2893982808022892,-0.9273570324574799,-1.9908116385911112,0,2.2749025476820086,-0.33616987028885104,1.778047538377494,0.6345300485504456,1.23421209463727,1.1091386724530297,0,0.9051444590567898,1.7745863133103768,1.4082078020545266,3.5863878872158192,0.25238331366311595,4.637547013285415,6.190314212491418,4.388724872034324,9.454216239557578,0,0,0,0,0,52.84257487941763,50.00903358551809,43.37759175966993,50.35767011545293,0,0,55.0
OPNUSDT,64,0.0658,2.4316109422492467,1.975683890577522,0.2840909090908975,1.2893982808022892,0.9345794392523418,1.857585139318874,1,-1.5734942302279764,1.0914134421161008,1.778047538377494,0.6345300485504456,0.9260520850261095,0.9943764881924277,0,0.9051444590567898,1.7745863133103768,1.4915863633972162,3.4670806797259686,0.2610681846400905,4.637547013285415,6.190314212491418,4.330773481860073,9.918289802109935,0,0,0,0,0,52.84257487941763,50.00903358551809,51.85832964890846,56.476138937256565,0,0,75.0
OPNUSDT,65,0.0674,1.038575667655775,-1.6320474777448128,0.2840909090908975,1.2893982808022892,5.546995377503861,4.334365325077394,1,-4.050274415986497,2.8637124731186105,1.778047538377494,0.6345300485504456,0.4878785795348775,0.8288083216211715,0,0.9051444590567898,1.7745863133103768,1.6330511764027829,3.4821331214896083,0.2599396483353231,4.637547013285415,6.190314212491418,7.0673878387765425,10.942901352442588,0,0,1,1,0,52.84257487941763,50.00903358551809,75.79765228767488,61.06933116282597,0,0,75.0
OPNUSDT,66,0.0681,-0.4405286343612258,4.405286343612339,0.2840909090908975,1.2893982808022892,0.591715976331378,6.4062499999999885,1,-6.122159090909091,2.142863791556138,1.778047538377494,0.6345300485504456,1.0249569712395845,0.9688782758098549,0,0.9051444590567898,1.7745863133103768,1.6387580019786991,3.3575047630052395,0.2695884363382442,4.637547013285415,6.190314212491418,9.579472342578205,12.168132349669424,0,0,0,1,0,52.84257487941763,50.00903358551809,67.48544469991062,62.913358894970436,0,0,75.0
OPNUSDT,67,0.0678,-1.0324483775811097,2.802359882005898,0.2840909090908975,1.2893982808022892,-0.5899705014749227,3.039513677811553,0,-2.7554227687206554,1.0057580915574542,1.778047538377494,0.6345300485504456,1.1394562069929381,1.1613100859075807,0,0.9051444590567898,1.7745863133103768,1.637331107103511,3.321111427189779,0.27254263486807934,4.637547013285415,6.190314212491418,10.026139055205743,12.990514117504382,0,0,0,0,0,52.84257487941763,50.00903358551809,59.595308308553186,61.56739242431075,0,0,55.0
OPNUSDT,68,0.0671,-1.1922503725782547,-1.6393442622950873,0.2840909090908975,1.2893982808022892,0.8941877794336652,-0.4451038575667577,0,0.7291947666576553,0.5056432779400236,1.778047538377494,0.6345300485504456,1.0341786152882717,0.9999781973430244,0,0.9051444590567898,1.7745863133103768,1.5213422916584158,3.2757372918086767,0.27631778083065395,4.637547013285415,6.190314212491418,8.653981745016502,12.533882702881549,0,0,0,0,0,52.84257487941763,50.00903358551809,60.44506512622747,58.42643379354224,0,0,55.0
OPNUSDT,69,0.0663,7.239819004524885,-2.1116138763197565,0.2840909090908975,1.2893982808022892,-0.8955223880597064,-2.643171806167395,0,2.927262715258293,-0.49130125108347866,1.778047538377494,0.6345300485504456,1.38318517805595,1.2362723116662366,0,0.9051444590567898,1.7745863133103768,1.4558036545006794,3.2292885581175503,0.28029222002521376,4.637547013285415,6.190314212491418,4.99522368237681,12.410188732838229,0,0,0,0,0,52.84257487941763,50.00903358551809,47.07508896497534,54.97459784309388,0,0,55.0
OPNUSDT,70,0.0711,-1.969057665260195,-6.7510548523206735,0.2840909090908975,1.2893982808022892,2.1116138763197565,4.867256637168138,1,-4.58316572807724,2.1380899258452706,1.778047538377494,0.6345300485504456,0.5931974394615063,0.7624072705407227,0,0.9051444590567898,1.7745863133103768,1.405517973685292,3.3487279568429935,0.2702950107389771,4.637547013285415,6.190314212491418,3.5239067996799545,14.372688623196996,0,0,0,1,0,52.84257487941763,50.00903358551809,60.02872510142646,67.41417096028923,0,0,75.0
OPNUSDT,71,0.0697,-5.308464849354369,-6.169296987087516,0.2840909090908975,1.2893982808022892,4.267425320056903,3.8748137108792715,1,-3.590722801788374,2.4289320552073406,1.778047538377494,0.6345300485504456,1.021431123369547,2.062153941494863,0,0.9051444590567898,1.7745863133103768,2.002679584216777,4.227535612328325,0.21410687976636092,4.637547013285415,6.190314212491418,10.334473501266203,14.64623410955209,0,0,1,0,0,52.84257487941763,50.00903358551809,74.39985418873903,62.0311144150581,0,0,75.0
OPNUSDT,72,0.066,-1.6666666666666723,1.2121212121212046,0.2840909090908975,1.2893982808022892,-8.99182561307903,-0.4524886877827975,0,0.736579596873695,-1.9677062777421601,1.778047538377494,0.6345300485504456,0.48195618918591565,0.848104757782844,0,0.9051444590567898,1.7745863133103768,3.310832923373746,4.632651534989928,0.19538367006892904,4.637547013285415,6.190314212491418,12.605524119220437,13.447044861715513,0,0,0,0,0,52.84257487941763,50.00903358551809,44.99927297292118,50.54411255969443,0,0,55.0
OPNUSDT,73,0.0649,2.1571648690292733,5.084745762711861,0.2840909090908975,1.2893982808022892,-0.6042296072507516,-8.72011251758087,0,9.004203426671767,-1.9377132337346086,1.778047538377494,0.6345300485504456,0.6594770685787257,0.8300236176179807,0,0.9051444590567898,1.7745863133103768,2.8441380101546696,4.5727658122621175,0.19794244801026026,4.637547013285415,6.190314212491418,13.745433910021045,12.315475425343365,0,0,0,0,0,52.84257487941763,50.00903358551809,41.905951517157334,47.71513864932246,0,0,55.0
OPNUSDT,74,0.0663,-1.3574660633484135,1.0558069381598887,0.2840909090908975,1.2893982808022892,0.6125574272588018,-4.878048780487805,0,5.162139689578702,-0.673000540833954,1.778047538377494,0.6345300485504456,0.9913130389373818,0.9340573141932615,0,0.9051444590567898,1.7745863133103768,2.511034299028522,4.44736319306782,0.2035238454254543,4.637547013285415,6.190314212491418,15.154656484436021,11.313087650584706,0,0,0,0,0,52.84257487941763,50.00903358551809,43.26481633506308,51.440374144277705,0,0,55.0
OPNUSDT,75,0.0654,2.1406727828746157,3.363914373088675,0.2840909090908975,1.2893982808022892,-1.6442451420029953,-0.9090909090909141,0,1.1931818181818117,-0.24496171530018063,1.778047538377494,0.6345300485504456,0.9316856897584483,0.885251710957971,0,0.9051444590567898,1.7745863133103768,2.2271976521688073,4.2957430494813815,0.21070730922001177,4.637547013285415,6.190314212491418,15.363524121517106,10.90140325042544,0,0,0,0,0,52.84257487941763,50.00903358551809,44.42513986796624,49.02229469983374,0,0,55.0
OPNUSDT,76,0.0668,2.0958083832335306,-1.0479041916167549,0.2840909090908975,1.2893982808022892,3.9816232771822437,2.927580893682587,1,-2.6434899845916893,2.120673340189504,1.778047538377494,0.6345300485504456,0.8223955164289616,0.5700291515911554,0,0.9051444590567898,1.7745863133103768,2.05630956535984,4.2581701675246695,0.21256653056281266,4.637547013285415,6.190314212491418,11.540286966463013,10.772790021943973,0,0,0,0,0,52.84257487941763,50.00903358551809,56.6164841388377,52.74361579541425,0,0,75.0
OPNUSDT,77,0.0682,-1.7595307917888456,-2.0527859237536634,0.2840909090908975,1.2893982808022892,-0.4424778761061869,2.8657616892910998,0,-2.581670780200202,0.9991932507695249,1.778047538377494,0.6345300485504456,0.8319281545737321,0.5728561341156436,0,0.9051444590567898,1.7745863133103768,2.0923899316622947,4.176576218557209,0.21671924842053295,4.637547013285415,6.190314212491418,5.222532136413106,10.406171825513802,0,0,0,0,0,52.84257487941763,50.00903358551809,54.07438559352111,56.18787526699748,0,0,55.0
OPNUSDT,78,0.067,0.8955223880596855,-0.7462686567164185,0.2840909090908975,1.2893982808022892,0.0,2.4464831804281406,0,-2.162392271337243,1.0049930925803319,1.778047538377494,0.6345300485504456,1.1642830924444008,0.9585671309633734,0,0.9051444590567898,1.7745863133103768,1.887273032169249,4.150269163510469,0.21809295334743573,4.637547013285415,6.190314212491418,6.865933931960175,10.329996182350792,0,0,0,0,0,52.84257487941763,50.00903358551809,55.2309366022654,52.645958865818784,0,0,55.0
OPNUSDT,79,0.0676,-2.218934911242585,-6.360946745562128,0.2840909090908975,1.2893982808022892,-0.14858841010401616,1.1976047904191545,0,-0.913513881328257,0.6556263925520813,1.778047538377494,0.6345300485504456,1.5008475349806376,1.1319755964513525,0,0.9051444590567898,1.7745863133103768,1.677420379922252,3.9358457749552196,0.22997457492274023,4.637547013285415,6.190314212491418,5.544958706894878,10.383648342083784,0,0,0,0,0,52.84257487941763,50.00903358551809,50.53960113048423,54.20053082219937,0,0,55.0
OPNUSDT,80,0.0661,1.0590015128592924,-8.925869894099863,0.2840909090908975,1.2893982808022892,-1.0401188707280717,-3.079178885630485,0,3.3632697947213828,-0.6364521416163424,1.778047538377494,0.6345300485504456,1.2698315146952892,0.9688636895426607,0,0.9051444590567898,1.7745863133103768,1.5722934486633422,3.953772711293113,0.22893183932182964,4.637547013285415,6.190314212491418,5.098210802270795,10.235223577281543,0,0,0,0,0,52.84257487941763,50.00903358551809,45.39359770250804,49.799043314036865,0,0,55.0
OPNUSDT,81,0.0668,-0.44910179640717773,-7.185628742514968,0.2840909090908975,1.2893982808022892,0.2980625931445482,-0.2985074626865757,0,0.5825983717774732,0.3932610800877898,1.778047538377494,0.6345300485504456,0.7681500455361226,1.008908097651847,0,0.9051444590567898,1.7745863133103768,1.7987095034203,3.9109034332914594,0.2314412704112743,4.637547013285415,6.190314212491418,3.3624001277980216,9.787258463411137,0,0,0,0,0,52.84257487941763,50.00903358551809,50.720842917062086,51.76750569628794,0,0,55.0
OPNUSDT,82,0.0665,-4.812030075187982,-11.127819548872186,0.2840909090908975,1.2893982808022892,-0.3003003003003089,-1.6272189349112276,0,1.9113098440021252,-0.0885075113295874,1.778047538377494,0.6345300485504456,0.9896760449106795,1.3041887509448422,0,0.9051444590567898,1.7745863133103768,1.6437871194637843,3.8735000445438277,0.23367611943925673,4.637547013285415,6.190314212491418,3.861709070105459,9.293994581023622,0,0,0,0,0,52.84257487941763,50.00903358551809,46.01558011731901,50.84728750523129,0,0,55.0
OPNUSDT,83,0.0633,-4.89731437598736,-6.9510268562401185,0.2840909090908975,1.2893982808022892,-3.4175334323922684,-4.236006051437232,0,4.52009696052813,-1.5200125734840784,1.778047538377494,0.6345300485504456,0.6858332380518839,0.8564078248602199,0,0.9051444590567898,1.7745863133103768,1.7835720453905177,4.331573898113448,0.2089643349847989,4.637547013285415,6.190314212491418,4.153337601158262,9.72975138082294,0,0,0,0,0,52.84257487941763,50.00903358551809,39.26761531681311,42.22509662244224,0,0,55.0
OPNUSDT,84,0.0602,2.990033222591367,-3.820598006644513,0.2840909090908975,1.2893982808022892,-4.368174726989086,-9.880239520958087,0,10.164330430048985,-3.1687312645134966,1.778047538377494,0.6345300485504456,0.9443210991080353,0.8049642791548786,0,0.9051444590567898,1.7745863133103768,2.0747706558365016,4.786962696674841,0.18908533790863433,4.637547013285415,6.190314212491418,10.781988269830215,13.097795829320976,0,0,0,0,0,52.84257487941763,50.00903358551809,26.095025229814055,35.87800797254914,0,0,55.0
OPNUSDT,85,0.062,-4.677419354838709,-8.225806451612904,0.2840909090908975,1.2893982808022892,2.8667790893760543,-6.766917293233088,0,7.0510082023239855,-0.5816622534909617,1.778047538377494,0.6345300485504456,1.0413218065944263,1.06688595629162,0,0.9051444590567898,1.7745863133103768,2.1936711241356623,4.569443555780796,0.1980863639100417,4.637547013285415,6.190314212491418,17.12332616988485,14.428068177445393,0,0,0,0,0,52.84257487941763,50.00903358551809,33.02431942615705,41.38724597691606,0,0,55.0
OPNUSDT,86,0.0591,-0.33840947546531097,-1.5228426395939052,0.2840909090908975,1.2893982808022892,-0.9708737864077723,-6.635071090047387,0,6.919161999138285,-1.508113921640493,1.778047538377494,0.6345300485504456,1.2430764892111874,1.1210151154726924,0,0.9051444590567898,1.7745863133103768,2.106493064727064,4.8621845612271235,0.18616003725460153,4.637547013285415,6.190314212491418,16.230015737814945,17.177079865470564,0,0,0,0,0,52.84257487941763,50.00903358551809,36.0247975478413,36.017989257452,0,0,55.0
OPNUSDT,87,0.0589,-1.6977928692699504,-0.33955857385398774,0.2840909090908975,1.2893982808022892,-1.0033444816053452,-2.159468438538199,0,2.4435593476290967,-0.39733093256258933,1.778047538377494,0.6345300485504456,0.9108718094290899,0.9001494673341733,0,0.9051444590567898,1.7745863133103768,2.0830940564804545,4.663614356525344,0.19408647239245,4.637547013285415,6.190314212491418,16.266822262958353,19.40992421974702,0,0,0,0,0,52.84257487941763,50.00903358551809,31.104747560274546,35.67425780849159,0,0,55.0
OPNUSDT,88,0.0579,-1.7271157167530238,3.281519861830741,0.2840909090908975,1.2893982808022892,-4.915254237288136,-6.61290322580645,0,6.896994134897348,-2.48866706830035,1.778047538377494,0.6345300485504456,0.6554017895808151,0.821895825569554,0,0.9051444590567898,1.7745863133103768,2.3378408698129456,4.874080326661061,0.18570569182163021,4.637547013285415,6.190314212491418,12.65245217169148,21.848784770931264,0,0,0,0,0,52.84257487941763,50.00903358551809,21.89370184162759,33.93065814733775,0,0,55.0
OPNUSDT,89,0.0569,2.284710017574697,4.042179261862923,0.2840909090908975,1.2893982808022892,2.9929577464788735,-3.7225042301184446,0,4.006595139209342,0.21098567656340383,1.778047538377494,0.6345300485504456,0.9430041841428949,0.9502690505429576,0,0.9051444590567898,1.7745863133103768,2.214892299122612,4.906754031983154,0.18446909161471847,4.637547013285415,6.190314212491418,10.96091995357136,24.470890613985972,0,0,0,0,0,52.84257487941763,50.00903358551809,39.408010509106,32.234013481632886,0,0,55.0
OPNUSDT,90,0.0582,0.8591065292096227,4.982817869415808,0.2840909090908975,1.2893982808022892,-0.17331022530329784,-1.1884550084889631,0,1.4725459175798608,0.05293098902523147,1.778047538377494,0.6345300485504456,1.364618562112547,1.1044568264128314,0,0.9051444590567898,1.7745863133103768,2.2277153710917577,4.675412318922359,0.1935967134692021,4.637547013285415,6.190314212491418,11.548577992471722,24.266323969352595,0,0,0,0,0,52.84257487941763,50.00903358551809,38.04131590289421,36.667575253524724,0,0,55.0
OPNUSDT,91,0.0587,1.873935264054509,4.429301533219758,0.2840909090908975,1.2893982808022892,0.17123287671233367,1.3816925734024215,1,-1.097601664311524,0.7816036600019856,1.778047538377494,0.6345300485504456,1.200664104333924,1.2942953325683686,0,0.9051444590567898,1.7745863133103768,1.9564519297123777,4.462663617056044,0.2028260556313005,4.637547013285415,6.190314212491418,6.085071547124161,23.947066197960574,0,0,0,0,0,52.84257487941763,50.00903358551809,44.70166854540087,38.3385356934018,0,0,75.0
OPNUSDT,92,0.0598,-1.0033444816053452,3.177257525083611,0.2840909090908975,1.2893982808022892,2.0512820512820507,5.0966608084358525,1,-4.812569899344955,2.1803580124027726,1.778047538377494,0.6345300485504456,0.8251295925912128,1.0471992529653502,0,0.9051444590567898,1.7745863133103768,1.7437580440572884,4.270734121088708,0.21194118701682316,4.637547013285415,6.190314212491418,5.878852852744173,24.21225278492117,0,0,0,0,0,52.84257487941763,50.00903358551809,53.377956311800716,41.966210481764456,0,0,75.0
OPNUSDT,93,0.0592,3.209459459459457,2.871621621621622,0.2840909090908975,1.2893982808022892,-0.5067567567567596,1.7182130584192454,0,-1.4341221493283478,0.6962363728889182,1.778047538377494,0.6345300485504456,1.2186729634368265,1.1885629771135893,0,0.9051444590567898,1.7745863133103768,1.7563588422986234,4.174793322555938,0.21681180099776348,4.637547013285415,6.190314212491418,5.765160269942282,24.717842325070368,0,0,0,0,0,52.84257487941763,50.00903358551809,47.20275542808125,40.56435783300674,0,0,55.0
OPNUSDT,94,0.0611,0.3273322422258573,2.454991816693947,0.2840909090908975,1.2893982808022892,3.050847457627124,4.088586030664394,1,-3.8044951215734963,2.178230669546176,1.778047538377494,0.6345300485504456,1.1895887204747684,1.5125877945840542,0,0.9051444590567898,1.7745863133103768,1.7835531249268222,4.130139047275017,0.21915592881890647,4.637547013285415,6.190314212491418,6.08368216941919,24.35048426554623,0,0,1,0,0,52.84257487941763,50.00903358551809,60.17691061483858,46.642679231844134,0,0,75.0
OPNUSDT,95,0.0613,0.6525285481239764,0.48939641109298804,0.2840909090908975,1.2893982808022892,0.4870129870129784,2.5083612040133803,1,-2.2242702949224826,1.1422158452298863,1.778047538377494,0.6345300485504456,1.6434173707164084,1.7225974348139237,0,0.9051444590567898,1.7745863133103768,1.8814083324458435,4.113923846714688,0.22001974095354807,4.637547013285415,6.190314212491418,7.83582038929066,24.09342597913936,0,0,1,0,0,52.84257487941763,50.00903358551809,64.16072210909076,47.254164439328385,0,0,75.0
OPNUSDT,96,0.0617,-1.2965964343597975,0.9724473257698596,0.2840909090908975,1.2893982808022892,0.6482982171799101,4.222972972972965,1,-3.938882063882067,1.6111900950115154,1.778047538377494,0.6345300485504456,0.9182925786841695,1.0081814396573565,0,0.9051444590567898,1.7745863133103768,1.9122553100387338,3.9689579919506084,0.2280559433716611,4.637547013285415,6.190314212491418,8.311068713359882,23.254816246284474,0,0,0,0,0,52.84257487941763,50.00903358551809,63.398846272179846,48.52475333826764,0,0,75.0
OPNUSDT,97,0.0609,2.7914614121510675,3.940886699507377,0.2840909090908975,1.2893982808022892,-0.8051529790660231,-0.3273322422258573,0,0.6114231513167547,0.11025099215032662,1.778047538377494,0.6345300485504456,0.33626515709349963,0.5932574242685533,0,0.9051444590567898,1.7745863133103768,1.8117192760304883,4.003637350860408,0.22608053121051744,4.637547013285415,6.190314212491418,7.9248080282996485,21.541371099547696,0,0,0,0,0,52.84257487941763,50.00903358551809,57.68976287407383,46.13128801530304,0,0,55.0
OPNUSDT,98,0.0626,-1.5974440894568702,12.30031948881789,0.2840909090908975,1.2893982808022892,0.9787928221859646,2.1207177814029405,1,-1.836626872312043,1.1682499483705229,1.778047538377494,0.6345300485504456,0.9871944320578863,1.103695201865358,0,0.9051444590567898,1.7745863133103768,1.678101476528163,3.810679701821297,0.23752834924021038,4.637547013285415,6.190314212491418,6.394944955819954,20.168005696549425,0,0,0,0,0,52.84257487941763,50.00903358551809,58.718488428254055,51.59511132572768,0,0,75.0
OPNUSDT,99,0.0616,1.136363636363635,15.746753246753247,0.2840909090908975,1.2893982808022892,-0.16051364365971568,-0.1620745542949691,0,0.4461654633858666,0.31272524798462553,1.778047538377494,0.6345300485504456,1.55719505598964,1.7179105309470526,0,0.9051444590567898,1.7745863133103768,1.5439536945946881,3.7698644959904577,0.2400999982942307,4.637547013285415,6.190314212491418,2.6032105324576045,18.04838301483465,0,0,0,0,0,52.84257487941763,50.00903358551809,58.00493574741908,48.480102062169735,0,0,55.0
OPNUSDT,100,0.0623,1.6051364365971008,16.853932584269664,0.2840909090908975,1.2893982808022892,-0.16181229773463246,2.2988505747126413,0,-2.0147596656217437,0.927631866717799,1.778047538377494,0.6345300485504456,1.8166972814216598,1.420249590614855,0,0.9051444590567898,1.7745863133103768,1.4029704260836215,3.6103043893478093,0.2507113975562325,4.637547013285415,6.190314212491418,2.3811442818288544,16.61751596453361,0,0,0,0,0,52.84257487941763,50.00903358551809,53.35473175356024,50.72284322324428,0,0,55.0
OPNUSDT,101,0.0633,11.058451816745666,9.004739336492909,0.2840909090908975,1.2893982808022892,1.2903225806451535,1.118210862619796,1,-0.8341199535288985,0.9955056582895341,1.778047538377494,0.6345300485504456,1.497678490551123,1.816947765374071,0,0.9051444590567898,1.7745863133103768,1.3242614979706708,3.4574424790485128,0.26179595598243627,4.637547013285415,6.190314212491418,3.199317697617839,14.637152303461546,0,0,0,0,0,52.84257487941763,50.00903358551809,60.992807646585156,53.815869267634525,0,0,75.0
OPNUSDT,102,0.0703,1.4224751066856343,-8.250355618776672,0.2840909090908975,1.2893982808022892,5.379746835443037,14.123376623376622,1,-13.839285714285724,5.2691531621782115,1.778047538377494,0.6345300485504456,6.401487319597283,5.488403800746294,0,0.9051444590567898,1.7745863133103768,1.6267137386818027,3.6833259662761844,0.2457410686276795,4.637547013285415,6.190314212491418,7.5971670603919215,18.332814822471963,0,0,1,1,0,52.84257487941763,50.00903358551809,79.50488887385792,68.64990961455682,0,0,75.0
OPNUSDT,103,0.0713,2.1037868162692863,-9.81767180925667,0.2840909090908975,1.2893982808022892,2.49999999999999,14.446227929373997,1,-14.1621370202831,4.6299292798167935,1.778047538377494,0.6345300485504456,0.2695731216520727,0.6256422255653743,0,0.9051444590567898,1.7745863133103768,2.5375359332234773,3.9132354243436236,0.23130334899506125,4.637547013285415,6.190314212491418,17.295900647571273,23.243532478720514,0,0,1,1,0,52.84257487941763,50.00903358551809,72.63223000269045,70.12610931516056,0,0,75.0
OPNUSDT,104,0.0728,-5.219780219780216,-10.576923076923075,0.2840909090908975,1.2893982808022892,1.578192252510766,15.007898894154833,1,-14.723807985063935,4.539895084139697,1.778047538377494,0.6345300485504456,0.4505056883696289,1.0182257287037866,0,0.9051444590567898,1.7745863133103768,2.8860264408717495,3.951312710777182,0.2290743672572443,4.637547013285415,6.190314212491418,22.776836270272685,27.967206726146337,0,0,0,1,0,52.84257487941763,50.00903358551809,70.57344225493134,72.23782635500733,0,0,75.0
OPNUSDT,105,0.069,-6.521739130434788,-7.536231884057985,0.2840909090908975,1.2893982808022892,-6.068965517241382,-1.8492176386913166,0,2.1333085477822142,-1.5861734915098777,1.778047538377494,0.6345300485504456,0.6272800239703529,1.806951710118433,0,0.9051444590567898,1.7745863133103768,3.5630338509926447,4.720002432173421,0.1917677950517491,4.637547013285415,6.190314212491418,21.72407614177001,29.48491778102244,0,0,0,0,0,52.84257487941763,50.00903358551809,53.83915294653027,60.55898981745528,0,0,55.0
OPNUSDT,106,0.0645,-0.31007751937985384,-0.15503875968992692,0.2840909090908975,1.2893982808022892,0.5908419497784307,-9.537166900420758,0,9.821257809511655,-1.843208940187285,1.778047538377494,0.6345300485504456,6.939715239076603,3.7491697054433097,0,0.9051444590567898,1.7745863133103768,3.5563511259608425,5.319869525647353,0.1701441087404576,4.637547013285415,6.190314212491418,15.996242620804502,29.101438929454314,0,0,0,0,0,52.84257487941763,50.00903358551809,52.78166824729335,50.20721843121232,0,0,55.0
OPNUSDT,107,0.0643,1.244167962674975,1.555209953343703,0.2840909090908975,1.2893982808022892,-3.714710252600301,-11.675824175824186,0,11.959915084915083,-3.454261309632825,1.778047538377494,0.6345300485504456,0.19693116758813195,0.32732814579705954,0,0.9051444590567898,1.7745863133103768,3.5792127191383147,5.177416793218514,0.17482549603546818,4.637547013285415,6.190314212491418,14.099682081358225,28.53964500837829,0,0,0,0,0,52.84257487941763,50.00903358551809,42.85223085130743,49.79977660476985,0,0,55.0
OPNUSDT,108,0.0651,-1.9969278033794309,-0.46082949308757076,0.2840909090908975,1.2893982808022892,-0.6201550387596861,-5.6521739130434785,0,5.936264822134376,-1.1747099404774946,1.778047538377494,0.6345300485504456,0.2293278912563325,0.3431060763390553,0,0.9051444590567898,1.7745863133103768,3.137533357518109,5.00088073014193,0.18099700990691311,4.637547013285415,6.190314212491418,17.73984405871393,27.571584985525003,0,0,0,0,0,52.84257487941763,50.00903358551809,41.35021913537182,51.49539113748019,0,0,55.0
OPNUSDT,109,0.0638,0.9404388714733595,2.194357366771158,0.2840909090908975,1.2893982808022892,0.0,-1.0852713178294668,0,1.3693622269203645,0.12205446801593,1.778047538377494,0.6345300485504456,0.026888362692120662,0.08587131196072842,0,0.9051444590567898,1.7745863133103768,2.734481635039834,4.995796419524312,0.18118121377391425,4.637547013285415,6.190314212491418,16.320612023142832,25.84990733971228,0,0,0,0,0,52.84257487941763,50.00903358551809,44.06290277303347,48.6213902264848,0,0,55.0
OPNUSDT,110,0.0644,1.3975155279503075,0.31055900621118904,0.2840909090908975,1.2893982808022892,0.6172839506172803,0.1555209953343746,1,0.1285699137565229,0.5865735339612105,1.778047538377494,0.6345300485504456,1.5190769077112771,0.336917419704856,0,0.9051444590567898,1.7745863133103768,2.5936038108334203,4.972841116186184,0.18201757062187646,4.637547013285415,6.190314212491418,10.663023519869462,24.542812022842547,0,0,0,0,0,52.84257487941763,50.00903358551809,49.01467988928993,50.00817825766776,0,0,75.0
OPNUSDT,111,0.0653,-0.7656967840735076,-3.522205206738126,0.2840909090908975,1.2893982808022892,1.0852713178294453,0.3072196620583592,1,-0.023128752967461697,0.7414950424452478,1.778047538377494,0.6345300485504456,0.8531873224662224,0.3862888377941662,0,0.9051444590567898,1.7745863133103768,2.4632621610112864,4.750888845406993,0.19052107689950573,4.637547013285415,6.190314212491418,4.806784955626942,23.309190271726997,0,0,0,0,0,52.84257487941763,50.00903358551809,49.70536994615315,52.0968387546198,0,0,75.0
OPNUSDT,112,0.0648,0.6172839506172803,-1.2345679012345605,0.2840909090908975,1.2893982808022892,-0.76804915514593,1.5673981191222586,0,-1.283307210031361,0.5932095384673789,1.778047538377494,0.6345300485504456,1.5667615689722887,0.548135878963534,0,0.9051444590567898,1.7745863133103768,2.2477857820859066,4.6439919983090805,0.1949065500944793,4.637547013285415,6.190314212491418,3.1884147111441954,22.35110887742299,0,0,0,0,0,52.84257487941763,50.00903358551809,46.063677528343305,50.826352381569485,0,0,55.0
OPNUSDT,113,0.0652,-0.92024539877299,-1.5337423312883451,0.2840909090908975,1.2893982808022892,1.5337423312883451,1.2422360248447128,1,-0.9581451157538153,1.0873668865065613,1.778047538377494,0.6345300485504456,0.9598048012921296,0.4731943603538667,0,0.9051444590567898,1.7745863133103768,2.3209252675005962,4.647347567238793,0.19476581984905825,4.637547013285415,6.190314212491418,3.851043762283912,20.96105488333286,0,0,1,0,0,52.84257487941763,50.00903358551809,56.01542344127434,51.838247708477674,0,0,75.0
OPNUSDT,114,0.0646,-2.4767801857585203,-4.489164086687317,0.2840909090908975,1.2893982808022892,-3.303303303303314,-1.071975497702898,0,1.3560664067937953,-0.7004474027782563,1.778047538377494,0.6345300485504456,0.4654725480672939,0.26694308741691114,0,0.9051444590567898,1.7745863133103768,2.232883386535613,4.477102828385228,0.2021719164719858,4.637547013285415,6.190314212491418,4.5014222503701635,20.25397895149304,0,0,0,0,0,52.84257487941763,50.00903358551809,44.37796344242068,50.17051046356322,0,0,55.0
OPNUSDT,115,0.063,1.5873015873015885,-2.857142857142862,0.2840909090908975,1.2893982808022892,-0.9302325581395399,-2.777777777777772,0,3.0618686868686695,-0.5336302865060312,1.778047538377494,0.6345300485504456,0.25737324555535934,0.14477214807856767,0,0.9051444590567898,1.7745863133103768,1.9569986434411186,4.489649609158635,0.2016069265651256,4.637547013285415,6.190314212491418,4.346253940600781,19.76974552991722,0,0,0,0,0,52.84257487941763,50.00903358551809,41.8438259806299,45.92723674668465,0,0,55.0
OPNUSDT,116,0.064,0.3124999999999873,-6.718749999999997,0.2840909090908975,1.2893982808022892,-1.1006289308176198,-1.8404907975460012,0,2.124581706636899,-0.34190763461760854,1.778047538377494,0.6345300485504456,1.3075034805827004,2.746872416000684,0,0.9051444590567898,1.7745863133103768,1.9227407997872612,4.438641774442992,0.20392374628393545,4.637547013285415,6.190314212491418,6.1197367718816285,19.234904067932913,0,0,0,0,0,52.84257487941763,50.00903358551809,37.6743730925544,48.83963563795294,0,0,55.0
OPNUSDT,117,0.0642,-3.894080996884728,-7.320872274143296,0.2840909090908975,1.2893982808022892,1.7656500802568167,-0.6191950464396462,0,0.9032859555305437,0.6799860559275893,1.778047538377494,0.6345300485504456,4.365223663282516,7.138916580049825,0,0.9051444590567898,1.7745863133103768,2.131086062866048,4.431408496146607,0.2042566059626123,4.637547013285415,6.190314212491418,7.060789218977165,18.299103682174895,0,0,0,0,0,52.84257487941763,50.00903358551809,44.54073144902046,49.426329369689334,0,0,55.0
OPNUSDT,118,0.0617,-0.8103727714748791,-2.2690437601296574,0.2840909090908975,1.2893982808022892,-3.7558685446009386,-2.0634920634920677,0,2.3475829725829653,-1.0614678545499547,1.778047538377494,0.6345300485504456,3.5675750994462065,2.516743041378941,0,0.9051444590567898,1.7745863133103768,2.451532376936519,4.652064749807776,0.19456832777191901,4.637547013285415,6.190314212491418,6.766100341951065,18.59990389272181,0,0,0,0,0,52.84257487941763,50.00903358551809,35.995176131040765,42.81658661234456,0,0,55.0
OPNUSDT,119,0.0612,-2.4509803921568536,1.7973856209150387,0.2840909090908975,1.2893982808022892,-1.1308562197092074,-4.375000000000006,0,4.659090909090904,-0.9830917574540067,1.778047538377494,0.6345300485504456,0.06299053691738785,0.16052991689747503,0,0.9051444590567898,1.7745863133103768,2.1648626701478038,4.483451372339889,0.20188564208390192,4.637547013285415,6.190314212491418,6.589275256921052,18.76106416023892,0,0,0,0,0,52.84257487941763,50.00903358551809,35.58686990807057,41.617858723796246,0,0,55.0
OPNUSDT,120,0.0597,-0.3350083752093898,4.522613065326623,0.2840909090908975,1.2893982808022892,-1.6313213703099527,-7.009345794392509,0,7.2934367034834064,-1.7667944937023186,1.778047538377494,0.6345300485504456,0.05101650375856906,0.11494573287351459,0,0.9051444590567898,1.7745863133103768,1.9345282708490015,4.507099679150054,0.20082636806192877,4.637547013285415,6.190314212491418,7.536736194826322,19.86155344704195,0,0,0,0,0,52.84257487941763,50.00903358551809,31.463349660486713,38.16572199802589,0,0,55.0
OPNUSDT,121,0.0595,1.344537815126054,4.03361344537815,0.2840909090908975,1.2893982808022892,-1.3400335008375244,-3.565640194489466,0,3.8497311035803636,-0.8330461263584509,1.778047538377494,0.6345300485504456,0.029725621869028832,0.05789382540742806,0,0.9051444590567898,1.7745863133103768,1.82576786731044,4.379303794703911,0.20668683916183703,4.637547013285415,6.190314212491418,10.226179510910006,21.192816115619483,0,0,0,0,0,52.84257487941763,50.00903358551809,25.297311370187217,37.71649790879837,0,0,55.0
OPNUSDT,122,0.0603,3.316749585406305,2.819237147595357,0.2840909090908975,1.2893982808022892,1.8612521150592163,-1.4705882352941144,0,1.7546791443850118,0.4910382674145722,1.778047538377494,0.6345300485504456,1.9234192334056959,0.17419497686249394,0,0.9051444590567898,1.7745863133103768,1.5969713926606284,4.154692590859364,0.21786075365676286,4.637547013285415,6.190314212491418,9.534531814756999,20.795016119745092,0,0,0,0,0,52.84257487941763,50.00903358551809,40.30563362386616,40.7220707194528,0,0,55.0
OPNUSDT,123,0.0623,0.16051364365970452,-0.6420545746388516,0.2840909090908975,1.2893982808022892,4.00667779632721,4.355108877721939,1,-4.0710179686310415,2.4838189659855843,1.778047538377494,0.6345300485504456,1.3782674380601168,0.14937485249101454,0,0.9051444590567898,1.7745863133103768,1.6160285244042787,4.032175558329116,0.22448041905989594,4.637547013285415,6.190314212491418,6.542826497615787,18.63972130242,0,0,0,0,0,52.84257487941763,50.00903358551809,58.20904687359714,47.53798178446359,0,0,75.0
OPNUSDT,124,0.0624,-0.8012820512820521,0.0,0.2840909090908975,1.2893982808022892,0.9661835748792323,4.873949579831933,1,-4.589858670741036,1.853405586151088,1.778047538377494,0.6345300485504456,1.2430367997316298,0.15586696949049184,0,0.9051444590567898,1.7745863133103768,1.645368240915746,3.932759826798021,0.23015503079773406,4.637547013285415,6.190314212491418,7.651146371371937,13.894922485711305,0,0,0,0,0,52.84257487941763,50.00903358551809,59.656017492245965,47.86079402306257,0,0,75.0
OPNUSDT,125,0.0619,0.16155088852989155,2.5848142164781973,0.2840909090908975,1.2893982808022892,0.0,2.653399668325037,0,-2.3693087592341393,1.056722214554556,1.778047538377494,0.6345300485504456,1.2102888765281334,0.1931227071362676,0,0.9051444590567898,1.7745863133103768,1.5694337210942293,3.8313579177227726,0.23624638535331005,4.637547013285415,6.190314212491418,8.704635702160992,11.557159450166491,0,0,0,0,0,52.84257487941763,50.00903358551809,53.48712606854065,46.325882362653125,0,0,55.0
OPNUSDT,126,0.062,-0.1612903225806498,3.5483870967741833,0.2840909090908975,1.2893982808022892,0.646203554119555,-0.48154093097913586,0,0.7656318400700334,0.4345379532584015,1.778047538377494,0.6345300485504456,1.362617498642891,0.15009298954739908,0,0.9051444590567898,1.7745863133103768,1.4863629600383441,3.690200134091606,0.24528329796931286,4.637547013285415,6.190314212491418,7.142207288091683,11.491598228936128,0,0,0,0,0,52.84257487941763,50.00903358551809,55.24000448097333,46.69409061830955,0,0,55.0
OPNUSDT,127,0.0619,0.8077544426494353,1.9386106623586536,0.2840909090908975,1.2893982808022892,0.1612903225806498,-0.8012820512820521,0,1.0853729603729496,0.23337436529794617,1.778047538377494,0.6345300485504456,0.6077327221784066,0.19762357681116705,0,0.9051444590567898,1.7745863133103768,1.3128756984530716,3.51292558051908,0.2576611540182536,4.637547013285415,6.190314212491418,4.270210799565226,11.439452070842862,0,0,0,0,0,52.84257487941763,50.00903358551809,53.05417834632127,46.35165530886087,0,0,55.0
OPNUSDT,128,0.0624,1.762820512820519,1.762820512820519,0.2840909090908975,1.2893982808022892,0.32206119162640706,0.8077544426494353,1,-0.5236635335585378,0.6758262060422573,1.778047538377494,0.6345300485504456,0.9359797812480695,1.0852626854838578,0,0.9051444590567898,1.7745863133103768,1.1933423771313856,3.3503333500958155,0.27016549234747156,4.637547013285415,6.190314212491418,1.3574122911886533,10.998551374935255,0,0,0,0,0,52.84257487941763,50.00903358551809,55.5902703912338,48.389672849469925,0,0,75.0
OPNUSDT,129,0.0635,1.1023622047243973,0.31496062992126883,0.2840909090908975,1.2893982808022892,0.48231511254019555,2.4193548387096793,1,-2.1352639296187816,1.1187897852857653,1.778047538377494,0.6345300485504456,3.8965073194280038,4.066423535191314,0,0.9051444590567898,1.7745863133103768,1.2153120019789443,3.360844109783719,0.2693205722996294,4.637547013285415,6.190314212491418,1.1935158938873862,10.949616151058688,0,0,0,0,0,52.84257487941763,50.00903358551809,57.382640571403755,52.651224057470884,0,0,75.0
OPNUSDT,130,0.0642,-1.7133956386292681,1.4018691588785235,0.2840909090908975,1.2893982808022892,0.628930817610059,3.715670436187393,1,-3.4315795270964955,1.4795226109226598,1.778047538377494,0.6345300485504456,0.8728903186343274,1.375513801886103,0,0.9051444590567898,1.7745863133103768,1.3950802890285536,3.287023601053026,0.2753690173586886,4.637547013285415,6.190314212491418,4.178297363470644,10.892121570787259,0,0,1,0,0,52.84257487941763,50.00903358551809,70.61449001653932,55.18707890904172,0,0,75.0
OPNUSDT,131,0.0631,0.6339144215530864,5.7052297939778,0.2840909090908975,1.2893982808022892,-1.0937500000000095,1.1217948717948816,0,-0.8377039627039841,0.4003835154220147,1.778047538377494,0.6345300485504456,1.1309866520499767,1.317784167834659,0,0.9051444590567898,1.7745863133103768,1.4272714669294446,3.3431626640693413,0.2707449651746936,4.637547013285415,6.190314212491418,5.307549822243612,10.253324139622231,0,0,0,0,0,52.84257487941763,50.00903358551809,56.43034219531273,50.6008785767185,0,0,55.0
OPNUSDT,132,0.0635,0.31496062992126883,-4.409448818897644,0.2840909090908975,1.2893982808022892,-0.15873015873016327,0.0,0,0.2840909090908975,0.3536897577907559,1.778047538377494,0.6345300485504456,0.3299919779558663,0.6402114982548059,0,0.9051444590567898,1.7745863133103768,1.3481400060973046,3.2535391826052655,0.2782030300713935,4.637547013285415,6.190314212491418,4.721844469286361,9.84399946773384,0,0,0,0,0,52.84257487941763,50.00903358551809,50.67751806801686,52.157841842876884,0,0,55.0
OPNUSDT,133,0.0637,2.1978021978021953,-4.081632653061232,0.2840909090908975,1.2893982808022892,-0.7861635220125793,-0.7788161993769263,0,1.0629071084678237,0.002127367125920321,1.778047538377494,0.6345300485504456,0.36369913008807153,0.5799096268380634,0,0.9051444590567898,1.7745863133103768,1.3558905149134455,3.1686438610009486,0.2856567347934337,4.637547013285415,6.190314212491418,3.744065799997678,9.224585941240445,0,0,0,0,0,52.84257487941763,50.00903358551809,51.697662421232565,52.95623336375384,0,0,55.0
OPNUSDT,134,0.0651,2.457757296466959,-6.29800307219663,0.2840909090908975,1.2893982808022892,0.6319115323854841,3.1695721077654544,1,-2.8854811986745568,1.3437432075110314,1.778047538377494,0.6345300485504456,1.35550381497747,1.8406793041836582,0,0.9051444590567898,1.7745863133103768,1.2631464493452271,3.186256288451709,0.28407773170582734,4.637547013285415,6.190314212491418,2.3891767266118147,9.481950617963482,0,0,0,0,0,52.84257487941763,50.00903358551809,58.64298317286216,58.21311151943386,0,0,75.0
OPNUSDT,135,0.0667,-8.99550224887556,-10.194902548725628,0.2840909090908975,1.2893982808022892,1.2403100775193723,5.039370078740149,1,-4.755279169649252,1.9632923365381771,1.778047538377494,0.6345300485504456,3.2617144877358175,4.492578169601688,0,0.9051444590567898,1.7745863133103768,1.5028224224552684,3.2946334299814537,0.2747329796449874,4.637547013285415,6.190314212491418,4.662092829111392,11.122579002476638,0,0,1,1,0,52.84257487941763,50.00903358551809,72.958438352639,63.26529394160285,0,0,75.0
OPNUSDT,136,0.0607,0.6589785831960536,2.6359143327841914,0.2840909090908975,1.2893982808022892,-8.308157099697883,-4.709576138147582,0,4.993667047238479,-2.8610610119880695,1.778047538377494,0.6345300485504456,5.521412742593349,4.663274518745687,0,0.9051444590567898,1.7745863133103768,2.7094069560981184,4.338405091947422,0.208635302576249,4.637547013285415,6.190314212491418,8.285257342012754,11.291965285104311,0,0,0,0,0,52.84257487941763,50.00903358551809,33.32736865767086,42.50944904255155,0,0,55.0
OPNUSDT,137,0.0611,-0.16366612111293433,-0.49099836333879154,0.2840909090908975,1.2893982808022892,0.1633986928104622,-6.14439324116744,0,6.428484150258337,-1.1018763396159477,1.778047538377494,0.6345300485504456,0.05278375460330108,0.10647088707513451,0,0.9051444590567898,1.7745863133103768,2.3675777276215983,4.1541214146080305,0.21789070870048133,4.637547013285415,6.190314212491418,10.98800746213065,11.191076672970773,0,0,0,0,0,52.84257487941763,50.00903358551809,39.24379916643908,43.83243105035872,0,0,55.0
OPNUSDT,138,0.061,-1.803278688524585,3.2786885245901667,0.2840909090908975,1.2893982808022892,-0.8169934640522883,-8.545727136431779,0,8.829818045522677,-1.94730785264772,1.778047538377494,0.6345300485504456,0.04926429382996848,0.09214149122067165,0,0.9051444590567898,1.7745863133103768,2.0209864816580967,3.957398875436955,0.2287220691032436,4.637547013285415,6.190314212491418,12.682595022942742,11.322576549422294,0,0,0,0,0,52.84257487941763,50.00903358551809,36.07897567259552,43.5625357569133,0,0,55.0
OPNUSDT,139,0.0599,4.00667779632721,5.175292153589313,0.2840909090908975,1.2893982808022892,0.9900990099009841,-1.3179571663920844,0,1.602048075482982,0.3114077583505216,1.778047538377494,0.6345300485504456,0.06195021679753226,0.12254576731006489,0,0.9051444590567898,1.7745863133103768,1.7114025332029332,3.9807027286209227,0.22738308302925414,4.637547013285415,6.190314212491418,13.47389610145867,11.736385468668042,0,0,0,0,0,52.84257487941763,50.00903358551809,41.47171556094506,40.601019885444046,0,0,55.0
OPNUSDT,140,0.0623,-2.407704654895668,-1.284109149277692,0.2840909090908975,1.2893982808022892,1.996672212978369,1.9639934533551549,1,-1.6799025442642574,1.3835387140566777,1.778047538377494,0.6345300485504456,0.9879966106018916,0.10341935319960291,0,0.9051444590567898,1.7745863133103768,1.6586801899891108,3.8520674326726803,0.2349762756953539,4.637547013285415,6.190314212491418,11.293613852347557,11.09784827325733,0,0,0,0,0,52.84257487941763,50.00903358551809,46.541646017642975,48.78234811270255,0,0,75.0
OPNUSDT,141,0.0608,3.6184210526315796,1.8092105263157843,0.2840909090908975,1.2893982808022892,-0.162337662337667,-0.3278688524590144,0,0.6119597615499119,0.27082066877412636,1.778047538377494,0.6345300485504456,0.8431323736022841,0.10011073987912704,0,0.9051444590567898,1.7745863133103768,1.6958929412689245,3.9471210217594024,0.22931763532634927,4.637547013285415,6.190314212491418,4.037486077274146,10.5291071347878,0,0,0,0,0,52.84257487941763,50.00903358551809,47.77088285389342,44.643602253669314,0,0,55.0
OPNUSDT,142,0.063,0.0,-1.746031746031752,0.2840909090908975,1.2893982808022892,2.7732463295269167,5.175292153589313,1,-4.891201244498415,2.380506918252354,1.778047538377494,0.6345300485504456,1.4848694100997701,0.26663277787819356,0,0.9051444590567898,1.7745863133103768,1.7077368950017016,3.9226807886605806,0.2307463971254862,4.637547013285415,6.190314212491418,4.796565703290722,10.046079720331386,0,0,1,0,0,52.84257487941763,50.00903358551809,58.064140418931366,51.18506508347999,0,0,75.0
OPNUSDT,143,0.063,-2.3809523809523827,-2.857142857142862,0.2840909090908975,1.2893982808022892,-0.6349206349206311,1.1235955056179763,0,-0.8395045965270788,0.515541015147633,1.778047538377494,0.6345300485504456,1.8862156897063542,0.27615029493996,0,0.9051444590567898,1.7745863133103768,1.71804846849915,3.823895199447864,0.23670744407103114,4.637547013285415,6.190314212491418,6.230466002609582,10.048641625634462,0,0,0,0,0,52.84257487941763,50.00903358551809,54.63818460546524,51.18506508347999,0,0,55.0
OPNUSDT,144,0.0615,0.6504065040650368,0.16260162601626482,0.2840909090908975,1.2893982808022892,-1.5923566878980797,1.151315789473683,0,-0.8672248803827854,0.28311207286719753,1.778047538377494,0.6345300485504456,1.072877751000429,0.20751835341615357,0,0.9051444590567898,1.7745863133103768,1.6804751376731968,3.8464229597535433,0.2353210940470224,4.637547013285415,6.190314212491418,6.285139342572059,10.171809250490536,0,0,0,0,0,52.84257487941763,50.00903358551809,47.0573334333964,46.81092926068069,0,0,55.0
OPNUSDT,145,0.0619,0.0,-0.16155088852988034,0.2840909090908975,1.2893982808022892,0.16181229773462125,-1.746031746031752,0,2.0301226551226494,-0.0026825646009859816,1.778047538377494,0.6345300485504456,0.39095562686950147,0.12867257174087787,0,0.9051444590567898,1.7745863133103768,1.622647770600178,3.7101490379909507,0.24396444719291555,4.637547013285415,6.190314212491418,4.442298406566907,10.171809250490515,0,0,0,0,0,52.84257487941763,50.00903358551809,48.66300277903674,48.08500497313136,0,0,55.0
OPNUSDT,146,0.0619,-1.1308562197092074,0.3231017770597831,0.2840909090908975,1.2893982808022892,-0.16155088852988034,-1.746031746031752,0,2.0301226551226494,-0.0835233611671114,1.778047538377494,0.6345300485504456,0.870743835834928,1.2044296808806085,0,0.9051444590567898,1.7745863133103768,1.5311813090542907,3.5836105825886437,0.25257891118374615,4.637547013285415,6.190314212491418,4.365062454166731,10.184922274022542,0,0,0,0,0,52.84257487941763,50.00903358551809,48.23926689105291,48.08500497313136,0,0,55.0
OPNUSDT,147,0.0612,0.6535947712418375,3.5947712418300664,0.2840909090908975,1.2893982808022892,-2.103559870550166,-0.4878048780487832,0,0.7718957871396808,-0.25446888967644055,1.778047538377494,0.6345300485504456,1.3893006876687193,1.5219895300806532,0,0.9051444590567898,1.7745863133103768,1.4846611290303438,3.5407696496371157,0.25563494624666017,4.637547013285415,6.190314212491418,4.435911948899659,10.329193053957667,0,0,0,0,0,52.84257487941763,50.00903358551809,36.4297258238992,45.85567996858193,0,0,55.0
OPNUSDT,148,0.0616,0.3246753246753227,3.4090909090909163,0.2840909090908975,1.2893982808022892,1.3136288998357883,-0.48465266558965225,0,0.7687435746805498,0.6006163560348308,1.778047538377494,0.6345300485504456,1.6442853225508596,1.2765262421215555,0,0.9051444590567898,1.7745863133103768,1.4312547098602455,3.440441017220882,0.2630896604610147,4.637547013285415,6.190314212491418,3.8682026229922695,10.415586891166264,0,0,0,0,0,52.84257487941763,50.00903358551809,50.68627768016636,47.35759740351402,0,0,55.0
OPNUSDT,149,0.0618,0.48543689320388617,2.4271844660194084,0.2840909090908975,1.2893982808022892,-0.8116883116883123,-0.16155088852988034,0,0.4456417976207778,0.15006249741874855,1.778047538377494,0.6345300485504456,1.5561619745764401,1.6612156114856769,0,0.9051444590567898,1.7745863133103768,1.335754579339065,3.3230526659621855,0.2723834227269782,4.637547013285415,6.190314212491418,2.6037089993482248,10.360053256839501,0,0,0,0,0,52.84257487941763,50.00903358551809,43.83932815428226,48.13231726159798,0,0,55.0
OPNUSDT,150,0.0621,2.0933977455716515,-0.1610305958132091,0.2840909090908975,1.2893982808022892,0.6493506493506453,1.4705882352941257,1,-1.1864973262032281,0.9233570186344895,1.778047538377494,0.6345300485504456,0.5864338704133233,0.6508396802201114,0,0.9051444590567898,1.7745863133103768,1.2767717448142968,3.197309077333816,0.28309570240596665,4.637547013285415,6.190314212491418,2.6607638609149404,10.037157780376061,0,0,0,0,0,52.84257487941763,50.00903358551809,54.96375531026981,49.33673760006334,0,0,75.0
OPNUSDT,151,0.0634,0.4731861198738306,-1.892744479495268,0.2840909090908975,1.2893982808022892,0.8077544426494353,2.9220779220779156,1,-2.637987012987018,1.3258303886551346,1.778047538377494,0.6345300485504456,0.8756824670979788,0.7286264729899619,0,0.9051444590567898,1.7745863133103768,1.1944410614775194,3.0883141258805664,0.2930869147900255,4.637547013285415,6.190314212491418,3.0985364568073237,10.092939938214494,0,0,0,0,0,52.84257487941763,50.00903358551809,59.709352523878444,54.29008131135623,0,0,75.0
OPNUSDT,152,0.0637,-0.6279434850863601,-3.2967032967033036,0.2840909090908975,1.2893982808022892,2.3923444976076356,3.0744336569579382,1,-2.7903427478670406,1.76006683611469,1.778047538377494,0.6345300485504456,1.2205069469228227,1.662769450840904,0,0.9051444590567898,1.7745863133103768,1.2388361450625558,3.0224136606310417,0.2994773583930292,4.637547013285415,6.190314212491418,5.440052640989084,10.143643781842632,0,0,1,0,0,52.84257487941763,50.00903358551809,75.11392762513981,55.37438786965262,0,0,75.0
OPNUSDT,153,0.0633,-2.053712480252758,-3.3175355450236936,0.2840909090908975,1.2893982808022892,-1.4150943396226383,1.9323671497584423,0,-1.6482762406675446,0.5226905000072477,1.778047538377494,0.6345300485504456,4.293957323875475,4.455257570887372,0,0.9051444590567898,1.7745863133103768,1.4547450759536367,3.0612285628171576,0.29568012988347797,4.637547013285415,6.190314212491418,5.897138487054507,10.04974371910025,0,0,0,0,0,52.84257487941763,50.00903358551809,51.994933158593895,53.550376324144544,0,0,55.0
OPNUSDT,154,0.062,0.32258064516128837,-0.32258064516128837,0.2840909090908975,1.2893982808022892,-0.31948881789138295,-2.2082018927444773,0,2.492292801835375,-0.23855038018566832,1.778047538377494,0.6345300485504456,5.8629439761545905,5.43296020756109,0,0.9051444590567898,1.7745863133103768,1.7749977126948935,3.224752286108571,0.2806865082182983,4.637547013285415,6.190314212491418,5.215190236385976,9.189809182513239,0,0,0,0,0,52.84257487941763,50.00903358551809,47.88205528400872,48.01481177186435,0,0,55.0
OPNUSDT,155,0.0622,-0.96463022508038,-2.5723472668810246,0.2840909090908975,1.2893982808022892,-0.16051364365971568,-2.354788069073796,0,2.6388789781646937,-0.23545313071008123,1.778047538377494,0.6345300485504456,0.17015814386326852,0.36158657250948534,0,0.9051444590567898,1.7745863133103768,1.594472411159655,3.088137738405499,0.29310365525475035,4.637547013285415,6.190314212491418,4.621209711833475,6.298366792008547,0,0,0,0,0,52.84257487941763,50.00903358551809,46.72945067491634,48.89014887039182,0,0,55.0
OPNUSDT,156,0.0616,-0.6493506493506567,-0.3246753246753227,0.2840909090908975,1.2893982808022892,-0.6420545746388516,-2.68562401263822,0,2.9697149217291177,-0.43854734934597117,1.778047538377494,0.6345300485504456,0.17913495867120793,0.24020940273823135,0,0.9051444590567898,1.7745863133103768,1.5186822191434874,3.0346337839456012,0.2982713973084191,4.637547013285415,6.190314212491418,4.882233218535922,6.053072838169164,0,0,0,0,0,52.84257487941763,50.00903358551809,45.09486981931373,46.36772845454207,0,0,55.0
OPNUSDT,157,0.0612,0.9803921568627505,2.124183006535952,0.2840909090908975,1.2893982808022892,-0.3252032520325184,-1.2903225806451648,0,1.5744134897360622,-0.010509160696124065,1.778047538377494,0.6345300485504456,0.0723125792067529,0.18939625241389285,0,0.9051444590567898,1.7745863133103768,1.371971859321312,2.9413337233702586,0.30773266286140805,4.637547013285415,6.190314212491418,5.142082135833732,6.024381997311174,0,0,0,0,0,52.84257487941763,50.00903358551809,40.77673456227847,44.71154215791385,0,0,50.0
OPNUSDT,158,0.0618,-1.9417475728155336,1.1326860841423936,0.2840909090908975,1.2893982808022892,-0.1620745542949691,-0.6430868167202534,0,0.9271777258111509,0.1920819547194911,1.778047538377494,0.6345300485504456,1.1828269457486194,0.41689288716304634,0,0.9051444590567898,1.7745863133103768,1.353540821735895,2.8549758556557756,0.3170410205969612,4.637547013285415,6.190314212491418,4.208416441445091,5.8551161050181015,0,0,0,0,0,52.84257487941763,50.00903358551809,45.804511847013636,47.72761367820826,0,0,50.0
OPNUSDT,159,0.0606,1.3201320132013237,2.640264026402636,0.2840909090908975,1.2893982808022892,-1.7828200972447275,-1.6233766233766247,0,1.907467532467522,-0.4581768826820413,1.778047538377494,0.6345300485504456,2.3114823309212555,0.5725394890489812,0,0.9051444590567898,1.7745863133103768,1.4071558517762521,2.9864304602002005,0.30308573098203395,4.637547013285415,6.190314212491418,2.728790371058988,5.391868612616204,0,0,0,0,0,52.84257487941763,50.00903358551809,37.577032939661684,42.70943971661635,0,0,50.0
OPNUSDT,160,0.0614,1.7915309446254017,2.605863192182406,0.2840909090908975,1.2893982808022892,0.33003300330032803,0.3267973856209244,1,-0.042706476530026904,0.5575798947036098,1.778047538377494,0.6345300485504456,0.8489841486693318,0.43030462206980585,0,0.9051444590567898,1.7745863133103768,1.3015070149312624,2.8533153984943205,0.31722551931497994,4.637547013285415,6.190314212491418,3.322226776606854,5.455333717834994,0,0,0,0,0,52.84257487941763,50.00903358551809,40.32417361240526,46.73056415961069,0,0,70.0
OPNUSDT,161,0.0625,0.0,1.760000000000006,0.2840909090908975,1.2893982808022892,1.8092105263157843,1.1326860841423936,1,-0.8485951750514961,1.128846450087841,1.778047538377494,0.6345300485504456,1.0124303109965846,0.449490678483111,0,0.9051444590567898,1.7745863133103768,1.4019713719385696,2.8543044012321905,0.3171156021992759,4.637547013285415,6.190314212491418,3.1230412471067934,5.187438283191116,0,0,0,0,0,52.84257487941763,50.00903358551809,53.99809138934404,51.74575381614927,0,0,70.0
OPNUSDT,162,0.0625,-0.48000000000000265,3.200000000000003,0.2840909090908975,1.2893982808022892,0.6420545746388516,3.1353135313531335,1,-2.851222622262236,1.337714323971293,1.778047538377494,0.6345300485504456,0.3957753243360634,0.18272204738124342,0,0.9051444590567898,1.7745863133103768,1.3215691874750186,2.764711229715606,0.3273920434539915,4.637547013285415,6.190314212491418,4.254016286566804,5.052121931618775,0,0,0,0,0,52.84257487941763,50.00903358551809,61.008329847580974,51.74575381614927,0,0,70.0
OPNUSDT,163,0.0622,1.2861736334405178,12.700964630225076,0.2840909090908975,1.2893982808022892,-1.1164274322169156,1.3029315960911974,0,-1.0188406870002997,0.43999833844186714,1.778047538377494,0.6345300485504456,0.4772948054299612,0.17703923895259785,0,0.9051444590567898,1.7745863133103768,1.2344288104208174,2.6944509349379078,0.33592909312993235,4.637547013285415,6.190314212491418,4.81474108222151,4.867581364492525,0,0,0,0,0,52.84257487941763,50.00903358551809,50.75086912012847,50.24938733591314,0,0,50.0
OPNUSDT,164,0.063,0.9523809523809577,5.238095238095234,0.2840909090908975,1.2893982808022892,0.32258064516128837,0.8000000000000007,1,-0.5159090909091032,0.674017458763619,1.778047538377494,0.6345300485504456,1.441308328378939,1.7648580754392542,0,0.9051444590567898,1.7745863133103768,1.1239599045742754,2.651624746021307,0.3413546582769433,4.637547013285415,6.190314212491418,4.598125994593983,4.983407099989757,0,0,0,0,0,52.84257487941763,50.00903358551809,53.47788709282747,54.06415731794032,0,0,70.0
OPNUSDT,165,0.0636,1.4150943396226383,6.761006289308173,0.2840909090908975,1.2893982808022892,0.15847860538827713,1.760000000000006,1,-1.4759090909091084,0.8729919488203675,1.778047538377494,0.6345300485504456,2.8685214778381547,5.195713293409489,0,0.9051444590567898,1.7745863133103768,1.2653154521540155,2.663612608930199,0.33981835647651776,4.637547013285415,6.190314212491418,3.687787416927975,5.392167150774274,0,0,0,0,0,52.84257487941763,50.00903358551809,64.82991824957156,56.74314554624521,0,0,70.0
OPNUSDT,166,0.0645,8.68217054263565,4.1860465116278975,0.2840909090908975,1.2893982808022892,-0.7874015748031503,3.6977491961414843,0,-3.4136582870505867,1.1209592028078803,1.778047538377494,0.6345300485504456,1.4500320263943554,6.220300323135921,0,0.9051444590567898,1.7745863133103768,1.4460716750589029,2.7046233721633315,0.33466562049739185,4.637547013285415,6.190314212491418,3.236870708395089,6.259932694228351,0,0,0,1,0,52.84257487941763,50.00903358551809,56.85196395782412,60.46748693224482,0,0,50.0
OPNUSDT,167,0.0701,-5.420827389443649,-0.8559201141226668,0.2840909090908975,1.2893982808022892,3.738317757009367,11.269841269841262,1,-10.985750360750364,4.145412054185954,1.778047538377494,0.6345300485504456,0.1182142794940752,0.29958002906199116,0,0.9051444590567898,1.7745863133103768,1.6423841112622586,2.9527478067647785,0.3065430975795134,4.637547013285415,6.190314212491418,8.310314022743103,12.30275807812764,0,0,1,1,0,52.84257487941763,50.00903358551809,78.83928878075314,74.93074587149603,0,0,70.0
OPNUSDT,168,0.0663,2.413273001508302,0.3016591251885456,0.2840909090908975,1.2893982808022892,-0.29585798816566844,4.245283018867915,0,-3.9611921097770173,1.3807285551488584,1.778047538377494,0.6345300485504456,0.13014155416539863,0.33509848452699914,0,0.9051444590567898,1.7745863133103768,2.426030616291381,3.696228265788347,0.24488326855639603,4.637547013285415,6.190314212491418,15.16271419124092,13.063395675945374,0,0,0,0,0,52.84257487941763,50.00903358551809,64.28096050062072,59.12361721936299,0,0,55.0
OPNUSDT,169,0.0679,-1.0309278350515554,-0.7363770250368195,0.2840909090908975,1.2893982808022892,1.777777777777767,5.271317829457364,1,-4.987226920366466,2.1556461992820797,1.778047538377494,0.6345300485504456,0.06785447375784007,0.08341636626651218,0,0.9051444590567898,1.7745863133103768,2.373964069249234,3.6774449214001437,0.24613406275359434,4.637547013285415,6.190314212491418,14.205867839348329,14.512393072504965,0,0,0,1,0,52.84257487941763,50.00903358551809,66.14786320831878,62.69233399100382,0,0,75.0
OPNUSDT,170,0.0672,3.4226190476190634,2.827380952380951,0.2840909090908975,1.2893982808022892,-1.0294117647058914,-4.136947218259629,0,4.421038127350527,-0.8982174482680834,1.778047538377494,0.6345300485504456,0.7321251702089987,0.13821208704970997,0,0.9051444590567898,1.7745863133103768,2.2520572163667656,3.705442848766908,0.24427430026562208,4.637547013285415,6.190314212491418,12.347781988048038,15.288048055051625,0,0,0,0,0,52.84257487941763,50.00903358551809,57.61915408599903,60.21542460792766,0,0,55.0
OPNUSDT,171,0.0695,-4.316546762589931,0.7194244604316552,0.2840909090908975,1.2893982808022892,1.7595307917888663,4.826546003016604,1,-4.542455093925707,2.0398914961746644,1.778047538377494,0.6345300485504456,1.5971597598583351,0.28670133308041096,0,0.9051444590567898,1.7745863133103768,2.3390319004114155,3.738000896899045,0.24214666716845246,4.637547013285415,6.190314212491418,8.60650165619304,17.241300320423704,0,0,0,1,0,52.84257487941763,50.00903358551809,64.09679042488867,65.09515544626069,0,0,75.0
OPNUSDT,172,0.0665,1.3533834586466134,7.819548872180445,0.2840909090908975,1.2893982808022892,-6.034482758620683,-2.0618556701030903,0,2.345946579193988,-1.6307123097076466,1.778047538377494,0.6345300485504456,1.3229673131037303,0.27502846439260104,0,0.9051444590567898,1.7745863133103768,2.8298977639409535,4.218349957409546,0.21457310754099487,4.637547013285415,6.190314212491418,7.163269346221089,17.573184271169318,0,0,0,0,0,52.84257487941763,50.00903358551809,43.36162487396226,55.52821716975281,0,0,55.0
OPNUSDT,173,0.0674,2.5222551928783283,9.050445103857559,0.2840909090908975,1.2893982808022892,2.1180030257186058,0.29761904761905617,1,-0.01352813852815865,0.9972778158077122,1.778047538377494,0.6345300485504456,0.8535164553111049,0.23327853185933378,0,0.9051444590567898,1.7745863133103768,2.595224997435101,4.129677340165911,0.21918043093904896,4.637547013285415,6.190314212491418,6.970483537787084,18.077127616722642,0,0,0,0,0,52.84257487941763,50.00903358551809,53.21100715767752,57.54411332722695,0,0,75.0
OPNUSDT,174,0.0691,1.3024602026049377,1.3024602026049377,0.2840909090908975,1.2893982808022892,4.464285714285719,-0.5755395683453401,0,0.8596304774362377,1.3655588339583913,1.778047538377494,0.6345300485504456,0.8596535069511543,0.2690022399023555,0,0.9051444590567898,1.7745863133103768,2.563153265222586,4.153838417876134,0.21790555336998205,4.637547013285415,6.190314212491418,7.955318384682225,18.84569346241539,0,0,0,0,0,52.84257487941763,50.00903358551809,63.37642388576994,61.12843318571359,0,0,55.0
OPNUSDT,175,0.07,2.4285714285714186,0.9999999999999889,0.2840909090908975,1.2893982808022892,0.8608321377331468,5.263157894736847,1,-4.979066985645949,1.9243698055907952,1.778047538377494,0.6345300485504456,0.27077803460460015,0.08395132931800041,0,0.9051444590567898,1.7745863133103768,2.487052970699133,4.062645970181766,0.2227967845832978,4.637547013285415,6.190314212491418,9.020935669575598,19.769975496181388,0,0,0,0,0,52.84257487941763,50.00903358551809,61.86939239397646,62.91353328391235,0,0,75.0
RECALLUSDT,50,0.03278,-3.8743136058572105,-3.8438071995118896,0.4964724327149273,-0.16519823788545585,0.2786377708978322,6.084142394821995,0,-5.587669962107067,1.6735135901373246,0.48809351398413525,0.9790282996599708,1.0565060432009132,1.0695680224219792,0,0.2815982064256653,0.7909197607110667,1.981203283491389,3.512137575170697,0.08017858082110553,1.4716335806423217,3.5323095954470967,12.38166625577401,10.071172495729856,1,0,0,1,0,65.80492347360715,32.94493043996184,66.87393945888093,65.31247170534655,0,0,55.0
RECALLUSDT,51,0.03151,0.0634719136781948,1.6820057124722172,0.4964724327149273,0.7119386637459018,-1.7022593624264992,1.8752020691885036,0,-1.3787296364735764,0.34533845080570835,0.48809351398413525,0.7804537848346731,0.9132062917767998,0.9485117815462439,0,0.2815982064256653,0.638722449894141,2.138179390215604,3.703274031561955,0.0760403372868666,1.4716335806423217,1.6747082195607947,11.643922771688578,10.297579061949861,1,0,0,0,0,65.80492347360715,54.68949858453409,55.69469639510209,54.59890251907793,0,0,55.0
RECALLUSDT,52,0.03153,0.12686330478908459,4.440215667618136,0.4964724327149273,-0.026954177897582376,0.15867978419547601,-1.12888052681091,0,1.6253529595258371,-0.12517062194952222,0.48809351398413525,0.8906818096455265,1.1575831767072675,1.069294220250487,0,0.2815982064256653,0.6620851054814114,1.9070989710196324,3.592886913933948,0.07837658494999385,1.4716335806423217,2.9330963001743338,7.049339126719378,10.497088035605788,1,0,0,0,0,65.80492347360715,59.5969066021875,53.26855093695252,54.7248556190651,0,0,55.0
RECALLUSDT,53,0.03157,-0.1583782071586995,3.4843205574912792,0.4964724327149273,0.16264570344266077,1.2738853503184857,-3.6912751677852227,0,4.18774760050015,-0.4395679203272872,0.48809351398413525,1.1814033392680028,0.9730176942778953,0.9403830904149676,0,0.2815982064256653,0.7276550305237344,1.8051520323754364,3.4881406786560167,0.08073017471708317,1.4716335806423217,1.9685073338782828,5.694550850049304,10.655600490746371,1,0,0,0,0,65.80492347360715,48.7783976669797,56.05376503975119,54.993779723003875,0,0,55.0
RECALLUSDT,54,0.03152,1.6497461928933996,5.329949238578683,0.4964724327149273,0.4721930745015729,-0.38022813688211377,0.03173595683908639,0,0.4647364758758409,0.1550433317933682,0.48809351398413525,1.4049603257528303,1.135974299032413,0.9966813243441206,0,0.2815982064256653,1.0276559862360157,1.6444705245454265,3.3574325052737852,0.08387308039203668,1.4716335806423217,5.558899875979238,4.792524140496574,10.804447591420365,1,0,0,0,0,65.80492347360715,65.22542319992708,50.28608355181367,54.55754582607242,0,0,55.0
RECALLUSDT,55,0.03204,2.777777777777784,2.2471910112359503,0.4964724327149273,-0.8691071898867447,0.73039060019054,1.6175071360608833,0,-1.121034703345956,0.4938157447699015,0.48809351398413525,1.03174788002317,1.033835838249523,0.995474164725312,0,0.2815982064256653,0.9816132644866212,1.3957264747071014,3.2788067223135946,0.08588435680251494,1.4716335806423217,2.9369658228324385,4.173408260257018,11.284141095125898,1,0,0,0,0,65.80492347360715,43.43019276381708,55.42029287268416,58.26538017516131,0,0,55.0
RECALLUSDT,56,0.03293,-0.7895535985423726,-0.6984512602490162,0.4964724327149273,-0.32180209171358304,0.8652657601977827,4.307887234716503,0,-3.811414802001576,1.3369558339789074,0.48809351398413525,0.9982571312998809,1.0879702061189158,1.023600435163652,0,0.2815982064256653,0.7907435834526675,1.4846023443937177,3.2898541841526576,0.0855959536997517,1.4716335806423217,2.888374036170571,4.149105902471787,12.540986960773495,1,0,1,1,0,65.80492347360715,39.52801332557772,65.68469670650558,63.72144882985784,0,0,55.0
RECALLUSDT,57,0.03267,1.622283440465267,-0.6121824303642448,0.4964724327149273,0.5296610169491494,-0.48470160557406977,3.6484771573604005,0,-3.152004724645473,1.0474772503626018,0.48809351398413525,0.7179167357865275,0.8611471802858874,0.9549903799712308,0,0.2815982064256653,0.7145461147476311,1.4288736456053905,3.192867370007239,0.08819602375936675,1.4716335806423217,3.6565096131685744,7.024613545804409,13.392800157298884,1,0,0,0,0,65.80492347360715,63.18388456763445,65.89508877709719,61.204163994010045,0,0,55.0
RECALLUSDT,58,0.0332,-1.3253012048192858,-2.259036144578315,0.4964724327149273,-1.1788826242952386,0.9488827670645997,3.620474406991265,0,-3.1240019742763376,0.9717367456188883,0.48809351398413525,1.0948412901008007,1.0268708794088057,1.0243326169942577,0,0.2815982064256653,0.913193297199728,1.362005046057703,3.078835414620858,0.0914625722077913,1.4716335806423217,4.363869036505841,7.583579273973151,14.536681643438637,1,0,0,0,0,65.80492347360715,57.093874776333806,66.04619282668273,64.30015869330542,0,0,55.0
RECALLUSDT,59,0.03276,-0.1831501831501757,-0.21367521367521555,0.4964724327149273,-1.454081632653064,-0.12055455093429285,-0.5162465836623246,0,1.012719016377252,-0.3986025836336885,0.48809351398413525,0.8943122751871858,1.1827770190681943,1.0609355027303171,0,0.2815982064256653,0.8238295301702342,1.411778845300904,3.1655009701516716,0.08895849632678293,1.4716335806423217,3.321103136517452,7.767991803021977,15.074755176621876,1,0,0,0,0,65.80492347360715,49.008480921724846,61.12448604941178,60.01804283990408,0,0,55.0
RECALLUSDT,60,0.0327,-0.7033639143730919,3.058103975535171,0.4964724327149273,0.6594566077552103,0.09171507184345859,0.09182736455464416,1,0.4046450681602831,0.3348678692170601,0.48809351398413525,1.097397619385428,1.0458767805301663,0.9948366814867095,0,0.2815982064256653,0.8169290718256388,1.3125695127898491,3.016871020463507,0.0933411486654809,1.4716335806423217,4.9929156955573415,4.5737371614919775,14.866611347665001,1,0,0,0,0,65.80492347360715,48.13322862963995,53.65448274806016,59.43676364444144,0,0,75.0
RECALLUSDT,61,0.03247,-0.06159531875577206,3.6033261472128255,0.4964724327149273,-0.5223295899712688,-0.15365703749232154,-2.198795180722896,0,2.695267613437823,-0.5945773438678897,0.48809351398413525,0.9404746821260378,0.9068874631228532,0.9273515177859565,0,0.2815982064256653,0.7262719933115157,1.2571955883951325,2.9466141730807274,0.09556670465996243,1.4716335806423217,2.0736831154417197,3.4603401930538715,14.573557843746038,1,0,0,0,0,65.80492347360715,48.67439544611591,48.75014039199671,57.15172493335557,0,0,55.0
RECALLUSDT,62,0.03245,0.7395993836671716,3.5130970724191126,0.4964724327149273,0.9183941222776255,-0.5246913580246807,-0.9462759462759396,0,1.4427483789908668,-0.01402518732701688,0.48809351398413525,0.16428416130801385,0.9798499612979353,1.0045326305632007,0,0.2815982064256653,0.5920438750740568,1.15341873949397,2.8632958586817208,0.0983475757742041,1.4716335806423217,2.2126903935386464,4.226637991645022,14.0787394589262,1,0,0,0,0,65.80492347360715,58.581616403467464,43.65020021520321,56.946706052056406,0,0,55.0
RECALLUSDT,63,0.03269,3.089629856225158,2.2330988069746147,0.4964724327149273,0.9183941222776255,-0.3401360544217656,-0.03058103975536105,0,0.5270534724702883,0.26103736520385656,0.48809351398413525,0.16428416130801385,1.0034645660051595,0.9733312246425169,0,0.2815982064256653,0.5920438750740568,1.0615480102505146,2.763801420235293,0.10188800264879079,1.4716335806423217,2.2126903935386464,4.531078942303824,13.164315775327767,1,0,0,0,0,65.80492347360715,58.581616403467464,44.20209192639745,58.85416972835488,0,0,55.0
RECALLUSDT,64,0.0337,-0.17804154302669897,-0.4451038575667577,0.4964724327149273,0.9183941222776255,3.5493827160493994,3.7881121034801417,1,-3.2916396707652145,2.1880903436305235,0.48809351398413525,0.16428416130801385,1.0930480518363541,1.0262281611745057,0,0.2815982064256653,0.5920438750740568,1.1358595212363807,2.9027823008846805,0.09700975727316605,1.4716335806423217,2.2126903935386464,3.4086522516980877,13.082246170997417,1,0,1,0,0,65.80492347360715,58.581616403467464,67.58177042878015,65.7344009856226,0,0,75.0
RECALLUSDT,65,0.03364,-0.1486325802615976,-0.2675386444708674,0.4964724327149273,0.9183941222776255,0.4804804804804609,3.6671802773497797,1,-3.1707078446348524,1.3906318282056982,0.48809351398413525,0.16428416130801385,1.1561159515839483,1.029164617601954,0,0.2815982064256653,0.5920438750740568,1.3183623111663783,2.882854013116992,0.09768035604452839,1.4716335806423217,2.2126903935386464,5.869972577893943,11.831687864238742,1,0,0,0,0,65.80492347360715,58.581616403467464,61.58835436147694,65.03863501545314,0,0,75.0
RECALLUSDT,66,0.03359,-0.5061030068472863,-2.470973504019066,0.4964724327149273,0.9183941222776255,0.686362279916446,2.7531355154481645,1,-2.2566630827332372,1.2135910875892908,0.48809351398413525,0.16428416130801385,0.9886539615725204,0.9882770452743168,0,0.2815982064256653,0.5920438750740568,1.2575334615089182,2.7936242015402595,0.10080031747663364,1.4716335806423217,2.2126903935386464,7.090209530656182,10.297586753564474,1,0,0,0,0,65.80492347360715,58.581616403467464,65.26214855829818,64.42665185288172,0,0,75.0
RECALLUSDT,67,0.03342,0.38898862956315117,-1.915020945541597,0.4964724327149273,0.9183941222776255,0.38817557479844184,-0.8308605341246365,0,1.3273329668395637,0.24304539891658955,0.48809351398413525,0.16428416130801385,1.049948399862407,1.0006787848417829,0,0.2815982064256653,0.5920438750740568,1.1460132839650279,2.7312385228831877,0.10310275139514388,1.4716335806423217,2.2126903935386464,6.488505330285364,9.729571179485676,1,0,0,0,0,65.80492347360715,58.581616403467464,60.34144927215727,62.280866377179,0,0,55.0
RECALLUSDT,68,0.03355,0.0,-1.5201192250372682,0.4964724327149273,0.9183941222776255,-0.32865252464893635,-0.2675386444708674,0,0.7640110771857946,0.20466884646818728,0.48809351398413525,0.16428416130801385,0.8781226678511904,0.9439335941348059,0,0.2815982064256653,0.5920438750740568,1.2003780580750352,2.7158055964484342,0.10368864648998527,1.4716335806423217,2.2126903935386464,4.336244268587419,9.006136443477958,1,0,0,0,0,65.80492347360715,58.581616403467464,53.095227881668826,63.287821260500834,0,0,55.0
RECALLUSDT,69,0.03355,-2.354694485842044,-1.0432190760059703,0.4964724327149273,0.9183941222776255,0.5129752564876178,-0.11908306043464832,0,0.6155554931495756,0.4521896877613806,0.48809351398413525,0.16428416130801385,1.0287348543494221,0.9931264977920636,0,0.2815982064256653,0.5920438750740568,1.1926407344693166,2.6602056863763783,0.10585580200350848,1.4716335806423217,2.2126903935386464,1.6982949792326014,9.049348929469174,1,0,0,0,0,65.80492347360715,58.581616403467464,50.97085462754036,63.287821260500834,0,0,55.0
RECALLUSDT,70,0.03276,0.061050061050058564,0.18315018315019688,0.4964724327149273,0.9183941222776255,-1.673640167364011,-1.9748653500897693,0,2.4713377828046967,-0.5584097406153069,0.48809351398413525,0.16428416130801385,0.981029255952689,0.9920391297844596,0,0.2815982064256653,0.5920438750740568,1.1919322261021275,2.743434306020097,0.10264441390403845,1.4716335806423217,2.2126903935386464,2.206058836344397,9.048683760769128,1,0,0,0,0,65.80492347360715,58.581616403467464,42.437415784646845,53.26590597311383,0,0,55.0
RECALLUSDT,71,0.03278,0.7931665649786556,-1.5863331299572898,0.4964724327149273,0.9183941222776255,0.2124430955993949,-2.2950819672131346,0,2.791554399928062,-0.16694307915529671,0.48809351398413525,0.16428416130801385,1.0437443247243396,1.0108988245918642,0,0.2815982064256653,0.5920438750740568,1.1523851646563856,2.6853782843367884,0.10486351515842841,1.4716335806423217,2.2126903935386464,3.3184373440273163,8.380141203603047,1,0,0,0,0,65.80492347360715,58.581616403467464,46.77040503634638,53.46680647834981,0,0,55.0
RECALLUSDT,72,0.03304,0.484261501210655,-1.8159806295399614,0.4964724327149273,0.9183941222776255,-0.15262515262513582,-1.5201192250372682,0,2.0165916577521954,-0.06446945566746282,0.48809351398413525,0.16428416130801385,1.049829151718111,1.002477117341076,0,0.2815982064256653,0.5920438750740568,1.0785483821431554,2.6295985430804207,0.10708790783546354,1.4716335806423217,2.2126903935386464,3.8953227988702253,7.620201679546447,1,0,0,0,0,65.80492347360715,58.581616403467464,41.559145915000286,56.10834640605876,0,0,55.0
RECALLUSDT,73,0.0332,-1.1445783132530072,-0.5120481927710948,0.4964724327149273,0.9183941222776255,0.6060606060606023,1.343101343101352,1,-0.8466289103864248,0.8410071260386268,0.48809351398413525,0.16428416130801385,0.9571672515760644,0.9716607129549177,0,0.2815982064256653,0.5920438750740568,1.1016914304967684,2.5633932147674323,0.10985369111668407,1.4716335806423217,2.2126903935386464,3.446573347915531,6.7515208334783,1,0,0,0,0,65.80492347360715,58.581616403467464,53.58461762797491,57.69970846508856,0,0,75.0
RECALLUSDT,74,0.03282,-1.7062766605728363,-0.3656307129798966,0.4964724327149273,0.9183941222776255,-0.7779772591262608,0.1220256253813463,0,0.374446807333581,0.18972873031190957,0.48809351398413525,0.16428416130801385,0.9773438054311051,0.9734592446831953,0,0.2815982064256653,0.5920438750740568,1.0678261578762376,2.566728718319892,0.10971093455096086,1.4716335806423217,2.2126903935386464,3.112551604087697,5.496150024997867,1,0,0,0,0,65.80492347360715,58.581616403467464,51.50842141085953,52.80310624290146,0,0,55.0
RECALLUSDT,75,0.03226,0.5579665220086784,1.9218846869187929,0.4964724327149273,0.9183941222776255,-1.3644633110976319,-2.360774818401946,0,2.857247251116873,-0.5775928936267563,0.48809351398413525,0.16428416130801385,0.9793193686672759,1.0200009443307945,0,0.2815982064256653,0.5920438750740568,1.051088797923776,2.5686840735062546,0.10962741947525048,1.4716335806423217,2.2126903935386464,2.8240762383882503,5.237389788672914,1,0,0,0,0,65.80492347360715,58.581616403467464,37.183517718955926,46.53558902600141,0,0,55.0
RECALLUSDT,76,0.03244,1.8187422934648594,-0.21578298397038745,0.4964724327149273,0.9183941222776255,-0.9541397353031633,-2.2891566265060352,0,2.7856290592209625,-0.45710745170416145,0.48809351398413525,0.16428416130801385,0.8376529181825522,0.9801206916751989,0,0.2815982064256653,0.5920438750740568,0.9461389377275994,2.5128913306919443,0.11206143416799684,1.4716335806423217,2.2126903935386464,4.225814557888495,5.451375666468265,1,0,0,0,0,65.80492347360715,58.581616403467464,30.756035396218024,48.64559146498015,0,0,55.0
RECALLUSDT,77,0.03303,-0.9990917347865484,-3.4514078110808213,0.4964724327149273,0.9183941222776255,-1.3837638376383732,0.6398537477147925,0,-0.14338131499986523,0.16773911626724303,0.48809351398413525,0.16428416130801385,1.0232387134315533,1.041563231325384,0,0.2815982064256653,0.5920438750740568,1.1139029287328042,2.6052863889524818,0.10808723663538912,1.4716335806423217,2.2126903935386464,5.542272869744169,5.378307874179162,1,0,0,0,0,65.80492347360715,58.581616403467464,38.335869380601785,54.92499184187523,0,0,55.0
RECALLUSDT,78,0.0327,0.5504587155963291,-2.1406727828746157,0.4964724327149273,0.9183941222776255,1.0188329731398484,1.3639181649101144,1,-0.8674457321951872,0.9494044232606289,0.48809351398413525,0.16428416130801385,0.9273124660214646,1.030610106762227,0,0.2815982064256653,0.5920438750740568,1.1582647490927513,2.5571951126087944,0.11011995331806534,1.4716335806423217,2.2126903935386464,5.221375439848692,5.4096504843982665,1,0,0,0,0,65.80492347360715,58.581616403467464,50.814997342533864,51.15714408794259,0,0,75.0
RECALLUSDT,79,0.03288,-1.5510948905109385,-2.159367396593681,0.4964724327149273,0.9183941222776255,0.9121313469139395,1.3563501849568524,1,-0.8598777522419252,0.9208370217158361,0.48809351398413525,0.16428416130801385,1.0791794389877152,1.0525235042654453,0,0.2815982064256653,0.5920438750740568,1.1488186537612441,2.563572389576813,0.1098460131536019,1.4716335806423217,2.2126903935386464,4.322518721231089,5.3824171190815635,1,0,0,0,0,65.80492347360715,58.581616403467464,57.91118912811888,53.049097920301236,0,0,75.0
RECALLUSDT,80,0.03237,-1.4828544949026916,-2.9657089898053832,0.4964724327149273,0.9183941222776255,-1.2424242424242444,-1.998183469573097,0,2.494655902288024,-0.45643528925119714,0.48809351398413525,0.16428416130801385,0.9266778742839471,0.9998250742818227,0,0.2815982064256653,0.5920438750740568,1.105229726528289,2.570222388897817,0.1095618058740911,1.4716335806423217,2.2126903935386464,4.431826830017269,5.580165021931702,1,0,0,0,0,65.80492347360715,58.581616403467464,46.78681085697133,47.44180731786676,0,0,55.0
RECALLUSDT,81,0.03189,0.34493571652555344,-3.1984948259642523,0.4964724327149273,0.9183941222776255,-0.43156596794079627,-2.4770642201834807,0,2.973536652898408,-0.3734409082829311,0.48809351398413525,0.16428416130801385,0.9266965841007572,1.0156638506573965,0,0.2815982064256653,0.5920438750740568,1.0295786956748987,2.5569486257942273,0.11013056875094493,1.4716335806423217,2.2126903935386464,4.3152870105597945,6.148237345790353,1,0,0,0,0,65.80492347360715,58.581616403467464,42.30015418987729,42.85097420330985,0,0,55.0
RECALLUSDT,82,0.032,0.5312499999999892,-3.406250000000002,0.4964724327149273,0.9183941222776255,-1.6656384947563199,-2.6763990267639866,0,3.172871459478914,-0.7317927416319384,0.48809351398413525,0.16428416130801385,1.0020519463491997,0.9733311365573211,0,0.2815982064256653,0.5920438750740568,1.0485907292715768,2.435344178114984,0.11562973683811265,1.4716335806423217,2.2126903935386464,4.706617309873248,6.52043255902316,1,0,0,0,0,65.80492347360715,58.581616403467464,36.35325749040902,44.18395973244224,0,0,55.0
RECALLUSDT,83,0.03217,-2.3624494870997723,-3.2949953372707443,0.4964724327149273,0.9183941222776255,-0.12535255405828383,-0.6178560395428041,0,1.1143284722577314,0.1679144903478662,0.48809351398413525,0.16428416130801385,1.0928062446371272,1.0461775519161434,0,0.2815982064256653,0.5920438750740568,0.9670925491484832,2.3782210091385805,0.1184070804788927,1.4716335806423217,2.2126903935386464,5.273419707817337,6.7983455501264025,1,0,0,0,0,65.80492347360715,58.581616403467464,37.818690741254194,46.269776571988594,0,0,55.0
RECALLUSDT,84,0.03141,-1.7191977077363858,0.8595988538681929,0.4964724327149273,0.9183941222776255,0.46801872074882167,-1.505174035747887,0,2.0016464684628144,0.09442780999837186,0.48809351398413525,0.16428416130801385,1.0266444862891493,0.9930679163905571,0,0.2815982064256653,0.5920438750740568,0.932010425376626,2.5051071274658785,0.11240964641321546,1.4716335806423217,2.2126903935386464,4.2965363975673725,7.4831633149424315,1,0,0,0,0,65.80492347360715,58.581616403467464,47.73012480500804,39.214511851519084,0,0,55.0
RECALLUSDT,85,0.03087,0.12957563977971612,4.729510851959819,0.4964724327149273,0.9183941222776255,-0.7645747053201676,-3.531249999999997,0,4.027722432714924,-0.720239537581903,0.48809351398413525,0.16428416130801385,1.076643812476097,1.0088184390376906,0,0.2815982064256653,0.5920438750740568,1.071313770283695,2.519576087181595,0.11176412090045744,1.4716335806423217,2.2126903935386464,4.641337950027696,8.673494386571747,1,0,0,0,0,65.80492347360715,58.581616403467464,30.918136643630675,35.11718628620588,0,0,55.0
RECALLUSDT,86,0.03091,0.6470397929472623,3.429310902620506,0.4964724327149273,0.9183941222776255,-1.486268174474955,-3.916692570718052,0,4.4131650034329795,-0.9970235475501137,0.48809351398413525,0.16428416130801385,1.0470856119355927,0.9873662188451018,0,0.2815982064256653,0.5920438750740568,1.200537547349126,2.5514883753451167,0.11036625098774987,1.4716335806423217,2.2126903935386464,6.55511283045,9.424418303273761,1,0,0,0,0,65.80492347360715,58.581616403467464,26.344629031774573,35.6535129847213,0,0,55.0
RECALLUSDT,87,0.03111,1.8322082931533306,3.2465445194471356,0.4964724327149273,0.9183941222776255,0.0,-0.9551098376313328,0,1.4515822703462602,0.11493917934030498,0.48809351398413525,0.16428416130801385,0.9329398978092605,0.9674817076280532,0,0.2815982064256653,0.5920438750740568,1.1917261382313515,2.5606478712975345,0.10997146838584,1.4716335806423217,2.2126903935386464,7.498684632416652,9.787135617180791,1,0,0,0,0,65.80492347360715,58.581616403467464,33.476078699937815,38.39550890056974,0,0,55.0
RECALLUSDT,88,0.03168,2.05176767676767,0.820707070707081,0.4964724327149273,0.9183941222776255,-0.32722513089005034,2.623906705539353,0,-2.1274342728244258,0.9278870324104639,0.48809351398413525,0.16428416130801385,1.0746015274304865,0.9955519079744518,0,0.2815982064256653,0.5920438750740568,1.4657262620844747,2.6754212179582915,0.10525378379131001,1.4716335806423217,2.2126903935386464,7.351780315048435,9.405365930070069,1,0,0,0,0,65.80492347360715,58.581616403467464,36.51014852792117,45.52079441366851,0,0,55.0
RECALLUSDT,89,0.03233,-1.1135168574079777,-0.12372409526754834,0.4964724327149273,0.9183941222776255,3.698854337152206,4.593982529925582,1,-4.097510097210654,2.4269258555175854,0.48809351398413525,0.16428416130801385,1.138859647053111,1.0420214775788703,0,0.2815982064256653,0.5920438750740568,1.7628083409163546,2.6420517750076056,0.10658315218855038,1.4716335806423217,2.2126903935386464,5.80850971032622,8.722169642090408,1,0,0,0,0,65.80492347360715,58.581616403467464,54.756359043260865,52.29662020208223,0,0,75.0
RECALLUSDT,90,0.03197,0.46918986549891867,3.440725680325317,0.4964724327149273,0.9183941222776255,-0.46787273861508843,2.76438444230151,0,-2.2679120095865826,0.9278445646697435,0.48809351398413525,0.16428416130801385,0.9652664835720823,0.9997492427066821,0,0.2815982064256653,0.5920438750740568,1.6824981151999066,2.6284193675274734,0.10713595018536246,1.4716335806423217,2.2126903935386464,8.077771726348853,8.625901411723829,1,0,0,0,0,65.80492347360715,58.581616403467464,55.41064662766015,48.68501243681256,0,0,55.0
RECALLUSDT,91,0.03212,-0.5603985056039837,2.3038605230385976,0.4964724327149273,0.9183941222776255,-1.4564611093895201,1.388888888888898,0,-0.8924164561739707,0.33682358362298265,0.48809351398413525,0.16428416130801385,0.9067010688590599,0.9036133096474802,0,0.2815982064256653,0.5920438750740568,1.5491912705422841,2.5360197770372115,0.11103943627547402,1.4716335806423217,2.2126903935386464,8.63142125762942,8.471509815404787,1,0,0,0,0,65.80492347360715,58.581616403467464,52.54623369089047,50.227390390894485,0,0,55.0
RECALLUSDT,92,0.03194,1.0958046336881533,5.197244834063853,0.4964724327149273,0.9183941222776255,-1.155527795128052,-1.2063099288586283,0,1.7027823615735556,-0.2367427922485319,0.48809351398413525,0.16428416130801385,1.0026403167100195,0.9817743007725902,0,0.2815982064256653,0.5920438750740568,1.4527683055630713,2.4911450445023218,0.11303966705877726,1.4716335806423217,2.2126903935386464,7.614002683092518,8.11838495326658,1,0,0,0,0,65.80492347360715,58.581616403467464,49.394219592515796,48.3493574012991,0,0,55.0
RECALLUSDT,93,0.03229,2.4156085475379467,2.3846392071848865,0.4964724327149273,0.9183941222776255,1.1044493531082238,1.0009383797310005,1,-0.5044659470160733,0.8800635719579443,0.48809351398413525,0.16428416130801385,0.9166976046295259,0.9845167740923007,0,0.2815982064256653,0.5920438750740568,1.336149762455492,2.4341309679649923,0.11568736856467916,1.4716335806423217,2.2126903935386464,4.447096796811408,7.5303954092180545,1,0,0,0,0,65.80492347360715,58.581616403467464,55.445842975318214,52.09978100933369,0,0,75.0
RECALLUSDT,94,0.03307,-0.6350166313879705,1.0583610523132632,0.4964724327149273,0.9183941222776255,2.019260639950288,2.957658779576586,1,-2.4611863468616586,1.5979464936298566,0.48809351398413525,0.16428416130801385,1.0931076438059208,1.0086695586979881,0,0.2815982064256653,0.5920438750740568,1.3378884351931664,2.4510241401845967,0.1148900175273088,1.4716335806423217,2.2126903935386464,3.8667435787245337,7.751246842378669,1,0,1,0,0,65.80492347360715,58.581616403467464,66.6310372921379,59.208418668929845,0,0,75.0
RECALLUSDT,95,0.03286,2.2519780888618306,0.15216068167985827,0.4964724327149273,0.9183941222776255,0.060331825037704935,2.8804007514088825,1,-2.3839283186939553,1.088899782859785,0.48809351398413525,0.16428416130801385,1.051345495643857,1.0170984159780048,0,0.2815982064256653,0.5920438750740568,1.4096167328276998,2.4448304236735057,0.11518107910427053,1.4716335806423217,2.2126903935386464,6.43803222334709,8.023454682795556,1,0,0,0,0,65.80492347360715,58.581616403467464,69.33454877665179,56.76585745364434,0,0,75.0
RECALLUSDT,96,0.0336,-1.6071428571428539,-1.636904761904747,0.4964724327149273,0.9183941222776255,1.0938924339106628,4.056983586249609,1,-3.5605111535346814,1.641435643788206,0.48809351398413525,0.16428416130801385,1.0943825376981156,0.9961419876762918,0,0.2815982064256653,0.5920438750740568,1.4541294430657072,2.473177424287518,0.11386089961046329,1.4716335806423217,2.2126903935386464,6.812592954771976,8.94969425741978,1,0,0,1,0,65.80492347360715,58.581616403467464,67.41690281958617,62.61807852910187,0,0,75.0
RECALLUSDT,97,0.03306,1.0889292196007236,2.3593466424682483,0.4964724327149273,0.9183941222776255,2.3959269242287964,-0.030238887208959966,0,0.5267113199238873,0.9451386480030973,0.48809351398413525,0.16428416130801385,1.1008681625466652,1.0761854683164107,0,0.2815982064256653,0.5920438750740568,1.3797106719972463,2.6192288888790687,0.10751187405625276,1.4716335806423217,2.2126903935386464,7.7202170839395,8.97217342420982,1,0,1,0,0,65.80492347360715,58.581616403467464,77.28300151654234,56.59750476346375,0,0,55.0
RECALLUSDT,98,0.03342,-1.5260323159784457,1.4362657091561977,0.4964724327149273,0.9183941222776255,-0.08984725965858714,1.704199634814358,0,-1.2077272020994307,0.757304732537081,0.48809351398413525,0.16428416130801385,0.9107442243364352,0.9712640931759838,0,0.2815982064256653,0.5920438750740568,1.6056445908724442,2.641045122387035,0.10662377709440671,1.4716335806423217,2.2126903935386464,5.257568001328087,9.492336805080166,1,0,0,0,0,65.80492347360715,58.581616403467464,57.12263614700933,59.400076781350165,0,0,55.0
RECALLUSDT,99,0.03291,0.42540261318748473,5.0136736554238786,0.4964724327149273,0.9183941222776255,-1.311084624553048,-2.0535714285714173,0,2.5500438612863445,-0.48744737453297815,0.48809351398413525,0.16428416130801385,0.9361694119725525,1.0000624650019578,0,0.2815982064256653,0.5920438750740568,1.461776030171708,2.6423329076534943,0.10657181220807513,1.4716335806423217,2.2126903935386464,3.767757113125498,9.50887165578913,1,0,0,0,0,65.80492347360715,58.581616403467464,52.176832554625925,54.0731568718588,0,0,55.0
RECALLUSDT,100,0.03305,2.390317700453855,1.361573373676245,0.4964724327149273,0.9183941222776255,-0.6638503319251807,-0.030248033877786216,0,0.5267204665927135,0.18019204729739646,0.48809351398413525,0.16428416130801385,1.0536581607070823,0.9890425405233847,0,0.2815982064256653,0.5920438750740568,1.3320188183451003,2.5339729584642186,0.11112912846407617,1.4716335806423217,2.2126903935386464,3.9422059420731306,9.767350302029975,1,0,0,0,0,65.80492347360715,58.581616403467464,48.6877926593721,55.259293032600105,0,0,55.0
RECALLUSDT,101,0.03384,0.17730496453899985,-1.093380614657217,0.4964724327149273,0.9183941222776255,1.364877161055502,1.2567324955116808,1,-0.7602600627967535,1.0091190528899339,0.48809351398413525,0.16428416130801385,0.9276281528116701,1.0040823239112653,0,0.2815982064256653,0.5920438750740568,1.3926734700866112,2.557669456273539,0.11009953054525931,1.4716335806423217,2.2126903935386464,3.9288825570669075,10.594150257160766,1,0,0,0,0,65.80492347360715,58.581616403467464,55.14678998112416,61.328629983689204,0,0,75.0
RECALLUSDT,102,0.0339,1.946902654867259,-1.6814159292035429,0.4964724327149273,0.9183941222776255,0.1195100089632458,3.0082041932543233,1,-2.511731760539396,1.1356451893025303,0.48809351398413525,0.16428416130801385,0.9971067092568454,1.0019937985275937,0,0.2815982064256653,0.5920438750740568,1.32443496576872,2.4845553038429316,0.11333948010338488,1.4716335806423217,2.2126903935386464,3.590917282539012,11.31891476651302,1,0,0,0,0,65.80492347360715,58.581616403467464,54.56243402815856,61.752999935699556,0,0,75.0
RECALLUSDT,103,0.03456,-3.0671296296296253,-3.761574074074081,0.4964724327149273,0.9183941222776255,2.1175067104085965,4.568835098335847,1,-4.072362665620919,2.025302090934249,0.48809351398413525,0.16428416130801385,0.9967403962938562,0.9841148003796096,0,0.2815982064256653,0.5920438750740568,1.296978057638262,2.4366392245444364,0.11556828092936655,1.4716335806423217,2.2126903935386464,4.840356862862551,12.607170925554378,1,0,0,0,0,65.80492347360715,58.581616403467464,63.48910263869907,66.1529994132145,0,0,75.0
RECALLUSDT,104,0.0335,-0.08955223880597685,-0.23880597014926472,0.4964724327149273,0.9183941222776255,-2.580458103798208,-1.0047281323877069,0,1.501200565102634,-0.5425799202983406,0.48809351398413525,0.16428416130801385,0.930296106578697,0.9880265548907634,0,0.2815982064256653,0.5920438750740568,1.493941317246308,2.647618914292802,0.10635904015698656,1.4716335806423217,2.2126903935386464,6.076757994630122,12.388001730434144,1,0,0,0,0,65.80492347360715,58.581616403467464,49.69689266271966,55.17455724974539,0,0,55.0
RECALLUSDT,105,0.03347,-0.418285031371381,1.3444876008365672,0.4964724327149273,0.9183941222776255,0.3907424105800967,-1.268436578171091,0,1.7649090108860181,0.13429309685038965,0.48809351398413525,0.16428416130801385,1.0489500966057108,1.0192759718410085,0,0.2815982064256653,0.5920438750740568,1.4124893597220076,2.5610099389101437,0.10995592096198636,1.4716335806423217,2.2126903935386464,5.2230247732416295,11.452815962262058,1,0,0,0,0,65.80492347360715,58.581616403467464,47.36850043596695,54.89688088152352,0,0,55.0
RECALLUSDT,106,0.03333,-0.21002100210021188,0.30003000300030863,0.4964724327149273,0.9183941222776255,-0.2986857825567588,-3.559027777777783,0,4.055500210492711,-0.6107117513354973,0.48809351398413525,0.16428416130801385,1.0448615341966705,1.0077440360032104,0,0.2815982064256653,0.5920438750740568,1.2367536245857824,2.4845078104650304,0.11334164667929057,1.4716335806423217,2.2126903935386464,4.610197489971436,10.220023998811046,1,0,0,0,0,65.80492347360715,58.581616403467464,46.94060565676027,53.5426540239511,0,0,55.0
RECALLUSDT,107,0.03326,0.4810583283223104,-0.24052916416114475,0.4964724327149273,0.9183941222776255,0.24067388688328423,-0.7164179104477734,0,1.2128903431627007,0.23478063285701592,0.48809351398413525,0.16428416130801385,1.0569273643797124,0.9941087794843908,0,0.2815982064256653,0.5920438750740568,1.1422827762970817,2.4386057666789647,0.1154750842770138,1.4716335806423217,2.2126903935386464,4.938522583911918,8.915262162253503,1,0,0,0,0,65.80492347360715,58.581616403467464,46.48076187356425,52.84076645733371,0,0,55.0
RECALLUSDT,108,0.03342,1.49611011370437,-1.6457211250747905,0.4964724327149273,0.9183941222776255,-0.3594967046135472,-0.14938751120406762,0,0.6458599439189949,0.2264955847937345,0.48809351398413525,0.16428416130801385,1.0221345754658975,1.0439584935903001,0,0.2815982064256653,0.5920438750740568,1.0605925831099408,2.332658718895125,0.1207198481906713,1.4716335806423217,2.2126903935386464,4.4956284245209615,8.14354638744072,1,0,0,0,0,65.80492347360715,58.581616403467464,45.759837318744935,54.31493956500869,0,0,55.0
RECALLUSDT,109,0.03392,-1.4445754716981056,-3.8620283018867885,0.4964724327149273,0.9183941222776255,-0.18018018018019366,1.770177017701771,0,-1.2737045849868438,0.7512158481285325,0.48809351398413525,0.16428416130801385,1.0107924520288663,1.0124208110800328,0,0.2815982064256653,0.5920438750740568,0.9611740361485014,2.4141823345080353,0.11664330502320973,1.4716335806423217,2.2126903935386464,1.1262804061031901,8.110148061233586,1,0,0,0,0,65.80492347360715,58.581616403467464,45.49109506710051,58.66354206451183,0,0,55.0
RECALLUSDT,110,0.03343,-0.7478312892611434,-2.093927609931197,0.4964724327149273,0.9183941222776255,0.5614657210401764,0.511124473842464,1,-0.014652041127536652,0.6218641874687983,0.48809351398413525,0.16428416130801385,1.0041435010032456,1.0201576814123388,0,0.2815982064256653,0.5920438750740568,1.2656536230615223,2.5117683907197623,0.1121115336374512,1.4716335806423217,2.2126903935386464,2.838643207344354,7.395077845973651,1,0,1,0,0,65.80492347360715,58.581616403467464,61.338371226647624,53.30827766540711,0,0,75.0
RECALLUSDT,111,0.03318,-0.934297769740801,-0.060277275467146424,0.4964724327149273,0.9183941222776255,-0.32953864589574294,-0.7181328545780885,0,1.2146052872930158,0.09179876362968031,0.48809351398413525,0.16428416130801385,1.043377013807814,0.9851386393740229,0,0.2815982064256653,0.5920438750740568,1.266926195867547,2.459720625426034,0.11448381719240627,1.4716335806423217,2.2126903935386464,2.8926730560634986,6.7059459212937735,1,0,0,0,0,65.80492347360715,58.581616403467464,44.985421340245836,50.76214397048493,0,0,55.0
RECALLUSDT,112,0.03287,-0.7909948281107492,0.8822634621235125,0.4964724327149273,0.9183941222776255,-0.5724615848146904,-3.0955188679245147,0,3.591991300639442,-0.5632784744366631,0.48809351398413525,0.16428416130801385,0.9991987191321923,0.9461290669364721,0,0.2815982064256653,0.5920438750740568,1.1857861252550694,2.4120472305864356,0.11674655572859614,1.4716335806423217,2.2126903935386464,3.477058345398689,5.705310426544162,1,0,0,0,0,65.80492347360715,58.581616403467464,40.764972825222,47.718593182992485,0,0,55.0
RECALLUSDT,113,0.03261,0.3679852805887827,5.1824593682919255,0.4964724327149273,0.9183941222776255,-0.5140610825521726,-2.4528866287765516,0,2.949359061491479,-0.38802028908404285,0.48809351398413525,0.16428416130801385,1.0851934472453146,0.9945097407124507,0,0.2815982064256653,0.5920438750740568,1.0733811506101576,2.3583736410870664,0.11940355909671112,1.4716335806423217,2.2126903935386464,4.220139705393112,5.32508468673046,1,0,0,0,0,65.80492347360715,58.581616403467464,40.22689261068658,45.26715934665804,0,0,55.0
RECALLUSDT,114,0.03273,1.3137794072716156,-0.03055300947144229,0.4964724327149273,0.9183941222776255,-0.18326206475258877,-1.356238698010847,0,1.8527111307257742,-0.031158551942720714,0.48809351398413525,0.16428416130801385,1.0572465906614488,0.9925402859935322,0,0.2815982064256653,0.5920438750740568,1.1143604712502282,2.301919029431364,0.12233193384531325,1.4716335806423217,2.2126903935386464,5.126657133724151,5.532539086946329,1,0,0,0,0,65.80492347360715,58.581616403467464,38.7283225150195,46.629930385277056,0,0,55.0
RECALLUSDT,115,0.03316,0.0,-1.055488540410142,0.4964724327149273,0.9183941222776255,0.7010057909174064,0.8822634621235125,1,-0.3857910294085852,0.7495339520083679,0.48809351398413525,0.16428416130801385,1.0961434346470555,1.012664983774399,0,0.2815982064256653,0.5920438750740568,1.1872067207554662,2.385497862813957,0.11804588501852156,1.4716335806423217,2.2126903935386464,2.9449045716999844,5.394442504697235,1,0,0,0,0,65.80492347360715,58.581616403467464,49.67403625360326,51.308370830049626,0,0,75.0
RECALLUSDT,116,0.03316,3.4378769601929893,-3.166465621230405,0.4964724327149273,0.9183941222776255,0.7876401090578713,1.6865992026985646,1,-1.1901267699836373,0.9722764666872472,0.48809351398413525,0.16428416130801385,0.9783328605475053,1.0492560662092834,0,0.2815982064256653,0.5920438750740568,1.1489356957875225,2.3960460509689825,0.1175262079423659,1.4716335806423217,2.2126903935386464,2.5809945620100616,5.380372914868213,1,0,0,0,0,65.80492347360715,58.581616403467464,54.328674686838816,51.308370830049626,0,0,75.0
RECALLUSDT,117,0.0343,-4.606413994169091,-5.59766763848396,0.4964724327149273,0.9183941222776255,1.752795406467202,4.796822487014955,1,-4.3003500543000275,1.9911211121186776,0.48809351398413525,0.16428416130801385,1.0844755418244871,1.006011975051281,0,0.2815982064256653,0.5920438750740568,1.2816934420962742,2.5257966090206345,0.11148886866819163,1.4716335806423217,2.2126903935386464,3.681967098043622,5.861228301469593,1,0,1,0,0,65.80492347360715,58.581616403467464,61.19779661337195,61.64597775111043,0,0,75.0
RECALLUSDT,118,0.03272,0.27506112469437594,0.8251833740831278,0.4964724327149273,0.9183941222776255,-3.083187899941822,-1.326899879372747,0,1.8233723120876741,-0.748805306080504,0.48809351398413525,0.16428416130801385,0.9918929813757895,1.0395746929908989,0,0.2815982064256653,0.5920438750740568,1.6104945598696783,2.851582055453853,0.09875157051402002,1.4716335806423217,2.2126903935386464,5.91163019566086,6.130253102610086,1,0,0,0,0,65.80492347360715,58.581616403467464,49.533382994714664,46.811942919778744,0,0,55.0
RECALLUSDT,119,0.03281,-2.13349588540079,-2.6211520877781154,0.4964724327149273,0.9183941222776255,-1.3935171160254323,-1.055488540410142,0,1.5519609731250692,-0.25853477536075536,0.48809351398413525,0.16428416130801385,0.9229435566891889,0.9716546784167898,0,0.2815982064256653,0.5920438750740568,1.5579387735479113,2.7973809010925477,0.100664949244375,1.4716335806423217,2.2126903935386464,6.01741841603747,6.189919751326534,1,0,0,0,0,65.80492347360715,58.581616403467464,39.154917653911525,47.58564699503212,0,0,55.0
RECALLUSDT,120,0.03211,0.8408595453129848,0.34257240734973216,0.4964724327149273,0.9183941222776255,-2.7347310847766786,-6.384839650145765,0,6.881312082860693,-1.9261760449824727,0.48809351398413525,0.16428416130801385,1.1014839727222394,1.0328875004227533,0,0.2815982064256653,0.5920438750740568,1.5397927379742964,2.861073265433564,0.09842397600502976,1.4716335806423217,2.2126903935386464,6.786482564654728,6.977730184995082,1,0,0,0,0,65.80492347360715,58.581616403467464,34.36274597637741,42.417381372319035,0,0,55.0
RECALLUSDT,121,0.03238,1.8838789376158107,2.9030265596047045,0.4964724327149273,0.9183941222776255,-1.943573667711585,-1.0391198044009782,0,1.5355922371159054,-0.3919567292800026,0.48809351398413525,0.16428416130801385,0.9287538364107532,0.9928631440319851,0,0.2815982064256653,0.5920438750740568,1.5287501696505261,2.9014775725534565,0.09705338034987591,1.4716335806423217,2.2126903935386464,9.760956491679835,7.241816959882065,1,0,0,0,0,65.80492347360715,58.581616403467464,29.281075362040127,44.903069618545814,0,0,55.0
RECALLUSDT,122,0.03299,-3.1524704455895702,-0.09093664746891576,0.4964724327149273,0.9183941222776255,2.564102564102568,0.5486132276744884,1,-0.05214079495956109,1.1318955866924023,0.48809351398413525,0.16428416130801385,0.8722931048469386,0.9544818494511458,0,0.2815982064256653,0.5920438750740568,1.470567696373778,2.804633372430286,0.10040464083248546,1.4716335806423217,2.2126903935386464,9.359150834307785,7.042138850563242,1,0,0,0,0,65.80492347360715,58.581616403467464,52.1247050424046,50.1397978593604,0,0,75.0
RECALLUSDT,123,0.03195,0.8450704225352095,2.9733959311424085,0.4964724327149273,0.9183941222776255,-1.1890243902439068,-0.49828713796325264,0,0.99475957067818,-0.06811124330365168,0.48809351398413525,0.16428416130801385,0.8474437767248022,1.0170579746775132,0,0.2815982064256653,0.5920438750740568,1.4460100658854527,3.006535019973567,0.09366204103890366,1.4716335806423217,2.2126903935386464,5.669622269495013,6.724502550090013,1,0,0,0,0,65.80492347360715,58.581616403467464,46.49251592396671,42.68996368052696,0,0,55.0
RECALLUSDT,124,0.03222,3.41402855369337,2.1104903786468032,0.4964724327149273,0.9183941222776255,0.9383797309978157,-0.4941321803582472,0,0.9906046130731745,0.46477852640803036,0.48809351398413525,0.16428416130801385,0.9779805616063704,1.0249027465536722,0,0.2815982064256653,0.5920438750740568,1.3264147634518446,2.9789933505055,0.09452797414867724,1.4716335806423217,2.2126903935386464,5.60723068830127,6.974795842271246,1,0,0,0,0,65.80492347360715,58.581616403467464,46.3085688829541,44.975738065215815,0,0,55.0
RECALLUSDT,125,0.03332,-1.080432172869145,-1.890756302521025,0.4964724327149273,0.9183941222776255,1.8300248138957826,1.0003031221582417,1,-0.5038306894433144,1.0612986227616443,0.48809351398413525,0.16428416130801385,1.0009292813626063,0.9523351457452902,0,0.2815982064256653,0.5920438750740568,1.3444851653519707,2.936419899658578,0.09589848047903746,1.4716335806423217,2.2126903935386464,5.3792335790301005,6.91324577115454,1,0,0,0,0,65.80492347360715,58.581616403467464,55.39910029357547,53.1704913538491,0,0,75.0
RECALLUSDT,126,0.03296,-0.18203883495146994,-1.820388349514573,0.4964724327149273,0.9183941222776255,-0.5128205128205024,3.1611893583724697,0,-2.6647169256575425,1.01580885013613,0.48809351398413525,0.16428416130801385,0.919985005947159,0.9349849269496942,0,0.2815982064256653,0.5920438750740568,1.2500703840189185,2.8778164956139682,0.09785134210428094,1.4716335806423217,2.2126903935386464,5.100083243978607,6.853569678520759,1,0,0,0,0,65.80492347360715,58.581616403467464,55.41186269677008,50.51876397547348,0,0,55.0
RECALLUSDT,127,0.0329,0.0,0.0,0.4964724327149273,0.9183941222776255,-0.7881176113973822,2.1104903786468032,0,-1.614017945931876,0.6843098305604934,0.48809351398413525,0.16428416130801385,0.9394144904273478,0.9557745332320737,0,0.2815982064256653,0.5920438750740568,1.0953770238251628,2.763974841599379,0.10188160984226542,1.4716335806423217,2.2126903935386464,4.930905700251032,6.81308961332128,1,0,0,0,0,65.80492347360715,58.581616403467464,50.20938276335692,50.07056166086765,0,0,55.0
RECALLUSDT,128,0.0329,-0.6382978723404312,2.097264437689979,0.4964724327149273,0.9183941222776255,3.10407790626902,-1.2605042016806833,0,1.7569766343956106,0.8146100648952223,0.48809351398413525,0.16428416130801385,1.1554488556132199,1.1132702344372827,0,0.2815982064256653,0.5920438750740568,1.2520303101080605,2.85530186659152,0.09862291960107865,1.4716335806423217,2.2126903935386464,6.471907700735256,6.695845384346728,1,0,1,0,0,65.80492347360715,58.581616403467464,68.02119647992299,50.07056166086765,0,0,55.0
RECALLUSDT,129,0.03269,-1.0094830223309788,3.701437748546965,0.4964724327149273,0.9183941222776255,-0.363086232980339,-0.8191747572815726,0,1.3156471899964999,0.05815139118266027,0.48809351398413525,0.16428416130801385,0.9500702207827558,0.9867056574571411,0,0.2815982064256653,0.5920438750740568,1.400955338886844,2.8257060008329193,0.09965587585639128,1.4716335806423217,2.2126903935386464,4.733857043697409,6.134296158392962,1,0,0,0,0,65.80492347360715,58.581616403467464,50.545071244511796,48.330053493238594,0,0,55.0
RECALLUSDT,130,0.03236,1.6687268232385626,4.69715698393078,0.4964724327149273,0.9183941222776255,-1.537070524412307,-1.6413373860182336,0,2.137809818733161,-0.440885338859497,0.48809351398413525,0.16428416130801385,0.959970179759611,0.994732098264904,0,0.2815982064256653,0.5920438750740568,1.3424363688982075,2.7720295761388964,0.10158557067702637,1.4716335806423217,2.2126903935386464,3.913036652659348,6.076325637037957,1,0,0,0,0,65.80492347360715,58.581616403467464,46.614224110830705,45.64492292259057,0,0,55.0
RECALLUSDT,131,0.0329,2.097264437689979,5.136778115501532,0.4964724327149273,0.9183941222776255,1.4519616929255428,0.0,0,0.4964724327149273,0.7167070619795239,0.48809351398413525,0.16428416130801385,1.0831351700045033,1.0265568013790836,0,0.2815982064256653,0.5920438750740568,1.255413278801695,2.803164138276403,0.10045726633718036,1.4716335806423217,2.2126903935386464,4.454212531598248,5.999287164104848,1,0,0,0,0,65.80492347360715,58.581616403467464,50.58803056789324,50.49208227059716,0,0,55.0
RECALLUSDT,132,0.03359,0.9228937183685554,4.019053289669536,0.4964724327149273,0.9183941222776255,0.3327283726557743,2.7531355154481645,1,-2.2566630827332372,1.125182610774123,0.48809351398413525,0.16428416130801385,1.0113317962922719,1.0318654341021634,0,0.2815982064256653,0.5920438750740568,1.2678025058037545,2.902465236126435,0.09702035460086335,1.4716335806423217,2.2126903935386464,4.494550712431436,6.347650319705937,1,0,0,0,0,65.80492347360715,58.581616403467464,55.43493483809479,55.9032808751235,0,0,75.0
RECALLUSDT,133,0.0339,-0.05899705014749022,3.0678466076696145,0.4964724327149273,0.9183941222776255,-0.3544004725339694,4.7589616810877615,0,-4.262489248372834,1.4548569408865863,0.48809351398413525,0.16428416130801385,0.8083594624165736,0.9631859424776321,0,0.2815982064256653,0.5920438750740568,1.3935338156600217,2.790601547954763,0.10090949982882692,1.4716335806423217,2.2126903935386464,5.26771817614842,6.889873625751301,1,0,0,0,0,65.80492347360715,58.581616403467464,59.8557668653185,58.1181203936145,0,0,55.0
RECALLUSDT,134,0.03388,2.0956316410861935,3.0401416765053013,0.4964724327149273,0.9183941222776255,0.20667257159728558,2.9787234042553243,1,-2.482250971540397,1.1500656327112906,0.48809351398413525,0.16428416130801385,0.998392500995652,1.0206976649589086,0,0.2815982064256653,0.5920438750740568,1.3016340341273132,2.7319491106924945,0.10307593407341537,1.4716335806423217,2.2126903935386464,6.479419051427844,7.323604306337122,1,0,0,0,0,65.80492347360715,58.581616403467464,60.802817741452465,57.916010483593304,0,0,75.0
RECALLUSDT,135,0.03459,1.0118531367447126,0.31801098583405313,0.4964724327149273,0.9183941222776255,0.9484291641968016,2.9770765108663317,1,-2.4806040781514045,1.3350930575139215,0.48809351398413525,0.16428416130801385,0.9543069914081433,0.9883376311501852,0,0.2815982064256653,0.5920438750740568,1.1843995885611183,2.7635147778329863,0.1018985708650637,1.4716335806423217,2.2126903935386464,6.6224720740662,8.475915804819168,1,0,0,1,0,65.80492347360715,58.581616403467464,61.49843303630859,62.85451161558317,0,0,75.0
RECALLUSDT,136,0.03494,0.0,-1.602747567258151,0.4964724327149273,0.9183941222776255,7.611940298507452,3.0678466076696145,1,-2.5713741749546872,3.023663365292405,0.48809351398413525,0.16428416130801385,0.9147122318272748,0.9892639102814155,0,0.2815982064256653,0.5920438750740568,1.5610645531575575,2.96767865350429,0.09488837549616395,1.4716335806423217,2.2126903935386464,8.338027633261547,9.835803395325593,1,0,1,1,0,65.80492347360715,58.581616403467464,74.32733153219405,65.03288553190092,0,0,75.0
RECALLUSDT,137,0.03494,-0.08586147681740769,-3.5489410417859135,0.4964724327149273,0.9183941222776255,-0.7653061224489779,3.1286894923258513,0,-2.632217059610924,0.9445624812173565,0.48809351398413525,0.16428416130801385,0.9593317292461677,0.9722806020128782,0,0.2815982064256653,0.5920438750740568,1.9392118164471042,2.9969314702647774,0.09396217738698784,1.4716335806423217,2.2126903935386464,8.733145147456584,10.506086388199497,1,0,0,1,0,65.80492347360715,58.581616403467464,57.110467196103556,65.03288553190092,0,0,55.0
RECALLUSDT,138,0.03491,-0.6015468347178313,-0.3437410484101837,0.4964724327149273,0.9183941222776255,-1.0475651189127841,0.9251228678808726,0,-0.4286504351659453,0.3231060759901603,0.48809351398413525,0.16428416130801385,1.0181788360498392,0.9767016216438862,0,0.2815982064256653,0.5920438750740568,1.7909665250508078,2.897790670752686,0.09717686279682916,1.4716335806423217,2.2126903935386464,8.66425422703127,11.353440372425997,1,0,0,0,0,65.80492347360715,58.581616403467464,55.05489822617664,64.65595832554948,0,0,55.0
RECALLUSDT,139,0.0347,-0.9221902017291089,4.7262247838616585,0.4964724327149273,0.9183941222776255,0.0,-0.686891814539202,0,1.1833642472541293,0.1819936851133377,0.48809351398413525,0.16428416130801385,0.998379869029426,0.9696268238563669,0,0.2815982064256653,0.5920438750740568,1.5905259057732042,2.8264807330335353,0.09962856039830087,1.4716335806423217,2.2126903935386464,7.5197493003218385,11.844237870754535,1,0,0,0,0,65.80492347360715,58.581616403467464,53.59582944865755,61.94923937722192,0,0,55.0
RECALLUSDT,140,0.03438,-1.9778941244909833,4.828388598022111,0.4964724327149273,0.9183941222776255,-0.4904789382573672,-1.602747567258151,0,2.0992199999730783,-0.16958998763074137,0.48809351398413525,0.16428416130801385,1.0577059662910022,1.0180791306740404,0,0.2815982064256653,0.5920438750740568,1.4258133027972077,2.7840635308556227,0.10114647288207611,1.4716335806423217,2.2126903935386464,5.739630535415839,11.570704541536028,1,0,0,0,0,65.80492347360715,58.581616403467464,49.06433260640792,57.966970491322975,0,0,55.0
RECALLUSDT,141,0.0337,3.234421364985165,8.367952522255182,0.4964724327149273,0.9183941222776255,-1.404330017554129,-3.4660555714694814,0,3.9625280041844086,-0.8638797585077644,0.48809351398413525,0.16428416130801385,1.009661560485192,0.99011678028595,0,0.2815982064256653,0.5920438750740568,1.4707624663172616,2.83448358304496,0.0993472702082673,1.4716335806423217,2.2126903935386464,5.111342351124888,11.165128791797143,1,0,0,0,0,65.80492347360715,58.581616403467464,39.76105715865239,50.53311237932869,0,0,55.0
RECALLUSDT,142,0.03479,4.455303248059775,2.529462489221037,0.4964724327149273,0.9183941222776255,2.213042195337839,0.2593659942363107,1,0.23710643847861662,0.9718186861416755,0.48809351398413525,0.16428416130801385,0.9506756167468458,0.9649399553022124,0,0.2815982064256653,0.5920438750740568,1.4712893705462213,2.812358349550358,0.10012884967902025,1.4716335806423217,2.2126903935386464,5.057832411709371,11.483211929592171,1,0,0,0,0,65.80492347360715,58.581616403467464,53.2246612696582,59.49914178103089,0,0,75.0
RECALLUSDT,143,0.03634,-0.8255365987891986,-0.8255365987891986,0.4964724327149273,0.9183941222776255,3.6384637597458767,5.700988947062235,1,-5.204516514347307,2.688579815450166,0.48809351398413525,0.16428416130801385,0.8694328957258919,0.9495786738901287,0,0.2815982064256653,0.5920438750740568,1.4590602076483346,2.9423408105022815,0.09570550271421284,1.4716335806423217,2.2126903935386464,5.851803615168402,12.460072787317515,1,0,1,1,0,65.80492347360715,58.581616403467464,66.15355101067229,68.29856772057899,0,0,75.0
RECALLUSDT,144,0.03604,1.3318534961154114,1.9422863485016626,0.4964724327149273,0.9183941222776255,3.4735950296526465,6.943620178041549,1,-6.447147745326621,2.958020440671687,0.48809351398413525,0.16428416130801385,1.0353394282103918,1.0035532415853858,0,0.2815982064256653,0.5920438750740568,1.6614696379026308,2.9689643366447758,0.09484728494377916,1.4716335806423217,2.2126903935386464,9.770812108048931,12.786212800385929,1,0,1,0,0,65.80492347360715,58.581616403467464,68.64939944485782,65.33959610061451,0,0,75.0
RECALLUSDT,145,0.03652,-2.3274917853231014,2.601314348302318,0.4964724327149273,0.9183941222776255,-1.296551724137926,4.972693302673169,0,-4.476220869958241,1.2727520333819489,0.48809351398413525,0.16428416130801385,0.9081031253086754,0.9972941348856219,0,0.2815982064256653,0.5920438750740568,1.5646469285020959,2.8810420337287,0.09774179034146735,1.4716335806423217,2.2126903935386464,10.805711317472328,14.040679717661831,1,0,0,0,0,65.80492347360715,58.581616403467464,56.42555987304378,67.7472838551198,0,0,55.0
RECALLUSDT,146,0.03567,1.0372862349313212,5.438744042612832,0.4964724327149273,0.9183941222776255,-1.1981053218166615,-1.8436984039625675,0,2.340170836677495,-0.40673429269666905,0.48809351398413525,0.16428416130801385,1.087298736939301,1.0012010388810415,0,0.2815982064256653,0.5920438750740568,1.6130324436919814,2.96728646708526,0.09490091689808325,1.4716335806423217,2.2126903935386464,9.641332977850652,14.051852252932276,1,0,0,0,0,65.80492347360715,58.581616403467464,49.98927842377731,59.82240253376814,0,0,55.0
RECALLUSDT,147,0.03604,1.9422863485016626,4.411764705882336,0.4964724327149273,0.9183941222776255,2.974186307519656,0.0,0,0.4964724327149273,1.0972632156280522,0.48809351398413525,0.16428416130801385,1.061138684309737,1.0502379830003854,0,0.2815982064256653,0.5920438750740568,1.8037059120725742,3.0798327407089454,0.09143295436259448,1.4716335806423217,2.2126903935386464,6.162475288369341,14.077429536370992,1,0,0,0,0,65.80492347360715,58.581616403467464,62.18371107300609,61.91106011253766,0,0,55.0
RECALLUSDT,148,0.03674,1.9869352204681583,0.5715841045182224,0.4964724327149273,0.9183941222776255,-1.409618573797669,0.6024096385542304,0,-0.10593720583930305,0.15191440493727854,0.48809351398413525,0.16428416130801385,1.0118557754086726,1.0076898051977892,0,0.2815982064256653,0.5920438750740568,1.7832404858100332,3.124199462782789,0.09013451598728589,1.4716335806423217,2.2126903935386464,4.124576969614516,14.421862486737485,1,0,0,0,0,65.80492347360715,58.581616403467464,49.58631046409966,65.55894198635511,0,0,55.0
RECALLUSDT,149,0.03747,0.37363223912461774,-0.880704563650931,0.4964724327149273,0.9183941222776255,2.2985322625311477,5.046257359125324,1,-4.549784926410396,2.189914044162256,0.48809351398413525,0.16428416130801385,1.0333871236766101,1.0987153623997399,0,0.2815982064256653,0.5920438750740568,1.7970021494579447,3.3725649994554026,0.08349674697778617,1.4716335806423217,2.2126903935386464,4.551863601764953,14.922559236805908,1,0,0,0,0,65.80492347360715,58.581616403467464,62.22787437484149,68.90366800798367,0,0,75.0
RECALLUSDT,150,0.03761,0.05317734645040996,2.1270938580164906,0.4964724327149273,0.9183941222776255,-0.5739629533002997,4.356270810210862,0,-3.859798377495935,1.299293602975779,0.48809351398413525,0.16428416130801385,0.9093854347130103,0.9305020257479107,0,0.2815982064256653,0.5920438750740568,2.0412030319241325,3.3460138581773866,0.08415930667395836,1.4716335806423217,2.2126903935386464,9.33125918266835,14.658663167816641,1,0,0,0,0,65.80492347360715,58.581616403467464,65.2745400931487,69.51511454696947,0,0,55.0
RECALLUSDT,151,0.03763,-1.8070688280627163,3.3218176986447014,0.4964724327149273,0.9183941222776255,-0.93264248704663,2.422427871529654,0,-1.9259554388147269,0.7261629848688942,0.48809351398413525,0.16428416130801385,0.9588351233128761,0.9992416131448384,0,0.2815982064256653,0.5920438750740568,1.9453009550719345,3.2667069505308635,0.08620246954808834,1.4716335806423217,2.2126903935386464,10.637489156479168,14.486537309799555,1,0,0,0,0,65.80492347360715,58.581616403467464,61.9220188570469,69.60705544638373,0,0,55.0
RECALLUSDT,152,0.03695,0.5142083897158395,5.304465493910699,0.4964724327149273,0.9183941222776255,-2.601839684625487,-1.3877768881772259,0,1.8842493208921531,-0.6436875044525401,0.48809351398413525,0.16428416130801385,0.9814198953931054,0.9902356799910548,0,0.2815982064256653,0.5920438750740568,1.9797137725822196,3.2786398088733684,0.08588872911978405,1.4716335806423217,2.2126903935386464,9.566316620967697,14.070969934203337,1,0,0,0,0,65.80492347360715,58.581616403467464,50.423031664386585,62.68476549681144,0,0,55.0
RECALLUSDT,153,0.03714,3.4194938072159404,5.708131394722681,0.4964724327149273,0.9183941222776255,0.6186121570736984,-1.2496676415846801,0,1.7461400742996074,0.1959527676203927,0.48809351398413525,0.16428416130801385,1.0411166898879882,1.015877999778464,0,0.2815982064256653,0.5920438750740568,2.007964988161086,3.3365924921000127,0.08439694301668546,1.4716335806423217,2.2126903935386464,6.800046835697453,13.791243496488203,1,0,0,0,0,65.80492347360715,58.581616403467464,52.57421706124243,63.768958775847196,0,0,55.0
RECALLUSDT,154,0.03841,1.2236396771673996,0.23431398073418327,0.4964724327149273,0.9183941222776255,1.7510775862068906,2.0728142439542996,1,-1.5763418112393723,1.3096895962884356,0.48809351398413525,0.16428416130801385,0.9866941394410865,1.0128305203344583,0,0.2815982064256653,0.5920438750740568,1.9822041450695378,3.4068017760176454,0.08265764342615711,1.4716335806423217,2.2126903935386464,5.112952763431425,14.270444197466789,1,0,0,0,0,65.80492347360715,58.581616403467464,55.79965729523634,70.03591139792813,0,0,75.0
RECALLUSDT,155,0.03888,0.07716049382716628,1.4917695473251136,0.4964724327149273,0.9183941222776255,2.145473574045006,5.22327469553451,1,-4.726802262819582,2.1959037061430173,0.48809351398413525,0.16428416130801385,0.9740958826958281,1.0005979926272106,0,0.2815982064256653,0.5920438750740568,2.0110753672155943,3.4026277388648043,0.08275904037613382,1.4716335806423217,2.2126903935386464,6.311590963925,15.343468071131014,1,0,1,0,0,65.80492347360715,58.581616403467464,65.55873682206247,71.96833907027548,0,0,75.0
RECALLUSDT,156,0.03891,0.8995116936520254,5.165767154973009,0.4964724327149273,0.9183941222776255,-1.6897081413210466,4.765751211631667,0,-4.269278778916739,1.1227274063257933,0.48809351398413525,0.16428416130801385,0.8877961970783645,0.9773648083684046,0,0.2815982064256653,0.5920438750740568,1.9808282681025784,3.329706216418523,0.08457148712914263,1.4716335806423217,2.2126903935386464,7.5131631482056624,16.22831960102184,1,0,0,0,0,65.80492347360715,58.581616403467464,56.5017807995195,72.09205854253835,0,0,55.0
RECALLUSDT,157,0.03926,-1.9358125318390311,1.2990320937340716,0.4964724327149273,0.9183941222776255,1.743883394065583,2.212965373600634,1,-1.7164929408857068,1.3429288306646923,0.48809351398413525,0.16428416130801385,0.9835830638697104,1.0371797650240484,0,0.2815982064256653,0.5920438750740568,1.887433162087068,3.284450359236921,0.08573678260465147,1.4716335806423217,2.2126903935386464,7.5918886364850895,17.0702014526546,1,0,0,0,0,65.80492347360715,58.581616403467464,62.71255822265177,73.55831464780684,0,0,75.0
RECALLUSDT,158,0.0385,2.4935064935065,1.9999999999999998,0.4964724327149273,0.9183941222776255,-0.10288065843620982,-0.9773662551440289,0,1.4738386878589562,0.08365491035307851,0.48809351398413525,0.16428416130801385,1.1282557464808118,1.0351718488565143,0,0.2815982064256653,0.5920438750740568,1.75201214168964,3.3234095999023014,0.08473171842373671,1.4716335806423217,2.2126903935386464,6.60409943625034,17.00032893284626,1,0,0,0,0,65.80492347360715,58.581616403467464,56.82660546839895,65.50975384895767,0,0,55.0
RECALLUSDT,159,0.03946,3.6999493157627876,0.4308160162189471,0.4964724327149273,0.9183941222776255,-2.198926105855279,1.4135183757388894,0,-0.9170459430239621,0.1573647062190408,0.48809351398413525,0.16428416130801385,0.9371975706287857,1.0369099759036833,0,0.2815982064256653,0.5920438750740568,1.8483054836686428,3.4327103481846017,0.08203378026770866,1.4716335806423217,2.2126903935386464,3.371109931372863,17.17970853089875,1,0,0,0,0,65.80492347360715,58.581616403467464,48.41390121231112,69.97828044102128,0,0,55.0
RECALLUSDT,160,0.04092,-2.810361681329419,-5.596285434995114,0.4964724327149273,0.9183941222776255,1.5220700152207087,4.228222109016797,1,-3.73174967630187,1.7912896698075147,0.48809351398413525,0.16428416130801385,0.9330916075760983,1.007545416638058,0,0.2815982064256653,0.5920438750740568,2.049617224755263,3.4874873523455823,0.08074529825499455,1.4716335806423217,2.2126903935386464,4.516612837129685,18.023338043681335,1,0,1,1,0,65.80492347360715,58.581616403467464,64.88703033431324,75.23358115984396,0,0,75.0
RECALLUSDT,161,0.03977,-1.2572290671360333,-6.638169474478241,0.4964724327149273,0.9183941222776255,-0.4856726566294288,3.2987012987012996,0,-2.8022288659863723,1.056973799266106,0.48809351398413525,0.16428416130801385,1.030234152154031,0.9749163780017851,0,0.2815982064256653,0.5920438750740568,2.1648251002005705,3.7846254749699257,0.07440583177597064,1.4716335806423217,2.2126903935386464,9.810050929891691,16.345258421460933,1,0,0,0,0,65.80492347360715,58.581616403467464,65.79386600386684,65.5066261220972,0,0,55.0
RECALLUSDT,162,0.03927,0.9167303284950323,-5.169340463458103,0.4964724327149273,0.9183941222776255,-2.5905432595573346,-0.4815002534211928,0,0.9779726861361201,-0.41429423949649363,0.48809351398413525,0.16428416130801385,1.0562790174976149,0.9583032135018852,0,0.2815982064256653,0.5920438750740568,2.303440465091407,3.786404046735424,0.07437088143523793,1.4716335806423217,2.2126903935386464,9.446938937030627,15.077073018037604,1,0,0,0,0,65.80492347360715,58.581616403467464,44.81491485137701,61.767403145618935,0,0,55.0
RECALLUSDT,163,0.03963,-2.5233409033560457,-8.20085793590713,0.4964724327149273,0.9183941222776255,1.6585863740750133,-3.1524926686216994,0,3.6489651013366267,-0.019759934888533337,0.48809351398413525,0.16428416130801385,1.132368990703647,1.0558273358939805,0,0.2815982064256653,0.5920438750740568,2.0421851986325494,3.6263961823634725,0.07765235574512878,1.4716335806423217,2.2126903935386464,9.152917600736139,15.043645497131553,1,0,0,0,0,65.80492347360715,58.581616403467464,54.654467701635774,63.387863407798754,0,0,55.0
RECALLUSDT,164,0.03863,-3.8829924928811663,-4.763137457934233,0.4964724327149273,0.9183941222776255,-0.7880020335536293,-2.866482273070159,0,3.362954705785086,-0.5599044379078089,0.48809351398413525,0.16428416130801385,1.0342463839233724,0.980768976881193,0,0.2815982064256653,0.5920438750740568,1.8315645194677648,3.669026754172992,0.07675010985008154,1.4716335806423217,2.2126903935386464,7.409322362041272,14.242766779925933,1,0,0,0,0,65.80492347360715,58.581616403467464,46.75302818426088,56.25523332394094,0,0,55.0
RECALLUSDT,165,0.03713,0.2962563964449205,0.13466199838404116,0.4964724327149273,0.9183941222776255,-4.544294102629573,-5.449452508276028,0,5.945924940990956,-2.144720013978262,0.48809351398413525,0.16428416130801385,1.0694977871843585,1.0193917665656178,0,0.2815982064256653,0.5920438750740568,2.086689186800963,4.01013532699422,0.07022162183158442,1.4716335806423217,2.2126903935386464,10.53124327196637,13.907977158207835,1,0,0,0,0,65.80492347360715,58.581616403467464,34.67407296396655,47.60256789667199,0,0,55.0
RECALLUSDT,166,0.03724,-2.309344790547797,-0.5639097744360951,0.4964724327149273,0.9183941222776255,-0.3256445047489879,-6.030784759020935,0,6.527257191735862,-1.2353906771943426,0.48809351398413525,0.16428416130801385,1.0581947818328192,1.045555956715708,0,0.2815982064256653,0.5920438750740568,1.9575237941566286,3.8431260951872797,0.07327321546339809,1.4716335806423217,2.2126903935386464,11.055379877466317,12.729286578258383,1,0,0,0,0,65.80492347360715,58.581616403467464,32.2943893594756,48.23140687437721,0,0,55.0
RECALLUSDT,167,0.03638,1.1269928532160545,5.1126992853216064,0.4964724327149273,0.9183941222776255,-1.754859611231096,-5.824488739321758,0,6.320961172036686,-1.5411204488900754,0.48809351398413525,0.16428416130801385,1.0507123541015924,1.0139111669684666,0,0.2815982064256653,0.5920438750740568,1.9219297896399619,3.8964387913336713,0.07227066085369713,1.4716335806423217,2.2126903935386464,12.40141084661732,12.417052251709533,1,0,0,0,0,65.80492347360715,58.581616403467464,32.70195262222187,43.805071722322076,0,0,55.0
RECALLUSDT,168,0.03679,1.0600706713780768,2.3104104376189087,0.4964724327149273,0.9183941222776255,0.9098428453267271,-0.9157015890115808,0,1.4121740217265082,0.3522519528269248,0.48809351398413525,0.16428416130801385,0.9110310432010029,0.9672737864037337,0,0.2815982064256653,0.5920438750740568,1.7039821282842902,3.694291465020284,0.07622522724370887,1.4716335806423217,2.2126903935386464,12.179514615447886,12.382531913140845,1,0,0,0,0,65.80492347360715,58.581616403467464,36.709391960322165,46.33370621121473,0,0,55.0
RECALLUSDT,169,0.03718,-0.4034427111350118,-0.6455083378160225,0.4964724327149273,0.9183941222776255,1.3594344752582939,-0.16111707841032355,0,0.6575895111252509,0.6532959879601308,0.48809351398413525,0.16428416130801385,1.0362735241198124,1.0025792791736399,0,0.2815982064256653,0.5920438750740568,1.6278850280335118,3.619205369582823,0.07780663921211092,1.4716335806423217,2.2126903935386464,7.700615431889034,12.510144613494829,1,0,0,0,0,65.80492347360715,58.581616403467464,48.16292321449914,48.69845397147685,0,0,55.0
RECALLUSDT,170,0.03703,3.2676208479611204,3.051579800162028,0.4964724327149273,0.9183941222776255,-1.0749798441279161,1.7866959868059311,0,-1.2902235540910039,0.5316456744176419,0.48809351398413525,0.16428416130801385,0.9402324719417194,1.042502930444999,0,0.2815982064256653,0.5920438750740568,1.570596338567159,3.582629380298139,0.07860098730118471,1.4716335806423217,2.2126903935386464,3.681893192679412,12.757941487096295,1,0,0,0,0,65.80492347360715,58.581616403467464,43.26588111254514,47.82557357180943,0,0,55.0
RECALLUSDT,171,0.03824,-1.5690376569037743,0.7060669456066929,0.4964724327149273,0.9183941222776255,2.38990332975294,3.9412883935852125,1,-3.4448159608702853,1.9365145695826764,0.48809351398413525,0.16428416130801385,0.9454976253208919,0.9623088070492334,0,0.2815982064256653,0.5920438750740568,1.5526703051720891,3.5857029986956843,0.07853361154788835,1.4716335806423217,2.2126903935386464,5.002745768588019,12.65979019499596,1,0,1,0,0,65.80492347360715,58.581616403467464,57.960198937368084,54.85511386062577,0,0,75.0
RECALLUSDT,172,0.03764,-1.8597236981934093,0.6110520722635522,0.4964724327149273,0.9183941222776255,-1.684810782789022,1.2372243141473969,0,-0.7407518814324696,0.24182002158773191,0.48809351398413525,0.16428416130801385,0.9235694280464155,0.9660822831262558,0,0.2815982064256653,0.5920438750740568,1.6550482047318904,3.602787070577651,0.07816121266931143,1.4716335806423217,2.2126903935386464,7.25122044655205,12.345109717920675,1,0,0,0,0,65.80492347360715,58.581616403467464,53.69487684331406,51.17328892648189,0,0,55.0
RECALLUSDT,173,0.03694,3.302652950730912,3.7628586897671963,0.4964724327149273,0.9183941222776255,-0.9306035628822019,-0.24304617877396653,0,0.7395186114888939,0.06030420333409608,0.48809351398413525,0.16428416130801385,0.9860797034637421,0.9841232330728503,0,0.2815982064256653,0.5920438750740568,1.6711176989060206,3.666013940318385,0.07681318484053805,1.4716335806423217,2.2126903935386464,5.962834968574336,12.460428004164834,1,0,0,0,0,65.80492347360715,58.581616403467464,45.81506510975712,47.19350308953967,0,0,55.0
RECALLUSDT,174,0.03816,0.9171907756813499,0.419287211740043,0.4964724327149273,0.9183941222776255,1.0466988727858333,-0.20920502092051171,0,0.705677453635439,0.5630901017144686,0.48809351398413525,0.16428416130801385,1.046579771847976,0.9583798165759753,0,0.2815982064256653,0.5920438750740568,1.6095895552998538,3.5798390506508215,0.07866225336987433,1.4716335806423217,2.2126903935386464,4.931537460409093,12.46660063913158,1,0,0,0,0,65.80492347360715,58.581616403467464,51.99824404891525,53.91981577869274,0,0,55.0
RECALLUSDT,175,0.03851,-1.6619059984419673,-0.1298364061282821,0.4964724327149273,0.9183941222776255,2.4409448818897643,2.3113708820403898,1,-1.8148984493254625,1.5417955797306768,0.48809351398413525,0.16428416130801385,0.9937237856520404,0.987949227401262,0,0.2815982064256653,0.5920438750740568,1.6416180520770915,3.551742694377823,0.07928451767393423,1.4716335806423217,2.2126903935386464,6.127071147554297,12.406655855863695,1,0,1,0,0,65.80492347360715,58.581616403467464,66.1179783876986,55.664567135140096,0,0,75.0
TLMUSDT,50,0.001273,-9.740769835035348,41.633935585231725,0.10828370330265558,-0.682805710738668,-23.645894001164816,40.97452934662237,0,-40.866245643319715,4.188528334505385,0.33844115541289915,0.8036956258554349,0.8739033589108215,2.1482513610839673,0,1.3796446759974534,1.2970339439535175,12.657137566859078,9.967151184369365,0.13841915814029515,3.6491181405057067,5.176651198181286,105.7055325894811,72.36465614462524,0,0,0,0,0,45.99617522700065,25.56865001007688,61.018136740275416,68.14539398715326,0,0,55.0
TLMUSDT,51,0.001149,58.9208006962576,39.773716275021755,0.10828370330265558,9.856733524355304,-6.4516129032258105,-4.090150250417362,0,4.198433953720017,-0.1441864814963032,0.33844115541289915,1.2686278986256085,0.4941584249552124,1.1322660300940877,0,1.3796446759974534,2.547452253424949,12.79519833663054,11.528433728094528,0.11967321047570331,3.6491181405057067,21.381013621673667,90.51437656959298,73.57429801021969,0,1,0,0,0,45.99617522700065,81.16945041528042,53.368351428230916,59.40510619821827,0,0,55.0
TLMUSDT,52,0.001826,-1.588170865279296,-19.003285870755743,0.10828370330265558,-1.967397414277677,2.761000862812762,21.814543028685797,0,-21.70625932538314,5.679107545130885,0.33844115541289915,0.3046712897043515,0.4093478080107237,2.108003950378029,0,1.3796446759974534,2.1277507814224483,11.595967993639393,9.80285614913738,0.14073905145684074,3.6491181405057067,11.41487462236565,73.4135026754929,103.28544403661309,0,0,0,1,0,45.99617522700065,44.00129347483825,53.635335316009474,76.85741205812246,0,0,55.0
TLMUSDT,53,0.001797,0.33388981636059706,2.170283806343905,0.10828370330265558,0.2335084646818504,38.70151770657672,41.16260801256873,1,-41.05432430926608,20.051479471782493,0.33844115541289915,1.5968728823811211,1.339975226160056,2.3136283576601233,0,1.3796446759974534,1.705896130677684,12.21837023110312,11.86104615900402,0.11631728411664011,3.6491181405057067,6.706196970634168,66.84619512725446,118.59152699346984,0,0,0,1,0,45.99617522700065,50.034378686111666,65.08162851714789,75.36278662808616,0,0,75.0
TLMUSDT,54,0.001803,-10.92623405435385,-8.76317249029395,0.10828370330265558,-3.951191167925632,-2.5428413488115,56.91906005221931,0,-56.810776348916654,12.633327809696208,0.33844115541289915,2.465067344822622,0.7280059549294244,1.206831860262194,0,1.3796446759974534,1.9980328809170222,12.332143210331216,12.153787311643013,0.11351561785812968,3.6491181405057067,6.10130488902534,71.3055481546543,127.76531729366316,0,0,0,1,0,45.99617522700065,36.05953764904538,65.34544267566439,75.46907809875273,0,0,55.0
TLMUSDT,55,0.001606,-7.907845579078453,5.04358655043586,0.10828370330265558,-3.5227272727272716,-9.640522875816986,-12.048192771084333,0,12.156476474386988,-6.275789804081484,0.33844115541289915,0.9347942977512917,0.6578176972333705,0.7406239278920538,0,1.3796446759974534,2.3355994445955455,12.751813862592885,13.955373634477878,0.09886117793284516,3.6491181405057067,10.778116739648567,74.23757070692683,128.61255341991347,0,0,0,0,0,45.99617522700065,50.26757692485011,58.156577142839204,65.48020449951477,0,0,55.0
TLMUSDT,56,0.001479,24.13793103448275,78.76943881000676,0.10828370330265558,-3.886925795053005,-5.46116504854369,-17.69616026711185,0,17.804443970414507,-6.7339918518514725,0.33844115541289915,0.8721699183831059,0.7047572278544101,0.550551591946527,0,1.3796446759974534,3.295920631893771,12.143153171684492,15.283506748798859,0.0902701650003119,3.6491181405057067,28.62809115563169,62.5017793076036,126.66451171664106,0,0,0,0,0,45.99617522700065,60.74142044665935,52.518574945869204,59.96958186628173,0,0,55.0
TLMUSDT,57,0.001836,-10.403050108932462,36.05664488017428,0.10828370330265558,-0.16797312430011,29.2225201072386,1.8302828618968412,0,-1.7219991585941856,7.748278387034497,0.33844115541289915,0.6314099153863428,1.5652701695242288,0.9910271338831398,0,1.3796446759974534,2.3303526573394326,10.345250110731403,13.688763782257846,0.10078665231886211,3.6491181405057067,10.90369108545777,38.56968675125101,129.26131647167028,0,0,0,0,0,45.99617522700065,45.56275916374407,65.98871826335727,68.09727955168097,0,0,55.0
TLMUSDT,58,0.001645,2.5531914893616983,40.12158054711247,0.10828370330265558,-2.056277056277059,5.072463768115938,2.4283935242839334,0,-2.320109820981278,1.3882159848563669,0.33844115541289915,0.3671362312987116,0.8183286137627338,0.627807989834022,0,1.3796446759974534,2.055172481352522,9.961184211202504,15.506878591182382,0.08896985088810559,3.6491181405057067,6.969036685650405,28.378249475546603,126.33456897916085,0,0,0,0,0,45.99617522700065,51.70698615807179,61.6441279785578,60.965301833327445,0,0,55.0
TLMUSDT,59,0.001687,56.727919383521055,64.13752222880855,0.10828370330265558,2.019068984856983,-10.590858416945377,14.063556457065573,0,-13.955272753762918,1.400012682069959,0.33844115541289915,0.38524106015263065,0.4785597517383546,0.3464900741515817,0,1.3796446759974534,1.6306549824686787,11.1302855800558,14.66316363250213,0.094089155012862,3.6491181405057067,4.788034919854918,29.14161956970237,122.86414853000981,0,0,0,0,0,45.99617522700065,54.90354910377404,48.60712342679869,61.90999728708042,0,0,55.0
TLMUSDT,60,0.002644,-5.52193645990924,20.574886535552185,0.10828370330265558,1.5392781316348165,10.446859903381641,44.0087145969499,1,-43.90043089364725,14.025784083817253,0.33844115541289915,0.9653163093567971,0.5724267895249223,0.8812715930854069,0,1.3796446759974534,2.576210697468794,8.686971636524323,11.637611887410962,0.1185504972450482,3.6491181405057067,10.334815342179821,28.665594080331186,140.00897313580583,0,0,0,1,0,45.99617522700065,59.10243507130819,58.710480523877365,76.10212715441544,0,0,75.0
TLMUSDT,61,0.002498,-7.726180944755789,3.763010408326675,0.10828370330265558,0.05434782608695195,55.468341182626915,51.85410334346503,1,-51.745819640162374,26.87126901387039,0.33844115541289915,0.49371708042534806,1.9275932073404518,1.43051432900203,0,1.3796446759974534,2.839801478289614,8.0678977350768,13.671165383566558,0.10091639134552911,3.6491181405057067,6.062212758505357,91.1088636245739,143.81670331123223,0,0,1,0,0,45.99617522700065,48.42726353887851,79.68469825749507,71.71221993846495,0,0,75.0
TLMUSDT,62,0.002305,20.130151843817785,9.370932754880675,0.10828370330265558,-2.735402419779062,-9.5256312165264,36.63307646710138,0,-36.52479276379873,6.120081633524644,0.33844115541289915,0.1165208940045324,0.7553279438711554,0.7232602102616928,0,1.3796446759974534,2.5811075374139336,10.376692851347299,15.183062431544474,0.09086735184142368,3.6491181405057067,5.302077990194233,88.08562362951525,140.17114616019313,0,0,0,0,0,45.99617522700065,48.7592645842877,58.38668437896928,66.27013243841446,0,0,55.0
TLMUSDT,63,0.002769,15.131816540267232,-12.387143373058866,0.10828370330265558,-2.735402419779062,16.59556313993174,4.727685325264754,0,-4.619401621962099,4.674032437180022,0.33844115541289915,0.1165208940045324,1.1374409916729635,0.9413276221279724,0,1.3796446759974534,2.5811075374139336,9.016852708522928,13.278658251076466,0.10389940383363727,3.6491181405057067,5.302077990194233,84.97171464195853,141.72119171014293,0,0,0,0,0,45.99617522700065,48.7592645842877,65.74419750456957,71.80907684361091,0,0,55.0
TLMUSDT,64,0.003188,-18.69510664993726,-27.415307402760348,0.10828370330265558,-2.735402419779062,11.979358643567997,27.62209767814252,0,-27.513813974839863,9.243584401308528,0.33844115541289915,0.1165208940045324,1.0158991232755665,0.9513115529714968,0,1.3796446759974534,2.5811075374139336,8.900062560157084,12.398993122961095,0.11127070257362723,3.6491181405057067,5.302077990194233,71.74228027982198,147.0321590004194,0,0,0,1,0,45.99617522700065,48.7592645842877,67.5289211610871,75.69110216873716,0,0,55.0
TLMUSDT,65,0.002592,-2.73919753086421,10.95679012345679,0.10828370330265558,-2.735402419779062,1.1055634807417896,12.451193058568325,0,-12.34290935526567,2.732409455708427,0.33844115541289915,0.1165208940045324,1.1597204190874608,0.8917061033941606,0,1.3796446759974534,2.5811075374139336,11.03606300174387,16.15586064230598,0.08539592575988772,3.6491181405057067,5.302077990194233,45.38572006182026,137.8215181706916,0,0,0,0,0,45.99617522700065,48.7592645842877,57.43917030440376,62.50589482942475,0,0,55.0
TLMUSDT,66,0.002521,-3.7683458944862998,8.250694168980575,0.10828370330265558,-2.735402419779062,3.3989957512553097,-8.956301914048407,0,9.064585617351062,-2.046106219817376,0.33844115541289915,0.1165208940045324,0.6068592482446242,0.6997733042969531,0,1.3796446759974534,2.5811075374139336,10.836648286903698,17.115880325356787,0.08060611839833567,3.6491181405057067,5.302077990194233,34.17774683628822,126.98141186188343,0,0,0,0,0,45.99617522700065,48.7592645842877,53.60135236868455,61.1395474553357,0,0,55.0
TLMUSDT,67,0.002426,-4.616652926628199,26.339653751030497,0.10828370330265558,-2.735402419779062,0.5371900826446278,-23.902132998745284,0,24.01041670204794,-6.498015408144266,0.33844115541289915,0.1165208940045324,0.5346092651663897,0.41640668265067243,0,1.3796446759974534,2.5811075374139336,11.105248255073544,17.131043042719284,0.08053477377629988,3.6491181405057067,5.302077990194233,33.03470104955196,114.70139413458904,0,0,0,0,0,45.99617522700065,48.7592645842877,48.33401162372733,59.27255010332122,0,0,55.0
TLMUSDT,68,0.002314,24.28694900605013,54.407951598962825,0.10828370330265558,-2.735402419779062,-4.985812728009722,-10.725308641975309,0,10.833592345277964,-4.584560021615359,0.33844115541289915,0.1165208940045324,0.5904835098866039,0.5187474233997762,0,1.3796446759974534,2.5811075374139336,10.006397649836769,17.739191118696162,0.07777382107030695,3.6491181405057067,5.302077990194233,32.22837214297344,106.48722499660414,0,0,0,0,0,45.99617522700065,48.7592645842877,46.04029808721906,57.06029799178593,0,0,55.0
TLMUSDT,69,0.002876,-5.111265646731571,15.055632823365778,0.10828370330265558,-2.735402419779062,7.059333044608055,14.081713605712032,0,-13.973429902409377,4.6284819834609205,0.33844115541289915,0.1165208940045324,1.1080966934175607,0.8032910002865306,0,1.3796446759974534,2.5811075374139336,8.699747073104442,14.770771588332455,0.09340369714248681,3.6491181405057067,5.302077990194233,33.30766965145627,105.62548819424711,0,0,0,0,0,45.99617522700065,48.7592645842877,50.65520045708767,64.26723333136573,0,0,55.0
TLMUSDT,70,0.002729,12.312202271894463,19.311102968120196,0.10828370330265558,-2.735402419779062,-0.44198895027623786,12.489694971145914,0,-12.381411267843259,2.3551468260983173,0.33844115541289915,0.1165208940045324,2.319600597960522,0.7843869371497565,0,1.3796446759974534,2.5811075374139336,9.23339332898159,15.786777159204673,0.08739242101691634,3.6491181405057067,5.302077990194233,26.127603890119893,98.52620723159436,0,0,0,0,0,45.99617522700065,48.7592645842877,55.38007540854266,61.36598431213887,0,0,55.0
TLMUSDT,71,0.003065,16.574225122349095,-2.7406199021207134,0.10828370330265558,-2.735402419779062,-1.0178117048345987,32.45462402765773,0,-32.346340324355076,7.202423401586681,0.33844115541289915,0.1165208940045324,0.7576540521828986,1.193215487637643,0,1.3796446759974534,2.5811075374139336,8.61326679538578,15.322011029529348,0.09004331568085502,3.6491181405057067,5.302077990194233,27.00334160077699,90.3857121607529,0,0,0,0,0,45.99617522700065,48.7592645842877,54.955958053244,65.22974247641562,0,0,55.0
TLMUSDT,72,0.003573,-7.388748950461794,-10.887209627763774,0.10828370330265558,-2.735402419779062,10.515740120562628,24.235048678720432,0,-24.126764975417775,8.030917520701664,0.33844115541289915,0.1165208940045324,1.0443687069273166,1.267881982094681,0,1.3796446759974534,2.5811075374139336,8.010277171000602,13.818030655943323,0.09984379904411701,3.6491181405057067,5.302077990194233,42.276384957935385,97.21302511914881,0,0,1,1,0,45.99617522700065,48.7592645842877,68.43457764054025,70.09873168768155,0,0,55.0
TLMUSDT,73,0.003309,-1.6016923541855446,14.113025083106677,0.10828370330265558,-2.735402419779062,-3.4239130434782674,21.253206302674965,0,-21.144922599372308,3.800543635680073,0.33844115541289915,0.1165208940045324,0.9306456813674623,0.8939175315955988,0,1.3796446759974534,2.5811075374139336,8.043931035985704,14.938343607000636,0.09235593398393267,3.6491181405057067,5.302077990194233,57.65808304909703,97.32702744826534,0,0,0,0,0,45.99617522700065,48.7592645842877,68.24366546073799,65.00427665826379,0,0,55.0
TLMUSDT,74,0.003256,-8.445945945945947,4.545454545454536,0.10828370330265558,-2.735402419779062,-2.11764705882353,6.231647634584019,0,-6.1233639312813635,0.3717204648210206,0.33844115541289915,0.1165208940045324,0.48060179345920706,0.6270425523700781,0,1.3796446759974534,2.5811075374139336,8.585268134729109,15.279543851841579,0.0902935774375994,3.6491181405057067,5.302077990194233,44.99112699715444,95.48166740422205,0,0,0,0,0,45.99617522700065,48.7592645842877,57.550867073427,63.99869961876786,0,0,55.0
TLMUSDT,75,0.002981,6.80979537068098,3.7235826903723575,0.10828370330265558,-2.735402419779062,1.472000000000001,-16.568709767702202,0,16.67699347100486,-4.430957121044652,0.33844115541289915,0.1165208940045324,0.408478085120561,0.6495310881365871,0,1.3796446759974534,2.5811075374139336,8.54214870193863,16.68310088083458,0.08269713681240032,3.6491181405057067,5.302077990194233,38.428034939108635,88.27562784210397,0,0,0,0,0,45.99617522700065,48.7592645842877,52.24747070565854,58.90679434722126,0,0,55.0
TLMUSDT,76,0.003184,18.592964824120592,0.5339195979899389,0.10828370330265558,-2.735402419779062,1.4451775054979588,-3.777576307041393,0,3.8858600103440484,-1.23987937950496,0.33844115541289915,0.1165208940045324,1.0619370268455306,0.8297505557592327,0,1.3796446759974534,2.5811075374139336,8.108623897807304,15.405604101646233,0.08955472741572175,3.6491181405057067,5.302077990194233,23.877799021243653,78.55555891404717,0,0,0,0,0,45.99617522700065,48.7592645842877,53.82904359430021,61.35130549428911,0,0,55.0
TLMUSDT,77,0.003776,-9.851694915254235,-9.057203389830505,0.10828370330265558,-2.735402419779062,5.309181761399126,15.970515970515958,0,-15.862232267213303,4.663144753859669,0.33844115541289915,0.1165208940045324,2.2821987775311516,1.8969073406968633,0,1.3796446759974534,2.5811075374139336,7.89256503468623,14.360789289031114,0.09607025409468525,3.6491181405057067,5.302077990194233,21.344843374103977,78.10926243449067,0,0,0,0,0,45.99617522700065,48.7592645842877,57.72550625169441,67.43518929459698,0,0,55.0
TLMUSDT,78,0.003404,-9.165687426556985,-6.022326674500585,0.10828370330265558,-2.735402419779062,-12.294673967147837,14.189869171418978,0,-14.081585468116323,-0.18298087805131624,0.33844115541289915,0.1165208940045324,0.5697100008292264,0.542641620697514,0,1.3796446759974534,2.5811075374139336,8.959176275298432,15.730284216467167,0.08770627771322653,3.6491181405057067,5.302077990194233,28.365398659754575,68.86239614343631,0,0,0,0,0,45.99617522700065,48.7592645842877,55.975203509465715,60.94320732424988,0,0,55.0
TLMUSDT,79,0.003092,3.525226390685631,-7.1798188874514866,0.10828370330265558,-2.735402419779062,-5.08277664827185,-2.8894472361809065,0,2.997730939483562,-2.6498356502322906,0.33844115541289915,0.1165208940045324,0.32368575095611607,0.4431588458716501,0,1.3796446759974534,2.5811075374139336,8.499235821790823,16.82444412186068,0.08200239282823171,3.6491181405057067,5.302077990194233,28.473535111999464,56.586917521738364,0,0,0,0,0,45.99617522700065,48.7592645842877,49.20359588863507,56.06790666957794,0,0,55.0
TLMUSDT,80,0.003201,7.278975320212439,-19.556388628553574,0.10828370330265558,-2.735402419779062,-3.627267041901182,-15.227754237288135,0,15.33603794059079,-5.370534998916431,0.33844115541289915,0.1165208940045324,0.3886705814426109,0.4702388008105113,0,1.3796446759974534,2.5811075374139336,7.736577181505696,15.677586377522914,0.08800108912016338,3.6491181405057067,5.302077990194233,30.179565036671963,55.902377727401856,0,0,0,0,0,45.99617522700065,48.7592645842877,44.574532011388314,57.35152580419399,0,0,55.0
TLMUSDT,81,0.003434,-6.8433313919627246,-25.364006988934186,0.10828370330265558,-2.735402419779062,10.667086217747022,0.8813160987074053,0,-0.7730323954047498,2.230320899994505,0.33844115541289915,0.1165208940045324,1.3278151019774678,0.8168352358388938,0,1.3796446759974534,2.5811075374139336,6.986748616519202,14.701543429733357,0.09384352619788004,3.6491181405057067,5.302077990194233,28.694486307499396,54.87349741084678,0,0,0,0,0,45.99617522700065,48.7592645842877,58.15685941067402,60.03935044075277,0,0,55.0
TLMUSDT,82,0.003199,-10.284463894967173,-22.725851828696474,0.10828370330265558,-2.735402419779062,2.5224702812409476,3.4605433376455332,0,-3.352259634342878,0.8389737256025186,0.33844115541289915,0.1165208940045324,0.8779795483212812,0.8826542630228106,0,1.3796446759974534,2.5811075374139336,6.786892079416412,15.757296963116968,0.08755592277195647,3.6491181405057067,5.302077990194233,28.670824710853964,50.064897142498886,0,0,0,0,0,45.99617522700065,48.7592645842877,57.96648179457658,56.1927726636436,0,0,55.0
TLMUSDT,83,0.00287,-10.278745644599308,-8.327526132404182,0.10828370330265558,-2.735402419779062,-2.539298669891182,-10.34051858794126,0,10.448802291243915,-3.8767339935772123,0.33844115541289915,0.1165208940045324,0.8731770828419816,0.8281944970249104,0,1.3796446759974534,2.5811075374139336,7.3551039403979335,17.889465127056877,0.07712051009903104,3.6491181405057067,5.302077990194233,18.875306478159942,49.58497827274692,0,0,0,0,0,45.99617522700065,48.7592645842877,47.38833988070458,51.24299431662527,0,0,55.0
TLMUSDT,84,0.002575,-0.4660194174757226,-8.388349514563108,0.10828370330265558,-2.735402419779062,-16.598295992426635,-25.01456027955737,0,25.122843982860026,-11.059993747115103,0.33844115541289915,0.1165208940045324,0.9193502122880435,0.9574093583758249,0,1.3796446759974534,2.5811075374139336,9.34071086596432,19.505019248002554,0.07073280259073512,3.6491181405057067,5.302077990194233,30.482515096267697,51.70260284398157,0,0,0,0,0,45.99617522700065,48.7592645842877,31.857945899137036,47.22603378362194,0,0,55.0
TLMUSDT,85,0.002563,-3.5505267264924063,-9.40304330862272,0.10828370330265558,-2.735402419779062,3.8613081166272654,-19.88121287902469,0,19.989496582327348,-4.6617558697184585,0.33844115541289915,0.1165208940045324,0.7157990718831588,0.3640370346682841,0,1.3796446759974534,2.5811075374139336,8.095869119741723,18.698247570561435,0.07378470473187922,3.6491181405057067,5.302077990194233,45.41882305365922,51.9440500845741,0,0,0,0,0,45.99617522700065,48.7592645842877,35.60903623959828,47.06441210349882,0,0,55.0
TLMUSDT,86,0.002472,6.432038834951468,0.3236245954692636,0.10828370330265558,-2.735402419779062,0.5818463925523593,-13.867595818815342,0,13.975879522117998,-3.9782170356848474,0.33844115541289915,0.1165208940045324,0.19879609248565397,0.293061789464716,0,1.3796446759974534,2.5811075374139336,7.025452890707001,18.599945411567745,0.07417466263849462,3.6491181405057067,5.302077990194233,51.13459577953052,52.415579113937596,0,0,0,0,0,45.99617522700065,48.7592645842877,35.8056168656431,45.78478292982575,0,0,55.0
TLMUSDT,87,0.002631,-10.338274420372485,-8.095781071835807,0.10828370330265558,-2.735402419779062,2.0922123208058983,2.1747572815534006,0,-2.0664735782507453,0.4099627214707231,0.33844115541289915,0.1165208940045324,1.6626150411827647,0.8885163120270162,0,1.3796446759974534,2.5811075374139336,6.56211416406366,17.093659275292964,0.080710903018383,3.6491181405057067,5.302077990194233,39.618228356692455,50.52353390552795,0,0,0,0,0,45.99617522700065,48.7592645842877,41.47113066791375,48.423447695146855,0,0,55.0
TLMUSDT,88,0.002359,-1.5684612123781323,3.5184400169563452,0.10828370330265558,-2.735402419779062,-0.11459129106187795,-7.959422551697237,0,8.067706254999893,-2.6752831398088803,0.33844115541289915,0.1165208940045324,0.7212059978244083,0.8181475862165725,0,1.3796446759974534,2.5811075374139336,5.929696774845364,18.829238424055145,0.0732714008355696,3.6491181405057067,5.302077990194233,21.675891752754655,49.946420034167716,0,0,0,0,0,45.99617522700065,48.7592645842877,41.6004563510371,44.4388684209216,0,0,55.0
TLMUSDT,89,0.002322,6.80447889750216,5.124892334194668,0.10828370330265558,-2.735402419779062,-7.171314741035858,-6.067961165048542,0,6.176244868351198,-3.9665986556402015,0.33844115541289915,0.1165208940045324,1.1398158870748811,0.843497403687946,0,1.3796446759974534,2.5811075374139336,6.332749542486848,18.230474183293317,0.0756779369601796,3.6491181405057067,5.302077990194233,15.502922225575366,54.30775452504161,0,0,0,0,0,45.99617522700065,48.7592645842877,32.16475309210777,43.909566563858725,0,0,55.0
TLMUSDT,90,0.00248,-2.4999999999999996,-4.1129032258064555,0.10828370330265558,-2.735402419779062,12.123781263247148,-5.739262637780315,0,5.84754634108297,0.9393499772476066,0.33844115541289915,0.1165208940045324,2.3959686629831225,1.4902114602818548,0,1.3796446759974534,2.5811075374139336,6.4465647491447,17.62111444979528,0.07829497276850625,3.6491181405057067,5.302077990194233,18.74623381623715,56.10385636415543,0,0,0,0,0,45.99617522700065,48.7592645842877,50.936022596473094,46.82235901244318,0,0,55.0
TLMUSDT,91,0.002418,0.9925558312655149,-3.2258064516129012,0.10828370330265558,-2.735402419779062,-4.0300276570525355,2.5010597710894458,0,-2.39277606778679,-1.039021650609874,0.33844115541289915,0.1165208940045324,0.2886635677812884,0.4783936757542497,0,1.3796446759974534,2.5811075374139336,6.37919804788191,17.19557869140375,0.08023252376421343,3.6491181405057067,5.302077990194233,19.121833887863353,59.06922673470869,0,0,0,0,0,45.99617522700065,48.7592645842877,42.48340238858145,45.816896919306856,0,0,55.0
TLMUSDT,92,0.002442,-0.04095004095004638,-8.271908271908286,0.10828370330265558,-2.735402419779062,-0.7774140752864124,5.167958656330763,0,-5.059674953028107,0.4408564661419859,0.33844115541289915,0.1165208940045324,0.2338067313123022,0.31705900672263154,0,1.3796446759974534,2.5811075374139336,5.4948856474885215,16.25207150419988,0.08489038924305274,3.6491181405057067,5.302077990194233,17.959824102902154,58.75839932444933,0,0,0,0,0,45.99617522700065,48.7592645842877,43.17671838923063,46.297636682634874,0,0,55.0
TLMUSDT,93,0.002441,-2.580909463334704,-6.677591151167553,0.10828370330265558,-2.735402419779062,1.0774142059058305,-1.5725806451612891,0,1.6808643484639447,-0.7805712889329663,0.33844115541289915,0.1165208940045324,0.9106263467540915,0.544298100103224,0,1.3796446759974534,2.5811075374139336,5.229818080548087,15.761639315629699,0.08753180099923728,3.6491181405057067,5.302077990194233,13.079669785899439,59.675883012644825,0,0,0,0,0,45.99617522700065,48.7592645842877,50.66002962880585,46.279211764504716,0,0,55.0
TLMUSDT,94,0.002378,-1.597981497056343,-6.686291000841036,0.10828370330265558,-2.735402419779062,-5.310093230644509,-1.6542597187758519,0,1.7625434220785074,-2.397867916474192,0.33844115541289915,0.1165208940045324,1.6645155886049063,0.7057574829962643,0,1.3796446759974534,2.5811075374139336,5.2499892246765425,15.531181677366257,0.08883063147783682,3.6491181405057067,5.302077990194233,12.213270736295193,60.84275054454491,0,0,0,0,0,45.99617522700065,48.7592645842877,40.96418216357722,45.062501222528,0,0,55.0
TLMUSDT,95,0.00234,-4.273504273504285,-12.435897435897436,0.10828370330265558,-2.735402419779062,1.2976140644621086,-4.176904176904181,0,4.285187880206836,-1.3766022072296196,0.33844115541289915,0.1165208940045324,1.1636076374297997,1.1863772585781782,0,1.3796446759974534,2.5811075374139336,4.852423373510703,15.498502758672172,0.08901793273066165,3.6491181405057067,5.302077990194233,8.223548668392013,62.97958043452642,0,0,0,0,0,45.99617522700065,48.7592645842877,46.647767315684696,44.305859622130335,0,0,55.0
TLMUSDT,96,0.00224,1.6964285714285838,-8.571428571428568,0.10828370330265558,-2.735402419779062,-3.8429406850459515,-8.234330192544048,0,8.342613895846704,-3.6760973985166014,0.33844115541289915,0.1165208940045324,0.8490203098448844,0.6711109027573364,0,1.3796446759974534,2.5811075374139336,5.298294825315224,15.614300188737484,0.08835776559442504,3.6491181405057067,5.302077990194233,10.200152143147587,64.75035999447408,0,0,0,0,0,45.99617522700065,48.7592645842877,40.702603868432796,42.293305193631745,0,0,55.0
TLMUSDT,97,0.002278,-2.589991220368746,-13.74012291483757,0.10828370330265558,-2.735402419779062,1.159678858162354,-4.205214465937756,0,4.313498169240411,-1.418163581062952,0.33844115541289915,0.1165208940045324,0.42311849671042223,0.5170295116658377,0,1.3796446759974534,2.5811075374139336,4.740962183604058,14.636536482379139,0.09426032433686764,3.6491181405057067,5.302077990194233,14.731785577892214,57.472422997592076,0,0,0,0,0,45.99617522700065,48.7592645842877,40.40798907120963,43.34643520541588,0,0,55.0
TLMUSDT,98,0.002219,-7.661108607480847,-9.824245155475433,0.10828370330265558,-2.735402419779062,0.21958717610892536,-5.170940170940171,0,5.279223874242827,-1.894617927826913,0.33844115541289915,0.1165208940045324,0.5758611501469656,0.46009448245766327,0,1.3796446759974534,2.5811075374139336,4.296610685192978,14.364462479533117,0.09604568761018446,3.6491181405057067,5.302077990194233,12.491455770532877,54.203305262973934,0,0,0,0,0,45.99617522700065,48.7592645842877,42.7344811726182,42.06289910065742,0,0,55.0
TLMUSDT,99,0.002049,-0.048804294777946934,-5.319668130795507,0.10828370330265558,-2.735402419779062,-2.692998204667871,-8.526785714285705,0,8.63506941758836,-3.4617256588574956,0.33844115541289915,0.1165208940045324,1.3020243607790418,1.124297607058536,0,1.3796446759974534,2.5811075374139336,4.111848647558346,15.159717253959837,0.09100728284606228,3.6491181405057067,5.302077990194233,12.68015516583583,55.339937334408376,0,0,0,0,0,45.99617522700065,48.7592645842877,34.8457800139666,38.523257436075966,0,0,55.0
TLMUSDT,100,0.002048,-4.052734374999988,-10.107421874999996,0.10828370330265558,-2.735402419779062,-1.8000947418285098,-10.096575943810366,0,10.204859647113022,-3.6309473505288206,0.33844115541289915,0.1165208940045324,1.0692130191090479,1.2755106936217557,0,1.3796446759974534,2.5811075374139336,4.253214913006547,14.516231462532373,0.0950415181487312,3.6491181405057067,5.302077990194233,15.91802555368081,53.71092742818981,0,0,0,0,0,45.99617522700065,48.7592645842877,32.37723550625114,38.50273223562019,0,0,55.0
TLMUSDT,101,0.001965,1.8320610687022902,1.577608142493627,0.10828370330265558,-2.735402419779062,-1.2059816690786436,-11.446597566471379,0,11.554881269774034,-3.819924488006607,0.33844115541289915,0.1165208940045324,1.0199246503524788,0.7825403498670249,0,1.3796446759974534,2.5811075374139336,3.8579670917207878,14.484919900343943,0.09524696618893239,3.6491181405057067,5.302077990194233,17.346110372621457,45.40752134965357,0,0,0,0,0,45.99617522700065,48.7592645842877,30.888761822253983,36.75242926261319,0,0,55.0
TLMUSDT,102,0.002001,-3.0484757621189438,-7.146426786606702,0.10828370330265558,-2.735402419779062,-1.886792452830202,-2.3426061493411354,0,2.4508898526437912,-1.7141293296619358,0.33844115541289915,0.1165208940045324,0.5034531022882678,0.8141158925722686,0,1.3796446759974534,2.5811075374139336,3.6788872672928075,13.622377341839295,0.10127781967689743,3.6491181405057067,5.302077990194233,21.499988359474077,37.72260955244278,0,0,0,0,0,45.99617522700065,48.7592645842877,28.308667709077326,38.06750080184481,0,0,55.0
TLMUSDT,103,0.00194,-5.1030927835051605,-3.659793814432995,0.10828370330265558,-2.735402419779062,1.9453207150367993,-5.273437499999991,0,5.3817212033026465,-1.4888088753598996,0.33844115541289915,0.1165208940045324,0.4384340459017767,0.7577528632098781,0,1.3796446759974534,2.5811075374139336,3.6994354158094302,13.323229079280768,0.10355182424529258,3.6491181405057067,5.302077990194233,18.448907118489522,35.70779856855439,0,0,0,0,0,45.99617522700065,48.7592645842877,33.65838261491784,36.67595045340486,0,0,55.0
TLMUSDT,104,0.001841,8.419337316675717,0.054318305268882816,0.10828370330265558,-2.735402419779062,-2.003081664098612,-6.310432569974564,0,6.418716273277219,-2.7351582376373957,0.33844115541289915,0.1165208940045324,0.8078899524481447,0.5641577174535513,0,1.3796446759974534,2.5811075374139336,3.3798362174650105,13.50243801425704,0.10217744932735151,3.6491181405057067,5.302077990194233,12.87174967097465,38.76293645633895,0,0,0,0,0,45.99617522700065,48.7592645842877,31.79809876090401,34.473434060459,0,0,55.0
TLMUSDT,105,0.001996,-6.913827655310616,-10.921843687374743,0.10828370330265558,-2.735402419779062,2.3987206823027662,-0.24987506246877708,0,0.3581587657714327,-0.11956827416060434,0.33844115541289915,0.1165208940045324,1.2046424971803495,1.581468416593334,0,1.3796446759974534,2.5811075374139336,3.3025794688155745,12.46614117503628,0.11067135022987082,3.6491181405057067,5.302077990194233,13.825250481366352,38.73669576612513,0,0,0,0,0,45.99617522700065,48.7592645842877,40.77212661601491,40.49831190744935,0,0,55.0
TLMUSDT,106,0.001858,0.5920344456404705,-2.852529601722287,0.10828370330265558,-2.735402419779062,0.261096605744126,-4.226804123711342,0,4.335087827013997,-1.6482065586109056,0.33844115541289915,0.1165208940045324,0.9137793842754693,1.186457843607612,0,1.3796446759974534,2.5811075374139336,3.853632107677365,13.108235860750476,0.10525021754670089,3.6491181405057067,5.302077990194233,9.90900547270137,40.84384985803123,0,0,0,0,0,45.99617522700065,48.7592645842877,42.80473406315936,37.21730023614775,0,0,55.0
TLMUSDT,107,0.001869,-1.444622792937394,1.658640984483681,0.10828370330265558,-2.735402419779062,-3.4846884899683253,1.5209125475285188,0,-1.4126288442258632,-1.1477236647290534,0.33844115541289915,0.1165208940045324,0.662483259848807,0.9427905669401824,0,1.3796446759974534,2.5811075374139336,3.6676000119581795,12.482470724626117,0.11052657013451778,3.6491181405057067,5.302077990194233,10.359566042544563,39.75968472746978,0,0,0,0,0,45.99617522700065,48.7592645842877,35.30155492714634,37.65091020111994,0,0,55.0
TLMUSDT,108,0.001842,-3.4744842562432154,14.983713355048858,0.10828370330265558,-2.735402419779062,0.44198895027624185,-7.71543086172344,0,7.823714565026095,-2.475140156980901,0.33844115541289915,0.1165208940045324,0.5369886748068456,0.5126403123411089,0,1.3796446759974534,2.5811075374139336,3.5152631696640575,12.055475073531904,0.11444133620470069,3.6491181405057067,5.302077990194233,10.626203392612062,41.569563006519694,0,0,0,0,0,45.99617522700065,48.7592645842877,37.61004497475862,36.97586420952772,0,0,55.0
TLMUSDT,109,0.001778,1.518560179977497,12.598425196850382,0.10828370330265558,-2.735402419779062,0.7756232686980679,-4.3057050592034445,0,4.4139887625061,-1.5393001267454458,0.33844115541289915,0.1165208940045324,0.3295478197868811,0.4617804437959467,0,1.3796446759974534,2.5811075374139336,3.105399125101023,11.890583565434474,0.11602834027490745,3.6491181405057067,5.302077990194233,10.568295111821143,44.006615473350344,0,0,0,0,0,45.99617522700065,48.7592645842877,39.51888082800381,35.35762805726145,0,0,55.0
TLMUSDT,110,0.001805,5.263157894736844,8.753462603878113,0.10828370330265558,-2.735402419779062,0.6618863761720946,-3.4242910647405047,0,3.53257476804316,-1.3473808512612042,0.33844115541289915,0.1165208940045324,1.0691473501682136,0.7805155076142479,0,1.3796446759974534,2.5811075374139336,2.9016865222459645,11.196634290916203,0.12321958904353562,3.6491181405057067,5.302077990194233,11.658300036115413,43.64591279323777,0,0,0,0,0,45.99617522700065,48.7592645842877,43.379081066998936,36.61788405558824,0,0,55.0
TLMUSDT,111,0.0019,11.47368421052632,0.1578947368421034,0.10828370330265558,-2.735402419779062,4.649859943977601,3.1487513572204064,0,-3.0404676539177506,1.2928731461804004,0.33844115541289915,0.1165208940045324,3.576880132324148,2.202459519870698,0,1.3796446759974534,2.5811075374139336,3.089037620087467,10.65146705399807,0.12952625858985298,3.6491181405057067,5.302077990194233,6.729873631760405,42.28761295404218,0,0,0,0,0,45.99617522700065,48.7592645842877,51.330714613204556,40.978017739565054,0,0,55.0
TLMUSDT,112,0.002118,-5.476864966949963,-9.159584513692169,0.10828370330265558,-2.735402419779062,-2.116675271037688,19.122609673790777,0,-19.01432597048812,3.5947039215691703,0.33844115541289915,0.1165208940045324,1.105204446059938,2.8707353079603313,0,1.3796446759974534,2.5811075374139336,3.4177324266281,10.211494544508039,0.1351070276720126,3.6491181405057067,5.302077990194233,9.36730183140179,39.19022068684927,0,0,0,0,0,45.99617522700065,48.7592645842877,53.33979193760308,49.553890377558595,0,0,55.0
TLMUSDT,113,0.002002,-1.9480519480519467,-7.6923076923076845,0.10828370330265558,-2.735402419779062,-4.385542168674696,10.91412742382271,0,-10.805843720520055,0.9753666346679022,0.33844115541289915,0.1165208940045324,0.8377802036015338,1.5678850792664463,0,1.3796446759974534,2.5811075374139336,4.647716019424794,10.844986827047395,0.1272149701977157,3.6491181405057067,5.302077990194233,21.071782727954982,35.330447791627336,0,0,0,0,0,45.99617522700065,48.7592645842877,55.880673957351505,45.745033447337946,0,0,55.0
TLMUSDT,114,0.001963,-3.056546102903716,-7.437595517065709,0.10828370330265558,-2.735402419779062,1.2980529206190705,3.3157894736842053,0,-3.20750577038155,0.49668091945671733,0.33844115541289915,0.1165208940045324,1.076910992346846,1.0231732909249067,0,1.3796446759974534,2.5811075374139336,4.557059350500243,10.801674811175879,0.1277250704279686,3.6491181405057067,5.302077990194233,21.836772041734605,31.834399192978697,0,0,0,0,0,45.99617522700065,48.7592645842877,57.96581478208484,44.50643366164064,0,0,55.0
TLMUSDT,115,0.001903,1.1035207566999459,-5.202312138728319,0.10828370330265558,-2.735402419779062,-2.8904665314401505,-10.151085930122763,0,10.259369633425418,-3.91716779450983,0.33844115541289915,0.1165208940045324,0.7039445622331456,0.993628145449432,0,1.3796446759974534,2.5811075374139336,4.801426505416781,11.070788210584686,0.12462027542703662,3.6491181405057067,5.302077990194233,18.062237416665546,28.36449271724074,0,0,0,0,0,45.99617522700065,48.7592645842877,47.82838836184622,42.595599012253686,0,0,55.0
TLMUSDT,116,0.001924,-3.9501039501039448,-10.239085239085234,0.10828370330265558,-2.735402419779062,-0.2658160552897402,-3.8961038961038934,0,4.004387599406549,-1.69725966696751,0.33844115541289915,0.1165208940045324,0.1884683428400723,0.4576056438311704,0,1.3796446759974534,2.5811075374139336,4.34016384842723,10.416551438285362,0.13244735401839985,3.6491181405057067,5.302077990194233,13.94333628795876,25.97313163599176,0,0,0,0,0,45.99617522700065,48.7592645842877,44.78631774812611,43.50976782261863,0,0,55.0
TLMUSDT,117,0.001848,-1.6774891774891771,-6.277056277056277,0.10828370330265558,-2.735402419779062,-0.47194546407971205,-5.8583800305654545,0,5.96666373386811,-2.239361052780393,0.33844115541289915,0.1165208940045324,0.7201087510136425,0.8690563609093038,0,1.3796446759974534,2.5811075374139336,3.991436426621845,10.800818822448727,0.12773519292166635,3.6491181405057067,5.302077990194233,13.569633019054622,22.168157918839633,0,0,0,0,0,45.99617522700065,48.7592645842877,47.19081013231776,40.96706810256164,0,0,55.0
TLMUSDT,118,0.001817,-0.715465052283984,-6.2190423775454065,0.10828370330265558,-2.735402419779062,1.3766519823788583,-4.51918024172359,0,4.627463945026245,-1.4424117439552846,0.33844115541289915,0.1165208940045324,0.6351866569766795,0.35032703280714883,0,1.3796446759974534,2.5811075374139336,3.8419227474228346,10.518864352170306,0.13115908997465092,3.6491181405057067,5.302077990194233,12.103185842509664,18.832328781439703,0,0,0,0,0,45.99617522700065,48.7592645842877,43.02443892690847,39.941727998680854,0,0,55.0
TLMUSDT,119,0.001804,-4.268292682926831,-9.201773835920186,0.10828370330265558,-2.735402419779062,0.05503577325260957,-6.237006237006231,0,6.345289940308886,-2.202272295057507,0.33844115541289915,0.1165208940045324,0.471083341659674,0.6792448639075106,0,1.3796446759974534,2.5811075374139336,3.386971649366815,10.241768089270463,0.134707666095545,3.6491181405057067,5.302077990194233,10.691923331516106,18.688579575822317,0,0,0,0,0,45.99617522700065,48.7592645842877,40.826110522276345,39.495306713910814,0,0,55.0
TLMUSDT,120,0.001727,0.28951939779965336,-4.921829762594094,0.10828370330265558,-2.735402419779062,-4.305177111716625,-6.547619047619048,0,6.655902750921704,-3.36997871895302,0.33844115541289915,0.1165208940045324,0.6377851253510809,0.45824461412146283,0,1.3796446759974534,2.5811075374139336,3.3447005763457023,10.310610688624818,0.13380824062337515,3.6491181405057067,5.302077990194233,10.239687098103676,19.428815510355253,0,0,0,0,0,45.99617522700065,48.7592645842877,34.67011926399857,36.86693303448754,0,0,55.0
TLMUSDT,121,0.001732,-1.6166281755196323,-0.46189376443417884,0.10828370330265558,-2.735402419779062,-1.8212862834376848,-4.678040726472207,0,4.786324429774862,-2.2816114315965743,0.33844115541289915,0.1165208940045324,0.335614845535896,0.2120591990339622,0,1.3796446759974534,2.5811075374139336,3.0055631408219505,9.666097021210648,0.14273027396373653,3.6491181405057067,5.302077990194233,13.358342532022633,20.614654885895114,0,0,0,0,0,45.99617522700065,48.7592645842877,31.892300783385494,37.15937927816018,0,0,55.0
TLMUSDT,122,0.001704,-3.8732394366197234,-0.05868544600938474,0.10828370330265558,-2.735402419779062,-0.5202312138728262,-5.543237250554326,0,5.6515209538569815,-2.17264679522589,0.33844115541289915,0.1165208940045324,0.1715895442951627,0.2701835342646323,0,1.3796446759974534,2.5811075374139336,2.680830533098983,9.50041249704808,0.14521944983190252,3.6491181405057067,5.302077990194233,10.092319182829987,21.533593044552795,0,0,0,0,0,45.99617522700065,48.7592645842877,35.170605256920695,36.149511980170665,0,0,55.0
TLMUSDT,123,0.001638,0.24420024420025013,1.3431013431013492,0.10828370330265558,-2.735402419779062,0.2365464222353566,-5.153445280833822,0,5.261728984136477,-1.8860043937687179,0.33844115541289915,0.1165208940045324,0.6787187121580264,0.6548243083154845,0,1.3796446759974534,2.5811075374139336,2.5594125093050706,9.613341079478854,0.1435135469126874,3.6491181405057067,5.302077990194233,10.434045548617496,23.928137547357814,0,0,0,0,0,45.99617522700065,48.7592645842877,34.01991451202241,33.816609885281366,0,0,55.0
TLMUSDT,124,0.001642,4.993909866017055,0.9744214372716173,0.10828370330265558,-2.735402419779062,-2.9994001199760123,-5.196304849884528,0,5.304588553187183,-2.7057059215842365,0.33844115541289915,0.1165208940045324,0.664736621539259,0.61868535757375,0,1.3796446759974534,2.5811075374139336,2.500352072073503,9.131132980094952,0.1510923867832124,3.6491181405057067,5.302077990194233,12.456223621643236,26.057175407013496,0,0,0,0,0,45.99617522700065,48.7592645842877,25.414524073766614,34.09420919959874,0,0,55.0
TLMUSDT,125,0.001724,-1.2180974477958217,-4.234338747099777,0.10828370330265558,-2.735402419779062,2.853673345476621,1.1737089201877966,0,-1.065425216885141,0.35006588729700283,0.33844115541289915,0.1165208940045324,2.7657896575308745,1.529368100196595,0,1.3796446759974534,2.5811075374139336,2.4411070710158347,8.456793362326268,0.16314040285571613,3.6491181405057067,5.302077990194233,9.8412640262062,25.667566091296568,0,0,0,0,0,45.99617522700065,48.7592645842877,44.925731281440164,39.679818608738174,0,0,55.0
TLMUSDT,126,0.001703,-2.524955960070468,-1.4679976512037618,0.10828370330265558,-2.735402419779062,4.073199527744985,3.968253968253979,0,-3.8599702649513237,1.3535836948806395,0.33844115541289915,0.1165208940045324,0.9545794286221195,1.7659588959599348,0,1.3796446759974534,2.5811075374139336,2.6562327269286583,8.490632196814712,0.16249021792688553,3.6491181405057067,5.302077990194233,10.508935053918375,26.428098198722044,0,0,0,0,0,45.99617522700065,48.7592645842877,57.09188211676925,38.77351790045499,0,0,55.0
TLMUSDT,127,0.00166,-0.12048192771084631,0.9638554216867443,0.10828370330265558,-2.735402419779062,-1.4067995310668318,1.0962241169305726,0,-0.9879404136279171,-0.7344235326531664,0.33844115541289915,0.1165208940045324,0.7316910747420968,0.7258509604733614,0,1.3796446759974534,2.5811075374139336,2.6360740359410726,8.316441747215187,0.16589362589588705,3.6491181405057067,5.302077990194233,9.34808619601086,27.566939083085906,0,0,0,0,0,45.99617522700065,48.7592645842877,43.176856709972824,36.914296614145016,0,0,55.0
TLMUSDT,128,0.001658,-0.4221954161640568,0.0,0.10828370330265558,-2.735402419779062,-0.300480769230757,-3.828306264501165,0,3.9365899678038208,-1.6889764375520822,0.33844115541289915,0.1165208940045324,0.7107411556685249,0.6998832754884594,0,1.3796446759974534,2.5811075374139336,2.4400206515748595,7.912666418443207,0.17435900909227187,3.6491181405057067,5.302077990194233,9.431017277964783,28.626089936622375,0,0,0,0,0,45.99617522700065,48.7592645842877,41.09351765483828,36.825847223055575,0,0,55.0
TLMUSDT,129,0.001651,1.6353725015142409,-1.0902483343428229,0.10828370330265558,-2.735402419779062,-0.29832935560859264,-3.053435114503827,0,3.1617188178064826,-1.4947207966472065,0.33844115541289915,0.1165208940045324,0.8136346750796672,1.3762999901438946,0,1.3796446759974534,2.5811075374139336,2.3381030035260366,7.837224711565498,0.1760374018575087,3.6491181405057067,5.302077990194233,8.45135192319562,29.642613759315218,0,0,0,0,0,45.99617522700065,48.7592645842877,46.07209981289698,36.49623670465168,0,0,55.0
TLMUSDT,130,0.001678,-0.11918951132300648,-1.4898688915375486,0.10828370330265558,-2.735402419779062,-0.3586371787208565,1.0843373493975905,0,-0.976053646094935,-0.47535463644991816,0.33844115541289915,0.1165208940045324,0.8674160968226873,1.8448009981836788,0,1.3796446759974534,2.5811075374139336,2.457872756441132,7.815867273298581,0.17651843714270152,3.6491181405057067,5.302077990194233,8.388384566169112,30.291626646373064,0,0,0,0,0,45.99617522700065,48.7592645842877,46.59722280323317,38.77261498935983,0,0,55.0
TLMUSDT,131,0.001676,-1.073985680190931,-5.190930787589503,0.10828370330265558,-2.735402419779062,-0.3575685339690065,1.0856453558504224,0,-0.9773616525477669,-0.4747604736487476,0.33844115541289915,0.1165208940045324,0.7716943471830935,0.8821119538495168,0,1.3796446759974534,2.5811075374139336,2.5844033696885336,7.462296654438086,0.18488204635726066,3.6491181405057067,5.302077990194233,4.25324923323005,30.411675552415186,0,0,0,0,0,45.99617522700065,48.7592645842877,47.6863824676366,38.66205935791631,0,0,55.0
TLMUSDT,132,0.001658,-1.5078407720144793,-6.755126658624844,0.10828370330265558,-2.735402419779062,1.017354877318976,0.4239854633555458,0,-0.31570176005289025,-0.2964445939504712,0.33844115541289915,0.1165208940045324,1.0650233175947132,0.8781983554188337,0,1.3796446759974534,2.5811075374139336,2.562743188327671,7.310379093007799,0.18872409466658852,3.6491181405057067,5.302077990194233,3.1979872034862447,25.701322122170257,0,0,0,0,0,45.99617522700065,48.7592645842877,52.12589637822658,37.62231054438818,0,0,55.0
TLMUSDT,133,0.001633,1.2247397428046571,-4.898958971218616,0.10828370330265558,-2.735402419779062,-2.1071643588199804,-2.6817640047675875,0,2.790047708070243,-1.8540117700159937,0.33844115541289915,0.1165208940045324,0.676806268115455,0.7160941868801601,0,1.3796446759974534,2.5811075374139336,2.4152747997305117,7.093338770478966,0.19449863042482252,3.6491181405057067,5.302077990194233,3.7425286773323614,23.14109732118225,0,0,0,0,0,45.99617522700065,48.7592645842877,38.540578590554745,36.16747524500164,0,0,55.0
TLMUSDT,134,0.001653,-3.8717483363581393,-7.138535995160318,0.10828370330265558,-2.735402419779062,1.2307692307692342,-1.3723150357995237,0,1.4805987391021793,-0.692166130376674,0.33844115541289915,0.1165208940045324,0.28651913074258023,0.36865790748316474,0,1.3796446759974534,2.5811075374139336,2.1921782043164284,6.73599899570037,0.20481663920646206,3.6491181405057067,5.302077990194233,4.752317634983213,20.338862063208577,0,0,0,0,0,45.99617522700065,48.7592645842877,45.953567821719474,38.22550770925231,0,0,55.0
TLMUSDT,135,0.001589,-2.7061044682189963,-6.985525487728131,0.10828370330265558,-2.735402419779062,-2.536231884057967,-4.161640530759955,0,4.269924234062611,-2.3312477828235822,0.33844115541289915,0.1165208940045324,0.8366253268538045,0.8245502305189106,0,1.3796446759974534,2.5811075374139336,2.131596293549483,6.947311085975243,0.19858685740769344,3.6491181405057067,5.302077990194233,5.130550394414558,19.124106644970784,0,0,0,0,0,45.99617522700065,48.7592645842877,39.133689352516505,34.40305698648572,0,0,55.0
TLMUSDT,136,0.001546,0.45278137128071444,-1.6170763260025915,0.10828370330265558,-2.735402419779062,-4.117280099812856,-5.3276178812002355,0,5.435901584502891,-3.0180041743723747,0.33844115541289915,0.1165208940045324,1.173948741032481,1.1482385703470188,0,1.3796446759974534,2.5811075374139336,2.183583811052821,6.912336218027655,0.19959166228044345,3.6491181405057067,5.302077990194233,9.31369886998382,17.09268858620877,0,0,0,0,0,45.99617522700065,48.7592645842877,26.847051739723597,32.081813451693876,0,0,55.0
TLMUSDT,137,0.001553,-1.1590470057952353,-2.253702511268505,0.10828370330265558,-2.735402419779062,-1.4829142488716966,-6.0496067755595915,0,6.157890478862247,-2.5399099352269237,0.33844115541289915,0.1165208940045324,0.5332847986281961,1.3643716400333314,0,1.3796446759974534,2.5811075374139336,2.0153344585411515,6.771416305304012,0.20374536342076408,3.6491181405057067,5.302077990194233,11.619720349426785,16.19224212410096,0,0,0,0,0,45.99617522700065,48.7592645842877,28.12055712723378,32.87580707956157,0,0,55.0
TLMUSDT,138,0.001535,-3.7133550488599334,-1.107491856677516,0.10828370330265558,-2.735402419779062,0.0,-3.3983637507866593,0,3.5066474540893147,-1.5063706168157665,0.33844115541289915,0.1165208940045324,0.7398108721311707,0.585186036244355,0,1.3796446759974534,2.5811075374139336,2.107798872607899,6.580182586681374,0.20966662517692514,3.6491181405057067,5.302077990194233,11.424296840922182,15.780568339314508,0,0,0,0,0,45.99617522700065,48.7592645842877,35.16424093907713,31.844875968699398,0,0,55.0
TLMUSDT,139,0.001478,2.909336941813266,4.194857916102841,0.10828370330265558,-2.735402419779062,-1.560468140442142,-4.398447606727046,0,4.506731310029702,-2.1465086159113986,0.33844115541289915,0.1165208940045324,0.23342198197021571,0.6148299609183385,0,1.3796446759974534,2.5811075374139336,1.9165286003556805,6.655110357492114,0.20730605532999058,3.6491181405057067,5.302077990194233,11.310993502666927,16.47742625427224,0,0,0,0,0,45.99617522700065,48.7592645842877,30.16557085011965,28.768384398369648,0,0,55.0
TLMUSDT,140,0.001521,-0.197238658777118,-3.3530571992110487,0.10828370330265558,-2.735402419779062,0.935203740814957,-2.0605280103026344,0,2.1688117136052902,-0.938110746491021,0.33844115541289915,0.1165208940045324,0.42122676859707786,0.7012676503526928,0,1.3796446759974534,2.5811075374139336,2.0847171357549925,6.371338894000821,0.21653920768466908,3.6491181405057067,5.302077990194233,7.22981216599301,17.050813824392755,0,0,0,0,0,45.99617522700065,48.7592645842877,38.271485295024526,33.95223611083094,0,0,55.0
TLMUSDT,141,0.001518,0.0,-8.300395256916998,0.10828370330265558,-2.735402419779062,-0.39241334205362516,-1.107491856677516,0,1.2157755599801716,-1.031755978801887,0.33844115541289915,0.1165208940045324,0.4171866370077703,0.5948833192181591,0,1.3796446759974534,2.5811075374139336,2.065457016410335,6.13497477654236,0.2248818823628504,3.6491181405057067,5.302077990194233,5.0631919018951015,17.210762268910987,0,0,0,0,0,45.99617522700065,48.7592645842877,43.632364545776326,33.767599658078026,0,0,55.0
TLMUSDT,142,0.001518,1.449275362318833,-12.12121212121213,0.10828370330265558,-2.735402419779062,1.5131578947368431,2.7063599458728085,0,-2.598076242570153,0.3980997810333113,0.33844115541289915,0.1165208940045324,1.7730534832461915,1.0627149753052938,0,1.3796446759974534,2.5811075374139336,2.2080442165454257,6.012026738202848,0.22948079509205,3.6491181405057067,5.302077990194233,5.431489606096911,17.482975850571126,0,0,0,0,0,45.99617522700065,48.7592645842877,49.4780544372243,33.767599658078026,0,0,55.0
TLMUSDT,143,0.00154,-4.545454545454543,-14.480519480519474,0.10828370330265558,-2.735402419779062,0.06430868167203425,1.2491781722550899,0,-1.1408944689524343,-0.32840796563732055,0.33844115541289915,0.1165208940045324,3.949024339298462,1.896553065839567,0,1.3796446759974534,2.5811075374139336,2.4083490308519298,5.9017317092622905,0.23376946699088552,3.6491181405057067,5.302077990194233,5.607706231332947,17.8818559295088,0,0,0,0,0,45.99617522700065,48.7592645842877,52.2269037119635,36.69548808463674,0,0,55.0
TLMUSDT,144,0.00147,-5.306122448979588,-8.095238095238093,0.10828370330265558,-2.735402419779062,-4.615384615384617,-3.1620553359683847,0,3.2703390392710405,-2.601139666957352,0.33844115541289915,0.1165208940045324,0.8670343375442264,1.0474913781362485,0,1.3796446759974534,2.5811075374139336,2.56975344927216,6.090994597639994,0.2265056476214916,3.6491181405057067,5.302077990194233,6.438943964983626,19.31864961623503,0,0,0,0,0,45.99617522700065,48.7592645842877,39.22894172243419,31.868215566908802,0,0,55.0
TLMUSDT,145,0.001392,-4.166666666666675,-4.382183908045982,0.10828370330265558,-2.735402419779062,-3.8617886178861918,-8.300395256916998,0,8.408678960219653,-3.6973256478198993,0.33844115541289915,0.1165208940045324,0.8107542640258062,0.7501441038347988,0,1.3796446759974534,2.5811075374139336,2.513264815550952,6.419278877303995,0.214922065603868,3.6491181405057067,5.302077990194233,9.989048749357762,21.180741813611885,0,0,0,0,0,45.99617522700065,48.7592645842877,29.24614488043065,27.523390231835506,0,0,55.0
TLMUSDT,146,0.001334,-1.2743628185906952,4.047976011994004,0.10828370330265558,-2.735402419779062,-2.0086083213773334,-13.376623376623378,0,13.484907079926034,-4.50308760361928,0.33844115541289915,0.1165208940045324,0.6075097735439645,0.7906621465761395,0,1.3796446759974534,2.5811075374139336,2.5407061191117193,6.546544793515372,0.21074394501417748,3.6491181405057067,5.302077990194233,17.926887528223357,24.274033907280202,0,0,0,0,0,45.99617522700065,48.7592645842877,24.223638720695476,24.814236964486625,0,0,55.0
TLMUSDT,147,0.001317,2.581624905087317,34.16856492027334,0.10828370330265558,-2.735402419779062,-2.446256486286141,-10.408163265306118,0,10.516446968608774,-3.8703846170171667,0.33844115541289915,0.1165208940045324,0.9144753360268664,1.3349318517284985,0,1.3796446759974534,2.5811075374139336,2.4262927586138185,6.504511324934568,0.2121058150377395,3.6491181405057067,5.302077990194233,23.54182439074049,27.456896934098918,0,0,0,0,0,45.99617522700065,48.7592645842877,19.50857833926341,24.066497756338705,0,0,55.0
TLMUSDT,148,0.001351,-1.4803849000740232,14.137675795706883,0.10828370330265558,-2.735402419779062,-1.754385964912282,-2.9454022988505764,0,3.053686002153232,-1.8317267450598163,0.33844115541289915,0.1165208940045324,0.9730136181572665,1.9088275338492773,0,1.3796446759974534,2.5811075374139336,2.4456442774001936,6.638666511272325,0.20781954834677174,3.6491181405057067,5.302077990194233,23.701685033964047,28.979200895604052,0,0,0,0,0,45.99617522700065,48.7592645842877,18.46321318659237,28.694433717394745,0,0,55.0
TLMUSDT,149,0.001331,4.282494365138992,60.40570999248688,0.10828370330265558,-2.735402419779062,3.1297709923664137,-0.2248875562218864,0,0.33317125952454196,0.0694411799170302,0.33844115541289915,0.1165208940045324,1.5977467645220014,1.300650419636237,0,1.3796446759974534,2.5811075374139336,2.9554453222980337,6.63276268849822,0.20800452854884674,3.6491181405057067,5.302077990194233,16.177588661924478,30.463950620475337,0,0,0,0,0,45.99617522700065,48.7592645842877,40.802988045143756,27.627751127090008,0,0,55.0
TLMUSDT,150,0.001388,27.305475504322768,52.44956772334294,0.10828370330265558,-2.735402419779062,-2.7128862094951023,5.391040242976453,0,-5.282756539673797,0.012758829251235948,0.33844115541289915,0.1165208940045324,0.5446406663550769,1.3110687882437848,0,1.3796446759974534,2.5811075374139336,2.931321423884635,6.714012597729761,0.20548735289295686,3.6491181405057067,5.302077990194233,9.014006513512927,29.88453063220729,0,0,0,0,0,45.99617522700065,48.7592645842877,31.546597500726378,35.03943497153108,0,0,55.0
TLMUSDT,151,0.001767,-12.733446519524616,35.200905489530285,0.10828370330265558,-2.735402419779062,4.740061162079511,30.792005921539594,0,-30.683722218236937,8.226237091785675,0.33844115541289915,0.1165208940045324,0.9051706883118986,4.062977990961175,0,1.3796446759974534,2.5811075374139336,3.717311736425814,6.772885573346099,0.20370116415769435,3.6491181405057067,5.302077990194233,7.755047784241037,32.07267562292188,0,0,0,1,0,45.99617522700065,48.7592645842877,50.85350625200471,62.52247454174115,0,0,55.0
TLMUSDT,152,0.001542,38.45654993514917,71.40077821011673,0.10828370330265558,-2.735402419779062,-7.3630136986301356,15.852742299023296,0,-15.74445859572064,1.4656524709791885,0.33844115541289915,0.1165208940045324,1.245525617785505,1.4239030785446463,0,1.3796446759974534,2.5811075374139336,5.1747633984556,8.313875973009694,0.16594482290526766,3.6491181405057067,5.302077990194233,44.4117611790049,30.909816668344735,0,0,0,0,0,45.99617522700065,48.7592645842877,63.29935471348895,49.211506973529175,0,0,55.0
TLMUSDT,153,0.002135,-0.8899297423887752,4.543325526932077,0.10828370330265558,-2.735402419779062,8.673469387755105,53.81844380403461,0,-53.710160100731954,14.966198618828326,0.33844115541289915,0.1165208940045324,2.0679213460442103,2.9341073962970836,0,1.3796446759974534,2.5811075374139336,5.2890912878571275,7.67346797440456,0.17979415312598734,3.6491181405057067,5.302077990194233,45.16238063097671,47.0433953561623,0,0,0,1,0,45.99617522700065,48.7592645842877,65.57108982761406,68.34166056099951,0,0,55.0
TLMUSDT,154,0.002116,12.90170132325143,1.2287334593572772,0.10828370330265558,-2.735402419779062,14.403778040141683,19.75099037917374,0,-19.642706675871082,7.8819124257097535,0.33844115541289915,0.1165208940045324,1.3028117753455708,2.582768087230235,0,1.3796446759974534,2.5811075374139336,6.816570594514909,8.310056158169006,0.16602110139065981,3.6491181405057067,5.302077990194233,63.94725245721789,56.812451968470924,0,0,0,1,0,45.99617522700065,48.7592645842877,65.54250048804629,67.46483304341344,0,0,55.0
TLMUSDT,155,0.002389,10.632063624947671,-16.492256174131445,0.10828370330265558,-2.735402419779062,16.751787538304377,54.92866407263295,0,-54.820380369330294,17.26333322361523,0.33844115541289915,0.1165208940045324,1.034310563990239,2.528140071451126,0,1.3796446759974534,2.5811075374139336,7.134587688535383,8.329636572352838,0.16563083683346716,3.6491181405057067,5.302077990194233,71.85415515395567,72.18951567587042,0,0,0,1,0,45.99617522700065,48.7592645842877,69.23610471864485,72.85406812451728,0,0,55.0
TLMUSDT,156,0.002643,-15.550510783200904,-26.825576995838063,0.10828370330265558,-2.735402419779062,4.954204829308899,23.79391100702575,0,-23.68562730372309,6.53024927996456,0.33844115541289915,0.1165208940045324,0.6839651167179553,1.7442144223000315,0,1.3796446759974534,2.5811075374139336,7.449453043111172,8.118305038310417,0.16994245344156042,3.6491181405057067,5.302077990194233,69.8341922931528,89.41083240836612,0,0,0,1,0,45.99617522700065,48.7592645842877,70.68350757454155,76.71815769350432,0,0,55.0
TLMUSDT,157,0.002232,-4.03225806451614,-13.306451612903222,0.10828370330265558,-2.735402419779062,-8.93066980023503,5.482041587901712,0,-5.373757884599057,-1.5189367322024312,0.33844115541289915,0.1165208940045324,0.6665483996975456,0.9414821342882548,0,1.3796446759974534,2.5811075374139336,8.395193885459866,10.440247145779173,0.1321467448742554,3.6491181405057067,5.302077990194233,67.88087778289045,92.61428102339121,0,0,0,0,0,45.99617522700065,48.7592645842877,58.4934892879237,61.470532896900316,0,0,55.0
TLMUSDT,158,0.002142,-6.862745098039216,-11.531279178337995,0.10828370330265558,-2.735402419779062,-2.2993688007213633,-10.339053997488499,0,10.447337700791154,-3.8163853786715674,0.33844115541289915,0.1165208940045324,0.27246420348377803,0.5444732422510508,0,1.3796446759974534,2.5811075374139336,8.140797154874445,10.892163904959602,0.12666396576801883,3.6491181405057067,5.302077990194233,41.9575415664604,93.63210207688792,0,0,0,0,0,45.99617522700065,48.7592645842877,52.04714462890387,58.7184350248034,0,0,55.0
TLMUSDT,159,0.001995,-3.057644110275682,-9.273182957393477,0.10828370330265558,-2.735402419779062,7.8558225508317925,-24.51759364358684,0,24.625877346889496,-4.822222452307863,0.33844115541289915,0.1165208940045324,1.0608150085082686,1.087226309467936,0,1.3796446759974534,2.5811075374139336,7.445100948726149,12.506380096580921,0.11031526831450053,3.6491181405057067,5.302077990194233,30.010759517919862,92.4940350023041,0,0,0,0,0,45.99617522700065,48.7592645842877,57.48415529337947,54.43186777021647,0,0,55.0
TLMUSDT,160,0.001934,0.05170630816960356,-8.169596690796274,0.10828370330265558,-2.735402419779062,-9.422632794457265,-13.351254480286743,0,13.459538183589398,-6.350251497805104,0.33844115541289915,0.1165208940045324,0.9558955061081623,0.9123669141041137,0,1.3796446759974534,2.5811075374139336,8.597983443851117,12.673695073305739,0.10885891352265226,3.6491181405057067,5.302077990194233,35.35901954715683,91.22908768735488,0,0,0,0,0,45.99617522700065,48.7592645842877,43.683707543849046,52.71220404935576,0,0,55.0
TLMUSDT,161,0.001935,-2.067183462532305,-9.974160206718349,0.10828370330265558,-2.735402419779062,-5.35183349851337,-9.663865546218474,0,9.77214924952113,-4.410704440302062,0.33844115541289915,0.1165208940045324,0.9882519599223369,0.5545807291747135,0,1.3796446759974534,2.5811075374139336,8.04461923968212,12.316059118975742,0.11201997836075593,3.6491181405057067,5.302077990194233,38.23937673452467,89.72471332222625,0,0,0,0,0,45.99617522700065,48.7592645842877,42.54961191581774,52.7385644526086,0,0,55.0
TLMUSDT,162,0.001895,-4.485488126649076,-13.667546174142476,0.10828370330265558,-2.735402419779062,-0.8799171842650038,-5.012531328320794,0,5.120815031623449,-2.129891807265551,0.33844115541289915,0.1165208940045324,0.3229909781522243,0.33945450354090245,0,1.3796446759974534,2.5811075374139336,6.694451818102766,11.986824995772139,0.11509675635408596,3.6491181405057067,5.302077990194233,29.62064446588065,87.96874583683903,0,0,0,0,0,45.99617522700065,48.7592645842877,43.320145160967634,51.50184709247605,0,0,55.0
TLMUSDT,163,0.00181,-1.878453038674031,-7.4585635359115985,0.10828370330265558,-2.735402419779062,-4.469854469854466,-6.411582213029988,0,6.519865916332644,-3.3771388498402155,0.33844115541289915,0.1165208940045324,0.550192978013497,0.31736433146324555,0,1.3796446759974534,2.5811075374139336,5.863134371543417,12.08348199569245,0.11417608570851288,3.6491181405057067,5.302077990194233,29.975247352654527,86.36423416072095,0,0,0,0,0,45.99617522700065,48.7592645842877,39.52605652020932,48.87879874858578,0,0,55.0
TLMUSDT,164,0.001776,-1.9144144144144122,1.4076576576576614,0.10828370330265558,-2.735402419779062,-2.643171806167394,-8.217054263565894,0,8.325337966868549,-3.3718361965524233,0.33844115541289915,0.1165208940045324,0.5357608434146733,0.25091372712366544,0,1.3796446759974534,2.5811075374139336,5.239165387760688,11.74084344267388,0.11750814008667598,3.6491181405057067,5.302077990194233,18.3427898427589,83.98039392483281,0,0,0,0,0,45.99617522700065,48.7592645842877,35.779173211360444,47.82944124618767,0,0,55.0
TLMUSDT,165,0.001742,-6.0849598163030985,-1.2629161882893285,0.10828370330265558,-2.735402419779062,0.39303761931499503,-8.073878627968334,0,8.18216233127099,-2.5769899312824363,0.33844115541289915,0.1165208940045324,1.1084447164501525,0.40448549780353027,0,1.3796446759974534,2.5811075374139336,4.655024062890824,11.541438141891689,0.11953836766579282,3.6491181405057067,5.302077990194233,15.464962103631938,80.52045950924447,0,0,0,0,0,45.99617522700065,48.7592645842877,38.707638114204634,46.74861378964127,0,0,55.0
TLMUSDT,166,0.001636,2.383863080684595,4.951100244498772,0.10828370330265558,-2.735402419779062,-6.6853932584269655,-9.613259668508281,0,9.721543371810936,-4.7314429108529135,0.33844115541289915,0.1165208940045324,0.9458067491750278,0.5203655039244316,0,1.3796446759974534,2.5811075374139336,4.649973231999241,11.917892427579428,0.11576247095541747,3.6491181405057067,5.302077990194233,16.860409993082985,76.61864007191421,0,0,0,0,0,45.99617522700065,48.7592645842877,30.12255571252865,43.45189845090175,0,0,55.0
TLMUSDT,167,0.001675,7.522388059701495,-3.044776119402988,0.10828370330265558,-2.735402419779062,-2.1109770808202577,-5.6869369369369345,0,5.79522064023959,-2.6062581835583996,0.33844115541289915,0.1165208940045324,0.6564073357141945,0.44829255934715856,0,1.3796446759974534,2.5811075374139336,4.012549097380667,11.205532458411911,0.12312174197146378,3.6491181405057067,5.302077990194233,19.649421610084122,71.82628770185508,0,0,0,0,0,45.99617522700065,48.7592645842877,27.729614257322197,44.989010728207205,0,0,55.0
TLMUSDT,168,0.001801,-4.497501388117719,-7.1626873958911705,0.10828370330265558,-2.735402419779062,11.270236612702362,3.3869115958668212,0,-3.278627892564166,3.007507373023194,0.33844115541289915,0.1165208940045324,1.5886998755398483,1.4307654636151752,0,1.3796446759974534,2.5811075374139336,3.884679986272558,10.851133072178921,0.12714291372342548,3.6491181405057067,5.302077990194233,16.259982661177315,66.49231462243456,0,0,0,0,0,45.99617522700065,48.7592645842877,51.1899533931029,49.74216549507671,0,0,55.0
TLMUSDT,169,0.00172,-0.17441860465116074,5.11627906976744,0.10828370330265558,-2.735402419779062,-8.808290155440416,5.134474327628354,0,-5.026190624325698,-1.575233636072117,0.33844115541289915,0.1165208940045324,0.8811304998781482,0.48937785362000996,0,1.3796446759974534,2.5811075374139336,4.497261538044812,11.161029012413834,0.12361267715216456,3.6491181405057067,5.302077990194233,18.637740985432547,60.73420404344127,0,0,0,0,0,45.99617522700065,48.7592645842877,47.750689256548384,46.93463121669122,0,0,55.0
TLMUSDT,170,0.001717,-5.41642399534071,2.795573675014565,0.10828370330265558,-2.735402419779062,-2.6666666666666687,2.5074626865671603,0,-2.3991789832645045,-0.6965806741439787,0.33844115541289915,0.1165208940045324,0.41425331897260786,0.46367405750623336,0,1.3796446759974534,2.5811075374139336,4.244803025712376,10.777128243513326,0.12801598392668764,3.6491181405057067,5.302077990194233,17.9653155787671,55.71437851033867,0,0,0,0,0,45.99617522700065,48.7592645842877,41.54949995548238,46.8292075523994,0,0,55.0
TLMUSDT,171,0.001624,2.955665024630547,11.022167487684722,0.10828370330265558,-2.735402419779062,1.951507983441753,-9.827873403664634,0,9.93615710696729,-2.625871034174822,0.33844115541289915,0.1165208940045324,0.4076034927851432,0.6688174551893734,0,1.3796446759974534,2.5811075374139336,4.1553983281141775,11.310533054339414,0.12197874930997502,3.6491181405057067,5.302077990194233,17.491457866589595,57.18537178339981,0,0,0,0,0,45.99617522700065,48.7592645842877,46.83280784022197,43.56254468699328,0,0,55.0
TLMUSDT,172,0.001672,8.133971291866018,7.177033492822959,0.10828370330265558,-2.735402419779062,8.674404398289553,-2.790697674418597,0,2.8989813777212525,0.8141470018486374,0.33844115541289915,0.1165208940045324,2.989334917271781,1.3199101403557745,0,1.3796446759974534,2.5811075374139336,4.459185484408838,11.166608588654038,0.12355091208258678,3.6491181405057067,5.302077990194233,16.99305216879729,55.406013036406534,0,0,0,0,0,45.99617522700065,48.7592645842877,53.9662378904304,45.669121065239594,0,0,55.0
TLMUSDT,173,0.001808,-2.3783185840707883,2.3230088495575307,0.10828370330265558,-2.735402419779062,13.68233194527067,5.299941758881767,0,-5.191658055579111,4.088788746919008,0.33844115541289915,0.1165208940045324,3.614273071498012,3.0325831734311497,0,1.3796446759974534,2.5811075374139336,5.428300566201502,11.157451180585658,0.12365231571867254,3.6491181405057067,5.302077990194233,22.914786916920885,55.233359941433235,0,0,0,0,0,45.99617522700065,48.7592645842877,58.50086932390729,51.224272429525826,0,0,55.0
TLMUSDT,174,0.001765,2.1529745042492823,6.458923512747871,0.10828370330265558,-2.735402419779062,-5.602536997885834,8.68226600985222,0,-8.573982306549565,0.11315257387249478,0.33844115541289915,0.1165208940045324,0.4188444718059695,0.8130704838044521,0,1.3796446759974534,2.5811075374139336,5.43156870866577,11.058062830776418,0.12476368574771289,3.6491181405057067,5.302077990194233,22.376404207625754,55.235267374783234,0,0,0,0,0,45.99617522700065,48.7592645842877,50.75542330920185,49.5009101584559,0,0,55.0
TLMUSDT,175,0.001803,-0.6100942872989431,2.6067665002773253,0.10828370330265558,-2.735402419779062,5.546218487394965,7.834928229665062,0,-7.726644526362406,2.688507000145905,0.33844115541289915,0.1165208940045324,0.6901017030017301,0.6735480693764048,0,1.3796446759974534,2.5811075374139336,4.642794781140083,10.661883038276084,0.12939971964094324,3.6491181405057067,5.302077990194233,22.228407130525582,50.67970653490288,0,0,0,0,0,45.99617522700065,48.7592645842877,57.293798640982324,51.06764927530403,0,0,55.0
RESOLVUSDT,50,0.0207,-2.8985507246376807,1.4492753623188486,1.0288065843621514,-0.5050505050505195,-1.4150943396226494,-6.756756756756762,0,7.785563341118914,-1.912023754266945,1.155317342387601,1.0908747193210724,0.7339317199991929,0.8948813077575889,0,0.5120470106989026,1.157647057773414,3.599248924377959,6.1561516992007626,0.08317647707826634,1.4078314046217308,3.859241127530343,8.368229108805643,24.30280168674635,0,0,0,0,0,56.74253724786738,43.897257406282776,50.367713809825155,52.176754993929634,0,0,55.0
RESOLVUSDT,51,0.0201,1.9900497512437862,4.477611940298515,1.0288065843621514,0.51546391752577,-0.9615384615384557,-8.636363636363633,0,9.665170220725784,-2.013407899003542,1.155317342387601,0.972913973473784,1.2876008843081561,0.915794944511685,0,0.5120470106989026,1.0777553066863181,3.2844972870570457,6.277968806876066,0.08156252865386544,1.4078314046217308,2.324569673317502,9.475560490706068,24.08033584838001,0,0,0,0,0,56.74253724786738,45.23642560953968,47.06048318218405,48.22119967941979,0,0,55.0
RESOLVUSDT,52,0.0205,-0.975609756097572,6.829268292682919,1.0288065843621514,0.0,-2.4390243902439046,-4.205607476635505,0,5.234414060997656,-1.4039563206293146,1.155317342387601,0.9620601188768627,1.2426962822387455,0.906476436687795,0,0.5120470106989026,1.0411545153421449,3.1944185450360623,5.959697732532112,0.08591828540293232,1.4078314046217308,4.354844789748538,12.961291577195091,24.189465650762013,0,0,0,0,0,56.74253724786738,53.0584422686774,39.78329285053043,50.89395252167101,0,0,55.0
RESOLVUSDT,53,0.0203,3.4482758620689795,4.43349753694582,1.0288065843621514,-0.49751243781094223,0.9900990099010014,-1.9323671497584591,0,2.9611737341206106,-0.10274349832656215,1.155317342387601,0.9416480971867356,0.854380931519999,0.7505487445946967,0,0.5120470106989026,1.0279830542791257,2.7291857575881124,5.799646184798761,0.08828935324382547,1.4078314046217308,2.4057997775625206,11.37863346116037,24.22007286031053,0,0,0,0,0,56.74253724786738,54.85509515605468,46.76401152946569,49.517626492038126,0,0,55.0
RESOLVUSDT,54,0.021,0.0,-0.9523809523809631,1.0288065843621514,-2.385786802030448,-1.477832512315262,4.477611940298515,0,-3.4488053559363636,0.41069980257873917,1.155317342387601,1.234311573665626,0.9631208278100373,0.8347242633466887,0,0.5120470106989026,1.1490347625879935,2.62553987689826,5.682063361116983,0.0901163852207104,1.4078314046217308,4.902026394766821,8.139655338487035,24.59456054493387,0,0,0,0,0,56.74253724786738,30.390234761974042,40.36478304347545,54.18737066608707,0,0,55.0
RESOLVUSDT,55,0.021,4.285714285714276,-1.9047619047619098,1.0288065843621514,0.36420395421436325,5.940594059405939,2.4390243902439046,1,-1.4102178058817532,2.4431572470565897,1.155317342387601,0.5210693287408437,0.9524709178028097,0.8497828446092426,0,0.5120470106989026,0.9361276655283061,2.6052239824160885,5.548310536003184,0.09228881609567657,1.4078314046217308,2.957303396384713,7.40336118426473,24.90571520572916,0,0,1,0,0,56.74253724786738,45.730375721894404,63.588566947354835,54.18737066608707,0,0,75.0
RESOLVUSDT,56,0.0219,-3.196347031963467,-5.479452054794519,1.0288065843621514,-0.1545595054095764,6.6985645933014455,7.881773399014783,0,-6.852966814652632,3.8636462678172006,1.155317342387601,1.0364822893749452,1.089045697793865,0.9811609761033954,0,0.5120470106989026,0.8739703442465927,2.752563120960225,5.527360653388355,0.09263861050662762,1.4078314046217308,2.0558658398032925,11.14832005669612,26.05802068102956,0,0,1,0,0,56.74253724786738,52.52230189116558,69.55145784030738,59.740474693270166,0,0,55.0
RESOLVUSDT,57,0.0212,-1.8867924528301934,-1.8867924528301934,1.0288065843621514,-0.15345268542200635,0.46082949308755483,0.9523809523809466,0,0.07642563198120489,0.5721410861021616,1.155317342387601,0.7364722538998367,0.9946569867023379,0.9013028432605934,0,0.5120470106989026,0.8666773608392742,3.0310691014873776,5.740025532411268,0.08920639948509114,1.4078314046217308,2.2372319023968323,13.269718878770703,26.16224294940841,0,0,0,0,0,56.74253724786738,55.48172713609741,60.40592136673197,54.23412898123139,0,0,55.0
RESOLVUSDT,58,0.0208,-0.9615384615384557,-1.4423076923076836,1.0288065843621514,-0.10272213662045533,-4.629629629629633,-0.9523809523809631,0,1.9811875367431147,-1.163981533567225,1.155317342387601,1.383754846872206,1.0376020508474253,0.9086105400424844,0,0.5120470106989026,0.7241511202917695,3.0373215605518147,5.7072494393287965,0.08971870182690352,1.4078314046217308,1.1619551110197737,12.561485860425606,25.31698793564238,0,0,0,0,0,56.74253724786738,51.59778349856243,43.7856263348605,51.32305057554771,0,0,55.0
RESOLVUSDT,59,0.0206,0.4854368932038806,-3.3980582524271807,1.0288065843621514,0.41429311237700783,1.4423076923077003,-5.9360730593607265,0,6.9648796437228775,-0.7626664175784668,1.155317342387601,0.7807388676247442,0.9795864339238836,0.9685490468482352,0,0.5120470106989026,0.6864527171142826,2.6054731668787294,5.628433593600923,0.09097504699727804,1.4078314046217308,1.1507849427229002,9.553098018001387,23.82779283996829,0,0,0,0,0,56.74253724786738,50.83451710580206,51.41991637103558,49.88135307234734,0,0,55.0
RESOLVUSDT,60,0.0207,0.4830917874396106,-2.8985507246376807,1.0288065843621514,0.10373443983403867,-1.4285714285714364,-2.358490566037738,0,3.3872971503998897,-0.6636302426032461,1.155317342387601,0.902347676211223,1.030028809857705,0.9079524634958652,0,0.5120470106989026,0.6516270230840209,2.463527668392514,5.373687082009409,0.09528783549998418,1.4078314046217308,1.4388846421555974,9.590662301674262,21.705563242178606,0,0,0,0,0,56.74253724786738,49.91725512818501,46.195506695845886,50.62813856589162,0,0,55.0
RESOLVUSDT,61,0.0208,-1.4423076923076836,-0.9615384615384557,1.0288065843621514,-0.5580923389142517,1.4492753623188486,0.0,0,1.0288065843621514,0.47999740194168705,1.155317342387601,0.9803349557804216,0.9743018747782668,0.8983812923615221,0,0.5120470106989026,0.865928714385742,2.205875087209499,5.1032252533266895,0.10033792068361268,1.4078314046217308,4.420661200296188,8.565980842376328,18.631284315186786,0,0,0,0,0,56.74253724786738,54.6736803272984,51.90569887399532,51.407873732950776,0,0,55.0
RESOLVUSDT,62,0.0205,-2.926829268292682,0.48780487804877753,1.0288065843621514,0.7179487179487243,-1.4354066985645846,-0.4854368932038806,0,1.514243477566032,-0.04352207236439737,1.155317342387601,0.39259441378024723,1.0327396938706972,0.9602427033917066,0,0.5120470106989026,0.7978558980307322,2.0546429451947628,5.017115360625564,0.10206004325064144,1.4078314046217308,2.9296365850764383,4.794624183028717,14.995068222782843,0,0,0,0,0,56.74253724786738,55.617355193671614,44.14245090306099,48.912183883464856,0,0,55.0
RESOLVUSDT,63,0.0199,1.0050251256281346,5.025125628140691,1.0288065843621514,0.7179487179487243,-1.4705882352941255,-3.864734299516902,0,4.893540883879053,-0.897141808125038,1.155317342387601,0.39259441378024723,0.9643835849930446,0.9201304446213009,0,0.5120470106989026,0.7978558980307322,1.9507998551712182,5.05047108257973,0.10138599000498665,1.4078314046217308,2.9296365850764383,5.066073831219295,13.356534109224368,0,0,0,0,0,56.74253724786738,55.617355193671614,36.265941223070925,44.28195522527882,0,0,55.0
RESOLVUSDT,64,0.0201,2.4875621890547284,4.975124378109457,1.0288065843621514,0.7179487179487243,0.0,-3.365384615384612,0,4.394191199746763,-0.40465732826843404,1.155317342387601,0.39259441378024723,0.9961185554329172,0.9393222821502168,0,0.5120470106989026,0.7978558980307322,1.8047874599530154,4.820742249692167,0.10621746282568828,1.4078314046217308,2.9296365850764383,6.504100922881875,11.724093453205432,0,0,0,0,0,56.74253724786738,55.617355193671614,38.90114068466578,46.113138052116845,0,0,55.0
RESOLVUSDT,65,0.0206,0.0,4.3689320388349415,1.0288065843621514,0.7179487179487243,0.4950495049504921,0.48780487804877753,1,0.5410017063133739,0.6824024213275363,1.155317342387601,0.39259441378024723,0.8468519838692885,0.9212640662576544,0,0.5120470106989026,0.7978558980307322,1.742879283594291,4.610471393358403,0.11106174770686787,1.4078314046217308,2.9296365850764383,6.447252856729639,11.794552880186245,0,0,0,0,0,56.74253724786738,55.617355193671614,45.78868550556812,50.49361821115861,0,0,75.0
RESOLVUSDT,66,0.0206,1.4563106796116416,11.16504854368932,1.0288065843621514,0.7179487179487243,1.4705882352941086,3.517587939698488,1,-2.4887813553363367,1.6837328693258682,1.155317342387601,0.39259441378024723,0.9394922111486462,1.0521567569285635,0,0.5120470106989026,0.7978558980307322,1.9610023311295803,4.593218582321013,0.11147891212269688,1.4078314046217308,2.9296365850764383,5.522773141057725,11.774057782983654,0,0,0,0,0,56.74253724786738,55.617355193671614,56.28783702910358,50.49361821115861,0,0,75.0
RESOLVUSDT,67,0.0209,0.9569377990430731,11.004784688995215,1.0288065843621514,0.7179487179487243,0.9708737864077612,3.980099502487555,1,-2.9512929181254037,1.674432147801548,1.155317342387601,0.39259441378024723,0.9834479539210724,0.9244742101708482,0,0.5120470106989026,0.7978558980307322,1.8349594456003562,4.443144006649239,0.11524429771635035,1.4078314046217308,2.9296365850764383,5.030558778206191,10.196668056322338,0,0,0,0,0,56.74253724786738,55.617355193671614,58.1670420528396,53.1440936500928,0,0,75.0
RESOLVUSDT,68,0.0211,1.8957345971563864,12.322274881516579,1.0288065843621514,0.7179487179487243,-0.4784688995215282,2.4271844660194195,0,-1.398377881657268,0.9238677172021917,1.155317342387601,0.39259441378024723,0.9695237408291394,1.010843733439848,0,0.5120470106989026,0.7978558980307322,1.8962979115979182,4.391341322297217,0.11660378301703916,1.4078314046217308,2.9296365850764383,6.296389692591848,8.824998229460123,0,0,0,0,0,56.74253724786738,55.617355193671614,55.59455163851334,54.87845652587172,0,0,55.0
RESOLVUSDT,69,0.0215,6.511627906976754,8.372093023255829,1.0288065843621514,0.7179487179487243,1.8867924528301934,4.3689320388349415,1,-3.34012545447279,2.000619948494003,1.155317342387601,0.39259441378024723,1.0113922228411913,1.1957253959496472,0,0.5120470106989026,0.7978558980307322,2.0966878971935414,4.466926660153246,0.11463071808779952,1.4078314046217308,2.9296365850764383,7.914478120994666,8.971805862767678,0,0,1,0,0,56.74253724786738,55.617355193671614,69.61922307111301,58.210122141158124,0,0,75.0
RESOLVUSDT,70,0.0229,1.310043668122263,4.803493449781661,1.0288065843621514,0.7179487179487243,-0.44642857142856873,9.569377990430631,0,-8.54057140606848,2.7174261803282347,1.155317342387601,0.39259441378024723,1.1918654095365417,1.3940130567887825,0,0.5120470106989026,0.7978558980307322,2.4982976841274174,4.518109798854747,0.11333213080140207,1.4078314046217308,2.9296365850764383,10.790710499151537,12.68945472932635,0,0,1,1,0,56.74253724786738,55.617355193671614,66.73822774100589,67.30851746968273,0,0,55.0
RESOLVUSDT,71,0.0232,2.155172413793106,-5.603448275862066,1.0288065843621514,0.7179487179487243,3.539823008849567,9.95260663507108,1,-8.923800050708929,3.8097962365578804,1.155317342387601,0.39259441378024723,1.1270314741559744,1.5672190775681605,0,0.5120470106989026,0.7978558980307322,2.9172891008363884,4.572171450489711,0.11199208433971976,1.4078314046217308,2.9296365850764383,16.21453207070558,15.487953031693497,0,0,1,1,0,56.74253724786738,55.617355193671614,75.40103303954334,68.87244495945177,0,0,75.0
RESOLVUSDT,72,0.0237,-1.6877637130801586,-10.54852320675105,1.0288065843621514,0.7179487179487243,-0.4273504273504248,10.232558139534888,0,-9.203751555172737,2.8879907536238347,1.155317342387601,0.39259441378024723,0.9095604945595667,1.1704237636055264,0,0.5120470106989026,0.7978558980307322,3.3355471519939837,4.5779593413734085,0.11185049331287554,1.4078314046217308,2.9296365850764383,17.452415436209826,18.76898256662037,0,0,0,1,0,56.74253724786738,55.617355193671614,68.19362108089757,71.33385894606695,0,0,55.0
RESOLVUSDT,73,0.0233,3.0042918454935585,-3.4334763948497944,1.0288065843621514,0.7179487179487243,1.7391304347826133,1.7467248908296988,1,-0.7179183064675474,1.308152656980797,1.155317342387601,0.39259441378024723,0.6772832282512725,1.0317955477731195,0,0.5120470106989026,0.7978558980307322,3.2281119728522296,4.691812609065441,0.10913628769178334,1.4078314046217308,2.9296365850764383,14.989877845988318,20.161799850546203,0,0,0,0,0,56.74253724786738,55.617355193671614,63.87773687549237,66.78410966293158,0,0,75.0
RESOLVUSDT,74,0.024,-8.750000000000005,-3.3333333333333424,1.0288065843621514,0.7179487179487243,-3.347280334728042,3.4482758620689746,0,-2.419469277706823,0.46193770741295204,1.155317342387601,0.39259441378024723,0.691231022021023,1.034238035862134,0,0.5120470106989026,0.7978558980307322,3.2985846465095716,4.676041783589055,0.10950437023381032,1.4078314046217308,2.9296365850764383,10.529729836353901,22.72609079468408,0,0,0,1,0,56.74253724786738,55.617355193671614,55.83026408422355,70.34832335382237,0,0,55.0
RESOLVUSDT,75,0.0219,-3.196347031963467,8.219178082191778,1.0288065843621514,0.7179487179487243,-4.680851063829788,-7.594936708860758,0,8.62374329322291,-2.6322581175949176,1.155317342387601,0.39259441378024723,0.7687458129723029,0.8687717714014621,0,0.5120470106989026,0.7978558980307322,3.5247720881447417,5.541177548857746,0.09240761664539256,1.4078314046217308,2.9296365850764383,7.307480042675542,22.652800401987083,0,0,0,0,0,56.74253724786738,55.617355193671614,46.68704138595171,52.23849201316659,0,0,55.0
RESOLVUSDT,76,0.0212,6.132075471698109,9.433962264150935,1.0288065843621514,0.7179487179487243,-2.7027027027027017,-9.012875536480692,0,10.041682120842843,-2.4922057342181296,1.155317342387601,0.39259441378024723,0.8729827051948823,0.8105544908888599,0,0.5120470106989026,0.7978558980307322,3.245297037756313,5.584815526144879,0.0916855728361652,1.4078314046217308,2.9296365850764383,12.358843829174736,22.658926757462975,0,0,0,0,0,56.74253724786738,55.617355193671614,39.86981258998209,47.819445069122565,0,0,55.0
RESOLVUSDT,77,0.0225,3.111111111111108,1.3333333333333408,1.0288065843621514,0.7179487179487243,0.9259259259259203,-6.250000000000005,0,7.278806584362156,-0.8943296929408023,1.155317342387601,0.39259441378024723,0.9631947571134426,0.9502052286974223,0,0.5120470106989026,0.7978558980307322,3.205051770071595,5.521190980969933,0.09274212981651812,1.4078314046217308,2.9296365850764383,15.396388642426343,22.927872733965636,0,0,0,0,0,56.74253724786738,55.617355193671614,44.394478642756745,55.37023784521579,0,0,55.0
RESOLVUSDT,78,0.0232,2.155172413793106,3.0172413793103567,1.0288065843621514,0.7179487179487243,4.090909090909098,5.9360730593607265,1,-4.9072664749985755,2.943434363145175,1.155317342387601,0.39259441378024723,0.8379184445078941,0.7823520364112173,0,0.5120470106989026,0.7978558980307322,3.0965886013984836,5.280013429598847,0.09697835384820333,1.4078314046217308,2.9296365850764383,14.147375390953258,23.507836219345585,0,0,0,0,0,56.74253724786738,55.617355193671614,56.906057778593386,58.82528391408923,0,0,75.0
RESOLVUSDT,79,0.0237,-2.1097046413502127,-2.1097046413502127,1.0288065843621514,0.7179487179487243,2.586206896551739,11.792452830188674,1,-10.763646245826523,4.031353757262822,1.155317342387601,0.39259441378024723,1.3005430781775276,0.9582920662979194,0,0.5120470106989026,0.7978558980307322,3.0970815899100326,5.2213744736799645,0.09806747500682857,1.4078314046217308,2.9296365850764383,15.576296899727172,24.244299904991447,0,0,0,0,0,56.74253724786738,55.617355193671614,62.14940610290605,61.139451690325664,0,0,75.0
RESOLVUSDT,80,0.0232,-1.7241379310344724,-6.465517241379301,1.0288065843621514,0.7179487179487243,0.8368200836820032,3.111111111111108,1,-2.0823045267489566,1.4236716242759968,1.155317342387601,0.39259441378024723,0.838485456442807,0.8179616542287828,0,0.5120470106989026,0.7978558980307322,2.9632544028683223,5.353157251665016,0.09565327275593077,1.4078314046217308,2.9296365850764383,17.210142228108968,24.23080798663432,0,0,0,0,0,56.74253724786738,55.617355193671614,63.812103002919486,57.65006793066993,0,0,75.0
RESOLVUSDT,81,0.0228,4.824561403508773,-5.263157894736841,1.0288065843621514,0.7179487179487243,-3.0042918454935736,-1.7241379310344724,0,2.752944515396624,-0.7454186185542926,1.155317342387601,0.39259441378024723,1.0389219841553714,0.9697253516139825,0,0.5120470106989026,0.7978558980307322,3.018224761285588,5.402607227763685,0.09477775990590667,1.4078314046217308,2.9296365850764383,15.2884979430297,23.860004979375436,0,0,0,0,0,56.74253724786738,55.617355193671614,45.37201345614017,54.94825206250013,0,0,55.0
RESOLVUSDT,82,0.0239,-2.9288702928870403,-7.112970711297072,1.0288065843621514,0.7179487179487243,2.2123893805309756,0.8438818565400941,1,0.18492472782205738,1.2007566348454863,1.155317342387601,0.39259441378024723,1.0020880509252081,0.9529784347339099,0,0.5120470106989026,0.7978558980307322,2.822608064415751,5.323768028419475,0.09618131518230698,1.4078314046217308,2.9296365850764383,9.922191991905489,23.85139840843005,0,0,0,0,0,56.74253724786738,55.617355193671614,51.93007099273898,60.439100537071155,0,0,75.0
RESOLVUSDT,83,0.0232,-6.465517241379301,-7.3275862068965525,1.0288065843621514,0.7179487179487243,-1.2552301255230194,0.0,0,1.0288065843621514,0.12288129419696409,1.155317342387601,0.39259441378024723,0.9917654630803334,0.9758689771797153,0,0.5120470106989026,0.7978558980307322,2.90154455001941,5.492902482850773,0.09321975263488644,1.4078314046217308,2.9296365850764383,8.453210341321089,21.959557210168054,0,0,0,0,0,56.74253724786738,55.617355193671614,56.06233414685369,55.78005663708169,0,0,55.0
RESOLVUSDT,84,0.0217,-0.46082949308755483,5.069124423963134,1.0288065843621514,0.7179487179487243,-3.056768558951962,-4.824561403508773,0,5.853367987870925,-1.5336436650374647,1.155317342387601,0.39259441378024723,0.9751934724933249,0.9521455068734292,0,0.5120470106989026,0.7978558980307322,3.211905333969872,6.012703715693854,0.08516085856058407,1.4078314046217308,2.9296365850764383,9.102257451394888,20.046808539206737,0,0,0,0,0,56.74253724786738,55.617355193671614,39.84216598867931,47.35582797071751,0,0,55.0
RESOLVUSDT,85,0.0216,2.777777777777777,1.8518518518518405,1.0288065843621514,0.7179487179487243,-0.4545454545454518,-9.623430962343095,0,10.652237546705246,-2.082805278644418,1.155317342387601,0.39259441378024723,0.8272535794320105,0.9022136648875098,0,0.5120470106989026,0.7978558980307322,2.882707817478543,5.840554623668109,0.08767095656016927,1.4078314046217308,2.9296365850764383,11.759683113804112,18.881084904485228,0,0,0,0,0,56.74253724786738,55.617355193671614,38.68842967371693,46.8478622584735,0,0,55.0
RESOLVUSDT,86,0.0222,-3.1531531531531654,0.4504504504504477,1.0288065843621514,0.7179487179487243,0.0,-4.310344827586196,0,5.339151411948347,-0.64089738131883,1.155317342387601,0.39259441378024723,1.095190492932616,1.0439758370518553,0,0.5120470106989026,0.7978558980307322,2.867558845808332,5.695069943133866,0.08991057455163314,1.4078314046217308,2.9296365850764383,13.29674043973554,17.21943837431671,0,0,0,0,0,56.74253724786738,55.617355193671614,42.74062074679964,50.29305831188279,0,0,55.0
RESOLVUSDT,87,0.0215,6.046511627906989,4.651162790697679,1.0288065843621514,0.7179487179487243,1.3698630136986376,-0.9216589861751256,0,1.950465570537277,0.548739832458597,1.155317342387601,0.39259441378024723,0.9663683246345489,1.0651023583286687,0,0.5120470106989026,0.7978558980307322,2.801323937254113,5.958794636506424,0.08593130690590642,1.4078314046217308,2.9296365850764383,13.567340182867138,16.414751782042977,0,0,0,0,0,56.74253724786738,55.617355193671614,46.187638614142216,46.505744601431026,0,0,55.0
RESOLVUSDT,88,0.0228,-3.50877192982457,-2.6315789473684204,1.0288065843621514,0.7179487179487243,0.9302325581395454,5.555555555555554,1,-4.526748971193403,2.0581358540014936,1.155317342387601,0.39259441378024723,1.2819673682687671,1.2834782631681267,0,0.5120470106989026,0.7978558980307322,2.958530153498479,5.844245303582536,0.08761559176597473,1.4078314046217308,2.9296365850764383,8.344511021830503,15.168521033767494,0,0,0,0,0,56.74253724786738,55.617355193671614,41.48638639615613,53.50790908531744,0,0,75.0
RESOLVUSDT,89,0.022,1.3636363636363713,-1.3636363636363553,1.0288065843621514,0.7179487179487243,-1.7699115044247684,-0.9009009009009109,0,1.9297074852630622,-0.2310142757537009,1.155317342387601,0.39259441378024723,0.9311855951348649,1.019748304950655,0,0.5120470106989026,0.7978558980307322,3.051585089118413,5.948812688252804,0.08607549733580422,1.4078314046217308,2.9296365850764383,6.4653525262601725,14.651549113715367,0,0,0,0,0,56.74253724786738,55.617355193671614,48.889683827047335,49.236749001183895,0,0,55.0
RESOLVUSDT,90,0.0223,0.8968609865470798,-1.3452914798206352,1.0288065843621514,0.7179487179487243,-0.4484304932735399,3.7209302325581497,0,-2.6921236481959983,1.2548137603988714,1.155317342387601,0.39259441378024723,0.7351674875070111,0.8394939375064708,0,0.5120470106989026,0.7978558980307322,2.8465292502149344,5.7378617195397235,0.08924004023226577,1.4078314046217308,2.9296365850764383,6.32323811625593,14.740625162800761,0,0,0,0,0,56.74253724786738,55.617355193671614,49.27299688201402,50.82205886768884,0,0,55.0
RESOLVUSDT,91,0.0225,-1.3333333333333253,-1.3333333333333253,1.0288065843621514,0.7179487179487243,-0.4484304932735399,-1.3157894736842177,0,2.344596058046369,-0.004366166161720475,1.155317342387601,0.39259441378024723,0.8259362923446345,0.964998914471812,0,0.5120470106989026,0.7978558980307322,2.5463463826559076,5.502876547601796,0.093050790122133,1.4078314046217308,2.9296365850764383,6.233356658280181,14.635408528278502,0,0,0,0,0,56.74253724786738,55.617355193671614,48.89958692664404,51.900505531333664,0,0,55.0
RESOLVUSDT,92,0.0222,-2.252252252252254,4.0540540540540455,1.0288065843621514,0.7179487179487243,-2.2321428571428594,0.9090909090909195,0,0.11971567527123195,0.10592583856473395,1.155317342387601,0.39259441378024723,1.0151311797432556,0.9672425465809932,0,0.5120470106989026,0.7978558980307322,2.6242176711208898,5.436265734149051,0.0941909457226072,1.4078314046217308,2.9296365850764383,6.543165689671043,14.149588621622799,0,0,0,0,0,56.74253724786738,55.617355193671614,43.42323031839595,50.12485537686569,0,0,55.0
RESOLVUSDT,93,0.0217,1.3824884792626644,4.60829493087558,1.0288065843621514,0.7179487179487243,-3.5874439461883503,-2.6905829596412545,0,3.719389544003406,-1.1328179008796821,1.155317342387601,0.39259441378024723,0.9874929594821991,0.9070024589828554,0,0.5120470106989026,0.7978558980307322,2.6416817021698247,5.427604644092877,0.09434125074975531,1.4078314046217308,2.9296365850764383,4.907189588308728,14.279752728168202,0,0,0,0,0,56.74253724786738,55.617355193671614,38.86654465385765,47.22490641609974,0,0,55.0
RESOLVUSDT,94,0.022,0.9090909090909195,2.7272727272727266,1.0288065843621514,0.7179487179487243,1.8604651162790748,-2.2222222222222245,0,3.251028806584376,0.3462495490919315,1.155317342387601,0.39259441378024723,0.8755238718759776,0.8864463758951772,0,0.5120470106989026,0.7978558980307322,2.398847118206261,5.13353009772273,0.09974559434764982,1.4078314046217308,2.9296365850764383,5.230511957706225,13.076447884836575,0,0,0,0,0,56.74253724786738,55.617355193671614,46.63011582762569,49.126698681277894,0,0,55.0
RESOLVUSDT,95,0.0222,4.0540540540540455,-0.9009009009009109,1.0288065843621514,0.7179487179487243,1.3698630136986376,0.0,0,1.0288065843621514,0.7791545790023784,1.155317342387601,0.39259441378024723,0.8751492962689679,0.9829673007831882,0,0.5120470106989026,0.7978558980307322,2.1639644431815785,5.013480077055022,0.10213404717460951,1.4078314046217308,2.9296365850764383,5.22466164219152,12.934571961029109,0,0,0,0,0,56.74253724786738,55.617355193671614,53.040324471888304,50.409691711596295,0,0,55.0
RESOLVUSDT,96,0.0231,-1.7316017316017212,-5.627705627705624,1.0288065843621514,0.7179487179487243,2.678571428571428,6.451612903225799,1,-5.422806318863648,2.7192349085270258,1.155317342387601,0.39259441378024723,1.1655278596626613,1.0858876019382209,0,0.5120470106989026,0.7978558980307322,2.5106282072799613,4.937818027947061,0.10369904435538513,1.4078314046217308,2.9296365850764383,7.858944012136049,12.118333463538743,0,0,0,0,0,56.74253724786738,55.617355193671614,61.922207640396465,55.81041023201882,0,0,75.0
RESOLVUSDT,97,0.0227,-0.4405286343612461,-4.405286343612339,1.0288065843621514,0.7179487179487243,-2.978723404255316,3.181818181818194,0,-2.1530115974560426,0.4874625199684385,1.155317342387601,0.39259441378024723,0.8709326608365037,0.8375700491734338,0,0.5120470106989026,0.7978558980307322,2.554022174202393,5.106440383236318,0.10027474566821078,1.4078314046217308,2.9296365850764383,10.565880267371082,12.133762813510904,0,0,0,0,0,56.74253724786738,55.617355193671614,55.048877926881275,53.04535228022113,0,0,55.0
RESOLVUSDT,98,0.0226,-2.654867256637168,-4.424778761061936,1.0288065843621514,0.7179487179487243,1.3274336283185915,1.8018018018017907,1,-0.7729952174396393,1.2189976831078144,1.155317342387601,0.39259441378024723,1.0454820351931418,0.9416028375683216,0,0.5120470106989026,0.7978558980307322,2.3965698231138637,4.952308966792154,0.10339561084182107,1.4078314046217308,2.9296365850764383,10.024322723845138,11.841550325186997,0,0,0,0,0,56.74253724786738,55.617355193671614,56.34855405176553,52.34710955203364,0,0,75.0
RESOLVUSDT,99,0.022,-0.9090909090909036,-2.2727272727272747,1.0288065843621514,0.7179487179487243,-2.192982456140353,-4.761904761904763,0,5.790711346266914,-1.30203297893356,1.155317342387601,0.39259441378024723,0.8165345877198672,0.8809046817527916,0,0.5120470106989026,0.7978558980307322,2.2896955578126676,4.9837284884530355,0.10274376139977953,1.4078314046217308,2.9296365850764383,7.8758489546917945,10.94345099935355,0,0,0,0,0,56.74253724786738,55.617355193671614,46.223609580166595,48.24378045632281,0,0,55.0
RESOLVUSDT,100,0.0218,-0.4587155963302725,-4.587155963302757,1.0288065843621514,0.7179487179487243,0.4524886877828027,-3.9647577092511077,0,4.993564293613259,-0.4413784297893574,1.155317342387601,0.39259441378024723,1.0161504466774087,0.9011489693371009,0,0.5120470106989026,0.7978558980307322,2.086523497898697,4.899562082888492,0.10450872997144062,1.4078314046217308,2.9296365850764383,7.398428488774483,10.719161716809987,0,0,0,0,0,56.74253724786738,55.617355193671614,45.70362863695062,46.92340751823154,0,0,55.0
RESOLVUSDT,101,0.0217,-0.46082949308755483,-6.451612903225815,1.0288065843621514,0.7179487179487243,-0.4545454545454518,-3.9823008849557437,0,5.011107469317896,-0.67252275929758,1.155317342387601,0.39259441378024723,1.0265639620731968,0.9064406242601433,0,0.5120470106989026,0.7978558980307322,2.0711962995362487,4.833890369620141,0.10592855268646494,1.4078314046217308,2.9296365850764383,8.275310582407194,10.848191114147722,0,0,0,0,0,56.74253724786738,55.617355193671614,41.51934299485329,46.241938677151914,0,0,55.0
RESOLVUSDT,102,0.0216,-0.46296296296297623,-9.259259259259267,1.0288065843621514,0.7179487179487243,0.9216589861751097,-1.8181818181818072,0,2.8469884025439587,0.2125581175760446,1.155317342387601,0.39259441378024723,1.016709664446553,1.0086521700741398,0,0.5120470106989026,0.7978558980307322,2.1862847309293922,4.8731497131939205,0.1050751651057527,1.4078314046217308,2.9296365850764383,6.609733517552474,8.932354565258684,0,0,0,0,0,56.74253724786738,55.617355193671614,44.71069594686427,45.52984469907011,0,0,55.0
RESOLVUSDT,103,0.0215,-3.2558139534883686,-9.767441860465107,1.0288065843621514,0.7179487179487243,0.46296296296296013,-1.3761467889908332,0,2.404953373352985,0.20839286907075066,1.155317342387601,0.39259441378024723,0.9585754095545803,0.9385250525473239,0,0.5120470106989026,0.7978558980307322,2.082717877465644,4.712227373637386,0.10866347697132694,1.4078314046217308,2.9296365850764383,5.753573121440885,8.245861759317636,0,0,0,0,0,56.74253724786738,55.617355193671614,42.87913492301211,44.78710110269488,0,0,55.0
RESOLVUSDT,104,0.0208,-2.403846153846156,-4.807692307692295,1.0288065843621514,0.7179487179487243,-2.283105022831052,-4.147465437788026,0,5.176272022150178,-1.1709537895770505,1.155317342387601,0.39259441378024723,0.9730822953924891,0.9794339838182804,0,0.5120470106989026,0.7978558980307322,2.0825188747448347,4.831962743583961,0.10597081100817994,1.4078314046217308,2.9296365850764383,4.809905510930092,9.61031019591551,0,0,0,0,0,56.74253724786738,55.617355193671614,40.05705280412171,39.882458234497285,0,0,55.0
RESOLVUSDT,105,0.0203,-3.448275862068962,-6.896551724137924,1.0288065843621514,0.7179487179487243,-4.205607476635505,-6.01851851851853,0,7.047325102880681,-2.11934267321079,1.155317342387601,0.39259441378024723,1.1232123122706497,1.0353362744249113,0,0.5120470106989026,0.7978558980307322,2.2716484770649004,4.843640836963769,0.10571531373492149,1.4078314046217308,2.9296365850764383,9.083756327232305,11.766689742824688,0,0,0,0,0,56.74253724786738,55.617355193671614,31.675570544739642,36.78383949420579,0,0,55.0
RESOLVUSDT,106,0.0196,-1.0204081632653,2.0408163265306176,1.0288065843621514,0.7179487179487243,-4.854368932038839,-8.837209302325578,0,9.866015886687729,-2.986205733013385,1.155317342387601,0.39259441378024723,1.1185957069190118,1.149839840577962,0,0.5120470106989026,0.7978558980307322,2.372737601820004,5.168501519222809,0.09907068979170958,1.4078314046217308,2.9296365850764383,13.474393261401058,15.104766965433983,0,0,0,0,0,56.74253724786738,55.617355193671614,24.588336346565583,32.92684465437591,0,0,55.0
RESOLVUSDT,107,0.0194,2.0618556701030983,3.0927835051546384,1.0288065843621514,0.7179487179487243,2.6178010471204214,-6.730769230769224,0,7.759575815131376,-0.5915532203344818,1.155317342387601,0.39259441378024723,1.138741197841975,1.1433249506474086,0,0.5120470106989026,0.7978558980307322,2.535014202008452,5.106532353085314,0.10027293969645155,1.4078314046217308,2.9296365850764383,16.936195691288496,18.050043743780073,0,0,0,0,0,56.74253724786738,55.617355193671614,31.264041499559724,31.897719318521183,0,0,55.0
RESOLVUSDT,108,0.0198,-4.545454545454552,1.5151515151515058,1.0288065843621514,0.7179487179487243,2.0618556701030983,-2.4630541871921032,0,3.4918607715542547,0.3363891963054677,1.155317342387601,0.39259441378024723,0.9777390545410736,1.0234806011464959,0,0.5120470106989026,0.7978558980307322,2.383910160830821,4.898511758470837,0.10453113842452992,1.4078314046217308,2.9296365850764383,16.34745883915906,19.181584726340517,0,0,0,0,0,56.74253724786738,55.617355193671614,38.41168012016231,36.19308906763315,0,0,55.0
RESOLVUSDT,109,0.0189,5.820105820105822,8.994708994708995,1.0288065843621514,0.7179487179487243,-0.5050505050505195,-3.5714285714285676,0,4.600235155790719,-0.5824309435420528,1.155317342387601,0.39259441378024723,0.8500793407505278,0.9179064816195956,0,0.5120470106989026,0.7978558980307322,2.169780926793783,5.105354975927414,0.10029606425278717,1.4078314046217308,2.9296365850764383,11.066470921246523,22.090125865978703,0,0,0,0,0,56.74253724786738,55.617355193671614,38.032946926901914,31.39501647146298,0,0,55.0
RESOLVUSDT,110,0.02,0.0,0.0,1.0288065843621514,0.7179487179487243,2.0618556701030983,3.0927835051546384,1,-2.063976920792487,1.725348619392153,1.155317342387601,0.39259441378024723,1.013220027869267,1.088110481671461,0,0.5120470106989026,0.7978558980307322,2.298312318163015,5.0156632770905905,0.10208959063055824,1.4078314046217308,2.9296365850764383,7.658572174030623,22.62013789583689,0,0,0,0,0,56.74253724786738,55.617355193671614,46.26951565378706,41.58753592703667,0,0,75.0
RESOLVUSDT,111,0.02,0.499999999999997,0.0,1.0288065843621514,0.7179487179487243,-1.4925373134328268,1.010101010101004,0,0.018705574261147495,0.3160797497447632,1.155317342387601,0.39259441378024723,1.0383163285681725,0.978375560352802,0,0.5120470106989026,0.7978558980307322,2.385413830565737,4.83597304301269,0.10588293320591177,1.4078314046217308,2.9296365850764383,6.537402879986999,22.76821299267261,0,0,0,0,0,56.74253724786738,55.617355193671614,46.4734414008024,41.587535927036676,0,0,55.0
RESOLVUSDT,112,0.0201,2.4875621890547284,-2.4875621890547284,1.0288065843621514,0.7179487179487243,0.0,6.349206349206347,0,-5.320399764844195,2.023990412879306,1.155317342387601,0.39259441378024723,0.9147394938274817,0.8785548077661728,0,0.5120470106989026,0.7978558980307322,2.213509077556382,4.64588838373596,0.1102150909374933,1.4078314046217308,2.9296365850764383,7.030503274008361,22.86918458606393,0,0,0,0,0,56.74253724786738,55.617355193671614,52.26485463136655,42.48839744509124,0,0,55.0
RESOLVUSDT,113,0.0206,-2.9126213592233,-3.3980582524271807,1.0288065843621514,0.7179487179487243,3.499999999999996,2.999999999999999,1,-1.9711934156378477,2.0616888255777175,1.155317342387601,0.39259441378024723,1.1109748857448267,1.157682796179734,0,0.5120470106989026,0.7978558980307322,2.1657198261726847,4.660092353225402,0.10987915515118452,1.4078314046217308,2.9296365850764383,7.9491426300193595,22.852958021150176,0,0,1,0,0,56.74253724786738,55.617355193671614,59.195923088485074,46.89817463366931,0,0,75.0
RESOLVUSDT,114,0.02,0.0,-2.0000000000000053,1.0288065843621514,0.7179487179487243,-4.716981132075476,0.0,0,1.0288065843621514,-0.7425564574411502,1.155317342387601,0.39259441378024723,0.8990250997636234,0.9343090156808214,0,0.5120470106989026,0.7978558980307322,2.447285096086051,4.8141883292634375,0.10636206472987003,1.4078314046217308,2.9296365850764383,9.81164171794745,22.93825903907533,0,0,0,0,0,56.74253724786738,55.617355193671614,49.451562499175424,42.67002805227783,0,0,55.0
RESOLVUSDT,115,0.02,-2.0000000000000053,-2.0000000000000053,1.0288065843621514,0.7179487179487243,-0.499999999999997,-0.49751243781094223,0,1.5263190221730936,0.18731071612498415,1.155317342387601,0.39259441378024723,0.9226591588846621,0.9276789412912493,0,0.5120470106989026,0.7978558980307322,2.3315996560689434,4.648889162887477,0.11014394896454456,1.4078314046217308,2.9296365850764383,6.523504453725078,22.668931649921706,0,0,0,0,0,56.74253724786738,55.617355193671614,45.77643378352662,42.67002805227783,0,0,55.0
RESOLVUSDT,116,0.0196,1.5306122448979675,-1.53061224489795,1.0288065843621514,0.7179487179487243,-1.0101010101010215,-4.854368932038839,0,5.883175516400991,-1.0294286599572462,1.155317342387601,0.39259441378024723,1.0370579616059812,0.9950771466302988,0,0.5120470106989026,0.7978558980307322,2.3487995458976534,4.76935562081175,0.10736188521244126,1.4078314046217308,2.9296365850764383,7.088266430314681,21.02832733366345,0,0,0,0,0,56.74253724786738,55.617355193671614,41.78696127200552,39.88947896257202,0,0,55.0
RESOLVUSDT,117,0.0199,-1.5075376884422194,-3.5175879396985055,1.0288065843621514,0.7179487179487243,0.0,-0.499999999999997,0,1.5288065843621483,0.3116888255777197,1.155317342387601,0.39259441378024723,0.9571129717208151,0.9634014941121275,0,0.5120470106989026,0.7978558980307322,2.1729329019417722,4.613179512501197,0.1109965500608231,1.4078314046217308,2.9296365850764383,8.35764990150697,19.276109547437464,0,0,0,0,0,56.74253724786738,55.617355193671614,41.78696127200551,42.89505225983225,0,0,55.0
RESOLVUSDT,118,0.0196,0.0,1.0204081632653177,1.0288065843621514,0.7179487179487243,-1.0101010101010215,-2.0000000000000053,0,3.0288065843621568,-0.3158364269475378,1.155317342387601,0.39259441378024723,1.0438081171387412,0.9784476002092698,0,0.5120470106989026,0.7978558980307322,2.0614926040625043,4.495005611822376,0.1139146543782194,1.4078314046217308,2.9296365850764383,7.882337979210176,17.3222573242876,0,0,0,0,0,56.74253724786738,55.617355193671614,42.72473088028617,40.703301568812115,0,0,55.0
RESOLVUSDT,119,0.0196,-1.53061224489795,-1.53061224489795,1.0288065843621514,0.7179487179487243,-0.5050505050505195,0.0,0,1.0288065843621514,0.3104261993150891,1.155317342387601,0.39259441378024723,1.1672602928718014,0.9895066345167546,0,0.5120470106989026,0.7978558980307322,1.915887533624333,4.319706377158679,0.11853745740832172,1.4078314046217308,2.9296365850764383,3.029682094552615,16.023756364128992,0,0,0,0,0,56.74253724786738,55.617355193671614,46.31062456035721,40.703301568812115,0,0,55.0
RESOLVUSDT,120,0.0193,-0.5181347150259216,-1.5544041450777286,1.0288065843621514,0.7179487179487243,-2.53807106598985,-3.0150753768844214,0,4.043881961246573,-0.9515977851408489,1.155317342387601,0.39259441378024723,1.0041583916251637,0.9481133364456306,0,0.5120470106989026,0.7978558980307322,1.9661504128631009,4.295563230570065,0.11920369535124938,1.4078314046217308,2.9296365850764383,3.4546674394840027,14.937755929102517,0,0,0,0,0,56.74253724786738,55.617355193671614,35.43774084100353,38.42620814775145,0,0,55.0
RESOLVUSDT,121,0.0192,3.1250000000000173,0.0,1.0288065843621514,0.7179487179487243,0.5208333333333484,-2.0408163265306176,0,3.069622910892769,0.05669307727840167,1.155317342387601,0.39259441378024723,1.0704458696068386,0.9832587044366788,0,0.5120470106989026,0.7978558980307322,1.8580479491520099,4.269928625558145,0.11991933720718112,1.4078314046217308,2.9296365850764383,4.456918142571829,13.64353691544098,0,0,0,0,0,56.74253724786738,55.617355193671614,41.419606240874614,37.66971162669672,0,0,55.0
RESOLVUSDT,122,0.0198,-2.5252525252525273,-5.050505050505055,1.0288065843621514,0.7179487179487243,2.0618556701030983,1.0204081632653177,1,0.008398421096833752,1.2072547839198229,1.155317342387601,0.39259441378024723,0.9406848805605561,0.9154299295911604,0,0.5120470106989026,0.7978558980307322,1.8693767567932562,4.133384505553077,0.12388080760717589,1.4078314046217308,2.9296365850764383,4.946999375063791,11.529351075134002,0,0,0,0,0,56.74253724786738,55.617355193671614,54.751225446047954,44.703840303591655,0,0,75.0
RESOLVUSDT,123,0.0193,-1.5544041450777286,-3.1088082901554395,1.0288065843621514,0.7179487179487243,-1.5075376884422194,0.0,0,1.0288065843621514,0.05980440346716409,1.155317342387601,0.39259441378024723,0.9932753189518914,1.0156605680015982,0,0.5120470106989026,0.7978558980307322,1.8935126110098826,4.23365348530482,0.12094683999912562,1.4078314046217308,2.9296365850764383,4.807657795925959,9.193787096951157,0,0,0,0,0,56.74253724786738,55.617355193671614,49.27872952525399,40.592697846897835,0,0,55.0
RESOLVUSDT,124,0.019,1.0526315789473621,-2.6315789473684235,1.0288065843621514,0.7179487179487243,-1.0362694300518251,-1.0416666666666605,0,2.0704732510288117,-0.08279519860190249,1.155317342387601,0.39259441378024723,0.9666608936316381,0.9140934106741011,0,0.5120470106989026,0.7978558980307322,1.7431791457255015,4.181291952868344,0.12246143452088798,1.4078314046217308,2.9296365850764383,5.016713149192585,8.590536366010243,0,0,0,0,0,56.74253724786738,55.617355193671614,38.27160847865291,38.31585949252082,0,0,55.0
RESOLVUSDT,125,0.0192,-2.083333333333321,-1.5624999999999907,1.0288065843621514,0.7179487179487243,0.0,-3.0303030303030467,0,4.059109614665198,-0.32088693199804275,1.155317342387601,0.39259441378024723,1.4769277131081668,1.1199757276901452,0,0.5120470106989026,0.7978558980307322,1.7411082887561602,4.028196102524111,0.12711571077139178,1.4078314046217308,2.9296365850764383,5.428369407576363,8.406946965922547,0,0,0,0,0,56.74253724786738,55.617355193671614,41.34625791844029,40.70369992853903,0,0,55.0
RESOLVUSDT,126,0.0188,-0.531914893617018,2.127659574468072,1.0288065843621514,0.7179487179487243,-0.5263157894736811,-2.5906735751295358,0,3.619480159491687,-0.34255851557308525,1.155317342387601,0.39259441378024723,0.8997998093291409,0.9764081472332714,0,0.5120470106989026,0.7978558980307322,1.7606763030996322,4.010021835828336,0.12769182604541374,1.4078314046217308,2.9296365850764383,5.972917922727236,9.22599581183292,0,0,0,0,0,56.74253724786738,55.617355193671614,38.630342784593935,37.571130357678584,0,0,55.0
RESOLVUSDT,127,0.0187,-1.0695187165775522,8.556149732620305,1.0288065843621514,0.7179487179487243,0.5291005291005259,-1.5789473684210429,0,2.6077539527831943,0.17422711574758964,1.155317342387601,0.39259441378024723,0.9861274979092687,1.0135183775576004,0,0.5120470106989026,0.7978558980307322,1.6022493017910013,3.9726865419268345,0.1288918733695383,1.4078314046217308,2.9296365850764383,6.219916177289976,10.056956239255904,0,0,0,0,0,56.74253724786738,55.617355193671614,43.32410036365093,36.80845602651297,0,0,55.0
RESOLVUSDT,128,0.0185,2.1621621621621676,9.729729729729728,1.0288065843621514,0.7179487179487243,0.0,-3.6458333333333295,0,4.674639917695481,-0.47476950775561344,1.155317342387601,0.39259441378024723,1.0000529340467237,1.0583905173188382,0,0.5120470106989026,0.7978558980307322,1.7200984298945277,3.8832436229436813,0.13186064548552504,1.4078314046217308,2.9296365850764383,4.959859210661448,11.09068604598706,0,0,0,0,0,56.74253724786738,55.617355193671614,36.27747896453672,35.266534291314144,0,0,55.0
RESOLVUSDT,129,0.0189,1.5873015873015779,7.407407407407399,1.0288065843621514,0.7179487179487243,1.0810810810810934,0.531914893617018,1,0.4968916907451334,0.8399378192522469,1.155317342387601,0.39259441378024723,1.1600545753292888,1.0652725987097367,0,0.5120470106989026,0.7978558980307322,1.7952159547014277,3.794104653507012,0.1349585890377592,1.4078314046217308,2.9296365850764383,5.020760692030869,11.09068604598706,0,0,0,0,0,56.74253724786738,55.617355193671614,42.40334909083727,40.623784402334756,0,0,75.0
RESOLVUSDT,130,0.0192,5.729166666666669,5.208333333333338,1.0288065843621514,0.7179487179487243,2.1390374331550674,2.673796791443834,1,-1.6449902070816824,1.6398973817274443,1.155317342387601,0.39259441378024723,1.0770052854379821,1.0577171320495133,0,0.5120470106989026,0.7978558980307322,1.8514293590280517,3.7284654515129203,0.13733451935061552,1.4078314046217308,2.9296365850764383,4.399740608945753,10.937289493474504,0,0,0,0,0,56.74253724786738,55.617355193671614,54.7743759289577,44.34402321623409,0,0,75.0
RESOLVUSDT,131,0.0203,0.0,-0.9852216748768414,1.0288065843621514,0.7179487179487243,3.684210526315786,9.729729729729728,1,-8.700923145367577,3.7901738895890973,1.155317342387601,0.39259441378024723,1.1238902466058092,1.1942739422657878,0,0.5120470106989026,0.7978558980307322,1.923311183703497,3.8023398194849576,0.13466629365290697,1.4078314046217308,2.9296365850764383,6.282112363563326,11.314149744520291,0,0,1,0,0,56.74253724786738,55.617355193671614,67.29285682717887,55.382714012801586,0,0,75.0
RESOLVUSDT,132,0.0203,0.0,-4.433497536945803,1.0288065843621514,0.7179487179487243,2.0000000000000053,7.407407407407399,1,-6.378600823045247,2.78854067742957,1.155317342387601,0.39259441378024723,1.1015626814365818,1.2092185658000416,0,0.5120470106989026,0.7978558980307322,2.230757490674566,3.812236025200845,0.13431671263636563,1.4078314046217308,2.9296365850764383,12.974000581123235,11.57160008948841,0,0,1,0,0,56.74253724786738,55.617355193671614,74.51732881205129,55.382714012801586,0,0,75.0
RESOLVUSDT,133,0.0203,-0.4926108374384207,0.0,1.0288065843621514,0.7179487179487243,-1.477832512315262,5.729166666666669,0,-4.700360082304517,1.4995223641655706,1.155317342387601,0.39259441378024723,0.9350946268227364,1.045798666431698,0,0.5120470106989026,0.7978558980307322,2.43302056395719,3.821425359079883,0.13399372291342948,1.4078314046217308,2.9296365850764383,14.19678242147491,11.039197523929555,0,0,0,0,0,56.74253724786738,55.617355193671614,59.87921051698162,55.382714012801586,0,0,55.0
RESOLVUSDT,134,0.0202,-0.4950495049504921,4.455445544554463,1.0288065843621514,0.7179487179487243,1.010101010101004,-0.4926108374384207,0,1.5214174218005723,0.5660613687433647,1.155317342387601,0.39259441378024723,0.875149597375934,1.0890735372262392,0,0.5120470106989026,0.7978558980307322,2.4901343275505345,3.884279180555803,0.13182549113929384,1.4078314046217308,2.9296365850764383,11.470325522404435,11.267851863605044,0,0,0,0,0,56.74253724786738,55.617355193671614,55.549785090745125,54.162967528120426,0,0,55.0
RESOLVUSDT,135,0.0201,-3.482587064676613,7.4626865671641855,1.0288065843621514,0.7179487179487243,0.499999999999997,-0.9852216748768414,0,2.0140282592389926,0.3153834068585078,1.155317342387601,0.39259441378024723,0.8709889493910127,1.0123404021459153,0,0.5120470106989026,0.7978558980307322,2.435635922044576,3.8379947150460336,0.13341524642843625,1.4078314046217308,2.9296365850764383,7.778249055078539,11.369636929265969,0,0,0,0,0,56.74253724786738,55.617355193671614,56.358142732935654,52.908087839162654,0,0,55.0
RESOLVUSDT,136,0.0194,4.6391752577319485,11.855670103092782,1.0288065843621514,0.7179487179487243,-2.9702970297029694,-4.433497536945803,0,5.462304121307955,-1.4142598160844742,1.155317342387601,0.39259441378024723,0.9346480233919867,1.034446299163428,0,0.5120470106989026,0.7978558980307322,2.4091794914683358,3.98699565184657,0.12842928746655366,1.4078314046217308,2.9296365850764383,5.02371323223653,11.369912279182467,0,0,0,0,0,56.74253724786738,55.617355193671614,46.08457724099872,45.04136412468917,0,0,55.0
RESOLVUSDT,137,0.0203,3.9408866995073994,5.911330049261083,1.0288065843621514,0.7179487179487243,2.5773195876288684,0.4950495049504921,1,0.5337570794116593,1.2047810987225591,1.155317342387601,0.39259441378024723,0.9246402891532477,1.0158862918355447,0,0.5120470106989026,0.7978558980307322,2.2488380037084257,3.889937731863846,0.13163372937940515,1.4078314046217308,2.9296365850764383,6.260649622453187,11.801558862473994,0,0,0,0,0,56.74253724786738,55.617355193671614,53.047611449994655,54.42422088152024,0,0,75.0
RESOLVUSDT,138,0.0211,2.3696682464454994,1.8957345971563864,1.0288065843621514,0.7179487179487243,5.970149253731342,4.975124378109457,1,-3.9463177937473053,3.173007233537919,1.155317342387601,0.39259441378024723,1.6809983694462967,1.1790731731027237,0,0.5120470106989026,0.7978558980307322,2.3846044418306915,3.8813627875384857,0.13192454267425918,1.4078314046217308,2.9296365850764383,10.315230170280673,13.751415171051622,0,0,1,1,0,56.74253724786738,55.617355193671614,69.87775374647629,60.82636156277253,0,0,75.0
RESOLVUSDT,139,0.0216,0.46296296296296013,-4.629629629629633,1.0288065843621514,0.7179487179487243,4.326923076923085,11.340206185567013,1,-10.311399601204862,4.353471141200243,1.155317342387601,0.39259441378024723,0.8760055040409533,1.03260330147681,0,0.5120470106989026,0.7978558980307322,2.6268246081277002,3.884450438564176,0.13181967920491025,1.4078314046217308,2.9296365850764383,13.856909098250373,16.364052389448705,0,0,0,1,0,56.74253724786738,55.617355193671614,69.15513683585696,64.2102388986218,0,0,75.0
RESOLVUSDT,140,0.0217,-0.9216589861751256,-4.60829493087558,1.0288065843621514,0.7179487179487243,2.7906976744186203,6.89655172413794,1,-5.8677451397757885,2.858501175216859,1.155317342387601,0.39259441378024723,0.9207110085975015,1.0304066172882356,0,0.5120470106989026,0.7978558980307322,2.644091553376085,3.8866151519052683,0.13174626009675555,1.4078314046217308,2.9296365850764383,17.77515118015882,18.425915837405817,0,0,0,1,0,56.74253724786738,55.617355193671614,70.82155711164953,64.86395362978125,0,0,75.0
RESOLVUSDT,141,0.0215,0.0,-5.581395348837209,1.0288065843621514,0.7179487179487243,0.0,1.8957345971563864,0,-0.8669280127942349,0.9106224748668155,1.155317342387601,0.39259441378024723,0.9100418674242707,1.104228599383544,0,0.5120470106989026,0.7978558980307322,2.654116203385852,3.9747977885464336,0.12882341138821957,1.4078314046217308,2.9296365850764383,17.30793656204187,19.539405417313723,0,0,0,0,0,56.74253724786738,55.617355193671614,64.09544358466363,62.408738480190856,0,0,55.0
RESOLVUSDT,142,0.0215,-4.1860465116278975,-2.325581395348823,1.0288065843621514,0.7179487179487243,-0.9090909090909036,-0.46296296296297623,0,1.4917695473251276,0.09367535756424897,1.155317342387601,0.39259441378024723,0.9232108032340741,1.0197109782975313,0,0.5120470106989026,0.7978558980307322,2.751555953104622,3.9566643916901283,0.1294138092111918,1.4078314046217308,2.9296365850764383,10.055865921785523,20.639839506696983,0,0,0,0,0,56.74253724786738,55.617355193671614,59.41373265147221,62.408738480190856,0,0,55.0
RESOLVUSDT,143,0.0206,0.4854368932038806,0.0,1.0288065843621514,0.7179487179487243,-2.7906976744186043,-5.069124423963134,0,6.097931008325286,-1.5282666990177156,1.155317342387601,0.39259441378024723,1.0201893097334944,0.9553218565856278,0,0.5120470106989026,0.7978558980307322,2.8090378171405117,4.215976759630342,0.1214539452878291,1.4078314046217308,2.9296365850764383,6.73979711611182,20.475370134385482,0,0,0,0,0,56.74253724786738,55.617355193671614,45.07418203841182,52.113859277676816,0,0,55.0
RESOLVUSDT,144,0.0207,-1.9323671497584591,-2.8985507246376807,1.0288065843621514,0.7179487179487243,0.0,-3.7209302325581333,0,4.749736816920285,-0.4935437325618144,1.155317342387601,0.39259441378024723,0.7653869167231038,0.9799909552176661,0,0.5120470106989026,0.7978558980307322,2.9440419394855533,4.379015100859232,0.11693200386507707,1.4078314046217308,2.9296365850764383,7.748816968013205,19.96964277609441,0,0,0,0,0,56.74253724786738,55.617355193671614,47.87546919492777,53.040772273318915,0,0,55.0
RESOLVUSDT,145,0.0203,3.4482758620689795,-1.9704433497536828,1.0288065843621514,0.7179487179487243,-2.3923444976076413,-5.581395348837209,0,6.61020193319936,-1.5567461360334935,1.155317342387601,0.39259441378024723,0.7318443872971112,0.7567381417447836,0,0.5120470106989026,0.7978558980307322,2.7910276591587966,4.427842940328006,0.11564254143598218,1.4078314046217308,2.9296365850764383,9.595675953456654,19.45235911325509,0,0,0,0,0,56.74253724786738,55.617355193671614,40.17399698741804,48.958500481698984,0,0,55.0
RESOLVUSDT,146,0.021,-1.9047619047619098,-4.761904761904765,1.0288065843621514,0.7179487179487243,1.4925373134328441,1.9417475728155391,1,-0.9129409884533877,1.2952600471398148,1.155317342387601,0.39259441378024723,0.8372724744212942,0.8570507587200443,0,0.5120470106989026,0.7978558980307322,2.6103893545351586,4.38267942841007,0.11683423783625006,1.4078314046217308,2.9296365850764383,10.266395157488887,18.547586081636965,0,0,0,0,0,56.74253724786738,55.617355193671614,42.41515351157115,55.42417968852843,0,0,75.0
RESOLVUSDT,147,0.0206,-2.4271844660194195,-2.9126213592233,1.0288065843621514,0.7179487179487243,0.9478672985781932,-0.4830917874396106,0,1.511898371801762,0.5528827033623646,1.155317342387601,0.39259441378024723,0.992326835512603,0.9257670437588076,0,0.5120470106989026,0.7978558980307322,2.5457638191143035,4.564741622593443,0.11217436889844923,1.4078314046217308,2.9296365850764383,8.099218439860952,17.004717839053225,0,0,0,0,0,56.74253724786738,55.617355193671614,56.677316194711565,51.416098739008866,0,0,55.0
RESOLVUSDT,148,0.0201,-0.9950248756218845,3.482587064676613,1.0288065843621514,0.7179487179487243,-2.884615384615384,-0.9852216748768414,0,2.0140282592389926,-0.5307704392953374,1.155317342387601,0.39259441378024723,1.1943811749213549,0.9292235106784482,0,0.5120470106989026,0.7978558980307322,2.6568751743852497,4.663958090016076,0.10978808145703933,1.4078314046217308,2.9296365850764383,7.110732421260224,14.73279273172315,0,0,0,0,0,56.74253724786738,55.617355193671614,40.06039670332116,46.854824137841696,0,0,55.0
RESOLVUSDT,149,0.0199,0.5025125628140673,3.0150753768844214,1.0288065843621514,0.7179487179487243,-1.4925373134328268,-5.238095238095239,0,6.26690182245739,-1.2459693123042976,1.155317342387601,0.39259441378024723,0.8496648958410762,0.8429025689666718,0,0.5120470106989026,0.7978558980307322,2.4038895297775036,4.553812810198137,0.11244357904922828,1.4078314046217308,2.9296365850764383,8.278587094901244,13.186464416723728,0,0,0,0,0,56.74253724786738,55.617355193671614,34.76574093214333,45.13018251816026,0,0,55.0
RESOLVUSDT,150,0.02,0.0,2.0000000000000053,1.0288065843621514,0.7179487179487243,0.5025125628140673,-2.9126213592233,0,3.9414279435854516,-0.1658383735245893,1.155317342387601,0.39259441378024723,0.9316998459001007,0.8883141782086885,0,0.5120470106989026,0.7978558980307322,2.2470432624785373,4.493112049993778,0.11396266218190834,1.4078314046217308,2.9296365850764383,9.23933448160008,12.01381005521954,0,0,0,0,0,56.74253724786738,55.617355193671614,39.92258867194231,46.19655594557667,0,0,55.0
RESOLVUSDT,151,0.02,3.9999999999999933,0.0,1.0288065843621514,0.7179487179487243,-2.4509803921568647,-0.49751243781094223,0,1.5263190221730936,-0.3004343819142328,1.155317342387601,0.39259441378024723,0.8836691124587513,0.9074300755092505,0,0.5120470106989026,0.7978558980307322,2.1136712984866404,4.279318332137079,0.1196562094606287,1.4078314046217308,2.9296365850764383,9.741872847251898,12.218146667786879,0,0,0,0,0,56.74253724786738,55.617355193671614,40.642234136418416,46.19655594557666,0,0,55.0
RESOLVUSDT,152,0.0208,-1.4423076923076836,-4.807692307692295,1.0288065843621514,0.7179487179487243,3.0150753768844214,4.522613065326623,1,-3.4938064809644716,2.32111093613048,1.155317342387601,0.39259441378024723,1.0349836721270567,1.079454342513288,0,0.5120470106989026,0.7978558980307322,1.9773194889907801,4.267248510836677,0.1199946544942389,1.4078314046217308,2.9296365850764383,5.481615190910816,12.18589102015021,0,0,0,0,0,56.74253724786738,55.617355193671614,54.81982413153788,54.416082431239495,0,0,75.0
RESOLVUSDT,153,0.0205,-0.48780487804877753,-2.4390243902439046,1.0288065843621514,0.7179487179487243,-2.3809523809523827,2.500000000000002,0,-1.4711934156378508,0.4664507303396238,1.155317342387601,0.39259441378024723,0.913642466657177,0.9371772983796095,0,0.5120470106989026,0.7978558980307322,2.1028224386483347,4.2294912798962985,0.12106586272745722,1.4078314046217308,2.9296365850764383,6.527184084807945,12.120987072228871,0,0,0,0,0,56.74253724786738,55.617355193671614,52.29743340682281,51.25395027223396,0,0,55.0
RESOLVUSDT,154,0.0204,-1.960784313725495,-2.941176470588234,1.0288065843621514,0.7179487179487243,-3.3492822966507143,2.0000000000000053,0,-0.9711934156378539,0.09936825141504169,1.155317342387601,0.39259441378024723,0.8946768620880428,0.9933120857507093,0,0.5120470106989026,0.7978558980307322,2.123075767264644,4.121706673992869,0.12423179308945372,1.4078314046217308,2.9296365850764383,7.035241626037236,12.021423595298986,0,0,0,0,0,56.74253724786738,55.617355193671614,45.98285764518989,50.20663535145417,0,0,55.0
RESOLVUSDT,155,0.02,-0.999999999999994,0.0,1.0288065843621514,0.7179487179487243,0.4926108374384378,-3.8461538461538396,0,4.874960430515991,-0.40169692660113154,1.155317342387601,0.39259441378024723,1.1820325164607692,1.0535845318637684,0,0.5120470106989026,0.7978558980307322,2.042756864448176,4.29670217836753,0.11917209744647636,1.4078314046217308,2.9296365850764383,6.212780370957809,12.11065330447475,0,0,0,0,0,56.74253724786738,55.617355193671614,49.586774084208315,46.1448423330249,0,0,55.0
RESOLVUSDT,156,0.0198,1.010101010101004,0.505050505050502,1.0288065843621514,0.7179487179487243,-2.9556650246305414,-3.4146341463414593,0,4.44344073070361,-1.1558859671652812,1.155317342387601,0.39259441378024723,0.9321537545108721,0.9830569531766065,0,0.5120470106989026,0.7978558980307322,2.127419475747584,4.282621090820916,0.11956393055560996,1.4078314046217308,2.9296365850764383,6.342575945971054,11.453415650144716,0,0,0,0,0,56.74253724786738,55.617355193671614,38.403273832594884,44.218576946771314,0,0,55.0
RESOLVUSDT,157,0.02,-0.999999999999994,0.999999999999994,1.0288065843621514,0.7179487179487243,0.0,-1.960784313725495,0,2.9895908980876467,-0.05350725285365482,1.155317342387601,0.39259441378024723,0.8648880803016398,0.9623855109353008,0,0.5120470106989026,0.7978558980307322,1.9816635017428665,4.115523817061799,0.12441842969687122,1.4078314046217308,2.9296365850764383,7.465502622917887,11.687628579696657,0,0,0,0,0,56.74253724786738,55.617355193671614,40.64082605815402,46.618347137904955,0,0,55.0
RESOLVUSDT,158,0.0198,1.010101010101004,4.040404040404033,1.0288065843621514,0.7179487179487243,-1.4851485148514763,-0.999999999999994,0,2.0288065843621457,-0.18459830313514863,1.155317342387601,0.39259441378024723,0.8957799722143313,1.030928693834228,0,0.5120470106989026,0.7978558980307322,2.046174446800464,4.0405346047477195,0.12672753998870243,1.4078314046217308,2.9296365850764383,6.353106743738148,11.979401362592574,0,0,0,0,0,56.74253724786738,55.617355193671614,44.340181436043075,44.554142098550514,0,0,55.0
RESOLVUSDT,159,0.02,-0.499999999999997,0.0,1.0288065843621514,0.7179487179487243,-0.5050505050505195,1.010101010101004,0,0.018705574261147495,0.56295145184034,1.155317342387601,0.39259441378024723,1.1146793564336868,1.0691323860293669,0,0.5120470106989026,0.7978558980307322,2.0263232228003765,3.8929771687930828,0.13153095651409882,1.4078314046217308,2.9296365850764383,5.183597241804311,11.23762100738869,0,0,0,0,0,56.74253724786738,55.617355193671614,41.40457906103817,47.07773373469396,0,0,55.0
RESOLVUSDT,160,0.0199,1.5075376884422018,1.0050251256281346,1.0288065843621514,0.7179487179487243,1.5151515151515058,-0.499999999999997,0,1.5288065843621483,0.6904767043655962,1.155317342387601,0.39259441378024723,1.044431992285178,0.9726896280551245,0,0.5120470106989026,0.7978558980307322,1.9279438475807538,3.7766477526425044,0.13558241176732075,1.4078314046217308,2.9296365850764383,3.2557499527868363,10.033960758793809,0,0,0,0,0,56.74253724786738,55.617355193671614,51.74056123976157,45.95156120233006,0,0,55.0
RESOLVUSDT,161,0.0202,1.9801980198019855,-0.9900990099009842,1.0288065843621514,0.7179487179487243,0.5025125628140673,2.020202020202008,1,-0.9913954358398565,1.0673674713317376,1.155317342387601,0.39259441378024723,0.935403664257989,0.9774897105086174,0,0.5120470106989026,0.7978558980307322,1.9036944047247935,3.73769014713089,0.13699557495207515,1.4078314046217308,2.9296365850764383,2.744100945065431,8.687381378504913,0,0,0,0,0,56.74253724786738,55.617355193671614,50.441966319575336,49.829025909415286,0,0,75.0
RESOLVUSDT,162,0.0206,-2.9126213592233,-2.9126213592233,1.0288065843621514,0.7179487179487243,3.517587939698488,2.999999999999999,1,-1.9711934156378477,2.066085810502341,1.155317342387601,0.39259441378024723,1.1655596231341132,1.0947559931371813,0,0.5120470106989026,0.7978558980307322,2.129988715597485,3.7500604460352696,0.1365436685801322,1.4078314046217308,2.9296365850764383,5.290366809964532,6.991483202219281,0,0,1,0,0,56.74253724786738,55.617355193671614,59.83730760737108,54.514573868820705,0,0,75.0
RESOLVUSDT,163,0.02,0.499999999999997,-1.5000000000000082,1.0288065843621514,0.7179487179487243,-2.4271844660194195,0.5025125628140673,0,0.5262940215480841,-0.04447915022361912,1.155317342387601,0.39259441378024723,0.9448558683392121,0.9202891487924655,0,0.5120470106989026,0.7978558980307322,2.097945454354764,3.8723792408865894,0.13223059489949862,1.4078314046217308,2.9296365850764383,6.344128239607808,6.909107349342807,0,0,0,0,0,56.74253724786738,55.617355193671614,48.93671510046841,47.36841524486264,0,0,55.0
RESOLVUSDT,164,0.0201,-0.49751243781094223,-1.9900497512437862,1.0288065843621514,0.7179487179487243,0.0,-0.4950495049504921,0,1.5238560893126436,0.3129264493400959,1.155317342387601,0.39259441378024723,0.922187745368047,0.9693966901116757,0,0.5120470106989026,0.7978558980307322,1.9545506357360336,3.8266474862491595,0.133810865134276,1.4078314046217308,2.9296365850764383,5.9208255656560365,6.597358910475972,0,0,0,0,0,56.74253724786738,55.617355193671614,47.409131684186114,48.57828881112483,0,0,55.0
RESOLVUSDT,165,0.02,0.0,-0.999999999999994,1.0288065843621514,0.7179487179487243,1.5075376884422018,-2.9126213592233,0,3.9414279435854516,0.0854179078824443,1.155317342387601,0.39259441378024723,1.009053981378094,1.0659676024701588,0,0.5120470106989026,0.7978558980307322,1.972708893655511,3.7853678148460896,0.13527008093920775,1.4078314046217308,2.9296365850764383,5.679068332835715,6.640071707807054,0,0,0,0,0,56.74253724786738,55.617355193671614,52.63672171790873,47.404743070018164,0,0,55.0
RESOLVUSDT,166,0.02,-1.5000000000000082,-0.499999999999997,1.0288065843621514,0.7179487179487243,-0.4926108374384207,0.0,0,1.0288065843621514,0.3135361162181137,1.155317342387601,0.39259441378024723,1.0298004450749225,0.9970305536133562,0,0.5120470106989026,0.7978558980307322,2.037774176673808,3.7649843994999417,0.1360024256055116,1.4078314046217308,2.9296365850764383,4.905382727562728,5.558017316525736,0,0,0,0,0,56.74253724786738,55.617355193671614,52.157522180188394,47.40474307001816,0,0,55.0
RESOLVUSDT,167,0.0197,0.0,-3.0456852791878166,1.0288065843621514,0.7179487179487243,-1.5000000000000082,-1.9900497512437862,0,3.0188563356059377,-0.4358236122332297,1.155317342387601,0.39259441378024723,1.124331064925417,0.9977651968933079,0,0.5120470106989026,0.7978558980307322,2.014240495779581,3.8031034948150286,0.13463925223097484,1.4078314046217308,2.9296365850764383,4.1957914367476405,5.449052138734381,0,0,0,0,0,56.74253724786738,55.617355193671614,41.13356734126567,43.72921212681028,0,0,55.0
RESOLVUSDT,168,0.0197,0.507614213197984,-2.4365482233502425,1.0288065843621514,0.7179487179487243,-1.0256410256410193,-1.5000000000000082,0,2.52880658436216,-0.19472143083253796,1.155317342387601,0.39259441378024723,1.128862439392657,0.9767273778444284,0,0.5120470106989026,0.7978558980307322,2.0087105318261496,3.7852603517843697,0.13527392123966422,1.4078314046217308,2.9296365850764383,5.160044207598247,5.710632299705985,0,0,0,0,0,56.74253724786738,55.617355193671614,35.984456666613255,43.72921212681028,0,0,55.0
RESOLVUSDT,169,0.0198,0.505050505050502,-2.626262626262642,1.0288065843621514,0.7179487179487243,1.5384615384615468,-0.999999999999994,0,2.0288065843621457,0.5713042101931072,1.155317342387601,0.39259441378024723,0.9648351125146968,0.9735059599078809,0,0.5120470106989026,0.7978558980307322,1.9426565779358715,3.7135828863346934,0.13788490155508365,1.4078314046217308,2.9296365850764383,5.555530089872191,5.7872228724596715,0,0,0,0,0,56.74253724786738,55.617355193671614,48.32419256417688,45.36679422889438,0,0,55.0
RESOLVUSDT,170,0.0199,-4.020100502512573,-2.462311557788949,1.0288065843621514,0.7179487179487243,0.5025125628140673,1.0152284263959506,1,0.013578157966200877,0.8161240728802234,1.155317342387601,0.39259441378024723,0.9657844656938706,0.9877891021082579,0,0.5120470106989026,0.7978558980307322,1.9192490727093459,3.610467462105348,0.1418229124270562,1.4078314046217308,2.9296365850764383,5.271765946361783,5.827174156010205,0,0,0,0,0,56.74253724786738,55.617355193671614,52.67727160576129,47.02699043759664,0,0,75.0
RESOLVUSDT,171,0.0191,0.6282722513089113,1.2565445026178044,1.0288065843621514,0.7179487179487243,-2.0100502512562866,-3.0456852791878166,0,4.074491863549968,-0.8272450570333069,1.155317342387601,0.39259441378024723,1.2782854079836372,1.1654612149656531,0,0.5120470106989026,0.7978558980307322,1.9727269824979854,4.016559208850612,0.1274839941536505,1.4078314046217308,2.9296365850764383,4.4420667258456215,7.185577372307242,0,0,0,0,0,56.74253724786738,55.617355193671614,41.638599765243335,37.269627571596025,0,0,55.0
RESOLVUSDT,172,0.01922,0.31217481789801016,0.4162330905306983,1.0288065843621514,0.7179487179487243,0.41862899005756266,-2.929292929292932,0,3.9580995136550836,-0.19097715923112346,1.155317342387601,0.39259441378024723,0.8901428082534885,0.9300492689582275,0,0.5120470106989026,0.7978558980307322,1.9347011635613125,3.817866997018013,0.13411860892452318,1.4078314046217308,2.9296365850764383,6.136759772244798,7.060319929528045,0,0,0,0,0,56.74253724786738,55.617355193671614,38.496072588193606,39.30395840268875,0,0,55.0
RESOLVUSDT,173,0.01928,0.6742738589211703,0.5186721991701394,1.0288065843621514,0.7179487179487243,0.20768431983386212,-3.1155778894472483,0,4.144384473809399,-0.29028456682562764,1.155317342387601,0.39259441378024723,0.9307938596414934,1.013873369900471,0,0.5120470106989026,0.7978558980307322,1.758659535081707,3.7156648187422974,0.13780764295963155,1.4078314046217308,2.9296365850764383,6.817142935625825,7.135861362482012,0,0,0,0,0,56.74253724786738,55.617355193671614,42.55655248519449,40.34565320558089,0,0,55.0
RESOLVUSDT,174,0.01941,-0.3606388459556961,0.46367851622874706,1.0288065843621514,0.7179487179487243,1.343669250645994,1.6230366492146664,1,-0.594230064852515,1.178365300542884,1.155317342387601,0.39259441378024723,0.8916883683481284,0.9226008017811824,0,0.5120470106989026,0.7978558980307322,1.6387750789796405,3.5817113055478376,0.142961553016787,1.4078314046217308,2.9296365850764383,6.552488383841353,6.997762186475907,0,0,0,0,0,56.74253724786738,55.617355193671614,51.91886898688256,42.64257678671967,0,0,75.0
RESOLVUSDT,175,0.01934,-0.20682523267837832,1.5511892450879095,1.0288065843621514,0.7179487179487243,-0.10245901639343845,0.6243496357960384,0,0.40445694856611303,0.5671614804283689,1.155317342387601,0.39259441378024723,1.022889986676535,0.9517891504652649,0,0.5120470106989026,0.7978558980307322,1.4952652329061111,3.4524051326964322,0.14831602636941352,1.4078314046217308,2.9296365850764383,5.252580063104683,7.271798148929232,0,0,0,0,0,56.74253724786738,55.617355193671614,49.422386546032165,41.7112606274074,0,0,55.0
TUTUSDT,50,0.01075,-1.1162790697674287,-2.325581395348823,-0.07283321194464379,-2.4262295081967133,-1.1100832562442213,0.8442776735459644,0,-0.9171108854906082,-0.6912170757099035,0.3926357373151523,1.3177946481341556,0.961306740159524,1.0026098825542022,0,0.26486565608867757,1.7129237174074323,0.983352450779709,2.2487192273785634,0.11778511646269142,0.7948808144666484,3.481523243374387,3.123898005218185,4.820540370646579,0,0,0,0,0,58.37918577725034,41.16423885159379,56.3738311165161,58.2026581230659,0,0,55.0
TUTUSDT,51,0.01063,-0.7525870178739436,-1.3170272812794095,-0.07283321194464379,-0.8502289077828641,-1.0280373831775607,0.37771482530689426,0,-0.450548037251538,-0.39334616939954353,0.3926357373151523,1.1981554641919376,0.9379351382550528,0.9781844266696786,0,0.26486565608867757,1.2294508467007141,0.9368153297306793,2.239339551311343,0.11827847006657563,0.7948808144666484,2.7383810471948786,2.8641031925550995,4.813374220181997,0,0,0,0,0,58.37918577725034,49.16821950894922,46.11416972583201,52.92883154148604,0,0,55.0
TUTUSDT,52,0.01055,1.2322274881516577,1.1374407582938417,-0.07283321194464379,0.7978723404255341,0.37735849056603876,-1.6775396085740877,0,1.604706396629444,-0.14378549738178964,0.3926357373151523,0.9841446329693789,1.1078855039113842,1.045292653851006,0,0.26486565608867757,0.9152322888347802,0.9401507695276121,2.2237937210271808,0.11910531700140554,0.7948808144666484,2.37234788070155,2.4415085173110636,4.806797426650909,0,0,0,0,0,58.37918577725034,48.15827243520336,50.79304399179955,49.695896494372,0,0,55.0
TUTUSDT,53,0.01068,-1.6853932584269624,0.18726591760298864,-0.07283321194464379,-2.50990752972259,0.2824858757062195,-0.651162790697664,0,0.5783295787530203,-0.7378544141646696,0.3926357373151523,1.1918885321431274,1.0064183489184144,1.0838963506902801,0,0.26486565608867757,0.9591065916752983,0.9686826371421131,2.1535133014906225,0.12299234739128029,0.7948808144666484,3.511418298259503,2.666055993432664,4.8949920915068565,0,0,0,0,0,58.37918577725034,37.069539540486105,52.11949228967142,54.55371322224066,0,0,55.0
TUTUSDT,54,0.0105,-0.09523809523810788,3.4285714285714213,-0.07283321194464379,0.1977587343441036,-0.2832861189801748,-1.2229539040451542,0,1.1501206921005105,-0.34532862515646734,0.3926357373151523,1.0107920520850457,1.0396005225036542,0.9603727579931477,0,0.26486565608867757,0.8697813253304401,0.9776020125023351,2.2108420869316867,0.11980306402447355,0.7948808144666484,5.089572896023701,2.48124518562242,4.849817790998566,0,0,0,0,0,58.37918577725034,55.64146229739065,45.201507331735776,47.68696350998131,0,0,55.0
TUTUSDT,55,0.01049,1.7159199237369052,5.624404194470927,-0.07283321194464379,-2.395619438740586,-0.7619047619047639,-0.5687203791469291,-1,0.4958871672022853,-0.9497694479342307,0.3926357373151523,1.0312580406880438,1.0035826531822514,1.052210251772041,0,0.26486565608867757,1.1224885218944642,0.9890683389355633,2.191065946249321,0.12088438348561624,0.7948808144666484,8.26414689162098,3.0996744086029766,4.858783272540731,0,0,0,0,0,58.37918577725034,24.939450772285397,36.37362665587821,47.33052843583529,0,0,35.0
TUTUSDT,56,0.01067,0.28116213683222846,3.7488284910965257,-0.07283321194464379,-0.9749303621169882,3.3589251439539307,-0.09363295880149432,0,0.02079974685685053,0.5543821527727012,0.3926357373151523,1.0381373785349355,1.0691204236469851,0.993196007912448,0,0.26486565608867757,0.9314911673638139,1.1047468040612733,2.254623531195742,0.11747666624778186,0.7948808144666484,2.6565208481653,3.423191550315669,4.988672418301355,0,0,1,0,0,58.37918577725034,38.77194279683757,62.552315441448094,53.99603575291962,0,0,55.0
TUTUSDT,57,0.0107,1.4953271028037425,3.2710280373831906,-0.07283321194464379,0.07163323782234665,-0.9250693802035097,1.904761904761893,0,-1.9775951167065369,0.24462313760902157,0.3926357373151523,0.9852264461879839,0.9058076882725983,0.9308109639865346,0,0.26486565608867757,0.6402557949543688,1.1008176187881644,2.167815954687325,0.12218087772441019,0.7948808144666484,3.7404853097479025,4.248475707315849,4.911496190790373,0,0,0,0,0,58.37918577725034,35.931158666663976,56.516278338744364,55.017794643554694,0,0,55.0
TUTUSDT,58,0.01086,2.0257826887661112,1.5653775322283612,-0.07283321194464379,-0.7241129616220087,0.46772684752104493,3.5271687321258396,0,-3.6000019440704834,0.799487351520058,0.3926357373151523,0.7342530545400396,0.9794696891216573,1.0215761998935893,0,0.26486565608867757,0.6165248757340877,1.00735213386157,2.1477453255525316,0.1233226551292984,0.7948808144666484,3.1068073758187076,4.634222053268893,5.247157907087784,0,0,0,1,0,58.37918577725034,37.974155657356384,58.17341657981589,60.10682645510056,0,0,55.0
TUTUSDT,59,0.01108,-0.09025270758122377,0.7220216606498214,-0.07283321194464379,1.1895910780669177,0.8310249307479207,3.842549203373935,0,-3.915382415318579,1.4475830000610324,0.3926357373151523,0.922106834516335,1.0574503505125692,1.0314912122971764,0,0.26486565608867757,0.6454999509094924,1.0888567571878103,2.1997078717219343,0.12040946868155741,0.7948808144666484,2.7652996603289495,5.839098344764539,6.484010243165036,0,0,0,1,0,58.37918577725034,44.234630206120904,65.09908359916338,65.8310144489876,0,0,55.0
TUTUSDT,60,0.01107,-0.18066847335139283,3.342366757000908,-0.07283321194464379,0.0,1.3799448022079193,3.4579439252336504,0,-3.530777137178294,1.1912638788742314,0.3926357373151523,0.8746437838612253,1.0338656266336672,1.0634747525769241,0,0.26486565608867757,0.536724112585915,1.205142682049185,2.1734799447853104,0.1218624799019437,0.7948808144666484,1.95290560635707,6.45924244833015,6.98278245495337,0,0,0,1,0,58.37918577725034,44.59329762528125,65.0391004163476,65.37185018376042,0,0,55.0
TUTUSDT,61,0.01105,-0.1809954751131305,3.4389140271493064,-0.07283321194464379,-0.14609203798393658,1.0000000000000067,1.7495395948434709,0,-1.8223728067881146,0.6326535862287244,0.3926357373151523,1.2718027652805306,0.9367942673928481,1.0051207520738104,0,0.26486565608867757,0.554061919382745,1.1534096840765493,2.1253102705498,0.12462446531167377,0.7948808144666484,1.4759441755484413,5.570424956492182,7.324100924420854,0,0,0,0,0,58.37918577725034,51.44055516714146,68.23020011826408,64.40431409668005,0,0,55.0
TUTUSDT,62,0.01103,1.1786038077969165,2.2665457842248435,-0.07283321194464379,0.5865102639296204,0.09041591320071964,-0.4512635379061345,0,0.37843032596149073,0.03820735681989043,0.3926357373151523,0.1356886123930116,0.8902445822159186,0.9886145199919217,0,0.26486565608867757,0.4826863821837808,1.0585809449751575,2.0742184973739084,0.1276941924990131,0.7948808144666484,1.4902105356311597,5.220831066056925,7.498635287976968,0,0,0,0,0,58.37918577725034,56.38229729072134,63.05129305948129,63.39387903941768,0,0,55.0
TUTUSDT,63,0.01116,2.5089605734767093,0.17921146953405842,-0.07283321194464379,0.5865102639296204,1.0869565217391333,0.813008130081299,0,-0.8858413420259428,0.6034104259513522,0.3926357373151523,0.1356886123930116,1.009059658527684,1.0412704795325536,0,0.26486565608867757,0.4826863821837808,1.1170180155428497,2.095636138878934,0.12638914321756645,0.7948808144666484,1.4902105356311597,3.778227029294714,7.721266453873149,0,0,0,0,0,58.37918577725034,56.38229729072134,66.0982450122799,67.01623942490033,0,0,55.0
TUTUSDT,64,0.01144,-0.08741258741259901,-4.108391608391607,-0.07283321194464379,0.5865102639296204,0.3584229390681013,3.5294117647058796,0,-3.6022449766505233,1.1003779389397395,0.3926357373151523,0.1356886123930116,1.055801164109376,0.9957581841811067,0,0.26486565608867757,0.4826863821837808,1.0742505243532718,2.1230949739545184,0.12475450195962434,0.7948808144666484,1.4902105356311597,2.7847192271170926,9.414868759194297,0,0,0,1,0,58.37918577725034,56.38229729072134,68.41552746032367,73.17365900468126,0,0,55.0
TUTUSDT,65,0.01143,-1.3123359580052416,-3.499562554680659,-0.07283321194464379,0.5865102639296204,-1.4912280701754388,3.62647325475974,0,-3.6993064667043836,0.6622305591423194,0.3926357373151523,0.1356886123930116,1.0911406270901647,1.0633278170272933,0,0.26486565608867757,0.4826863821837808,1.1798978074302533,2.1294006032153225,0.1243850761048623,0.7948808144666484,1.4902105356311597,4.442658689589725,10.504338334533758,0,0,0,1,0,58.37918577725034,56.38229729072134,58.7577497018278,72.65201658055423,0,0,55.0
TUTUSDT,66,0.01128,-0.8865248226950302,-0.9751773049645455,-0.07283321194464379,0.5865102639296204,0.6156552330694866,1.075268817204304,0,-1.1481020291489477,0.5511502755646918,0.3926357373151523,0.1356886123930116,1.11797005635699,1.0078140707908652,0,0.26486565608867757,0.4826863821837808,1.1625274737837632,2.1239085336357943,0.12470671495220635,0.7948808144666484,1.4902105356311597,5.295511703543587,10.842689908285505,0,0,0,0,0,58.37918577725034,56.38229729072134,66.20716337163384,65.14952791849947,0,0,55.0
TUTUSDT,67,0.01118,-1.8783542039356,-0.08944543828265944,-0.07283321194464379,0.5865102639296204,-0.8826125330979647,-2.272727272727271,0,2.1998940607826274,-0.6604156884600648,0.3926357373151523,0.1356886123930116,0.9437867485030139,0.960374353375089,0,0.26486565608867757,0.4826863821837808,1.0463896474123346,2.060119776209767,0.12856808577216836,0.7948808144666484,1.4902105356311597,4.384295921153983,10.944076168409696,0,0,0,0,0,58.37918577725034,56.38229729072134,51.891994333864034,60.652748499862305,0,0,55.0
TUTUSDT,68,0.01097,0.5469462169553263,0.0,-0.07283321194464379,0.5865102639296204,-0.8888888888888835,-4.024496937882753,0,3.951663725938109,-1.099927193696665,0.3926357373151523,0.1356886123930116,1.0091223974429746,1.0434563246642303,0,0.26486565608867757,0.4826863821837808,0.9505382821216154,2.1384152121000626,0.12386072386221117,0.7948808144666484,1.4902105356311597,3.5831398805860415,10.633723726715978,0,0,0,0,0,58.37918577725034,56.38229729072134,46.510830053578886,52.463377669693195,0,0,55.0
TUTUSDT,69,0.01103,1.2692656391659067,-1.2692656391659067,-0.07283321194464379,0.5865102639296204,-0.726612170753862,-2.2163120567375905,0,2.1434788447929467,-0.6073117938766189,0.3926357373151523,0.1356886123930116,0.9266424225164059,0.8998795013447631,0,0.26486565608867757,0.4826863821837808,0.9732092872579919,2.072007469224128,0.12783045429264675,0.7948808144666484,1.4902105356311597,5.768027347596614,10.543147343876969,0,0,0,0,0,58.37918577725034,56.38229729072134,34.57360143064341,54.35950306458714,0,0,55.0
TUTUSDT,70,0.01117,0.0,-3.4019695613249787,-0.07283321194464379,0.5865102639296204,-0.8189262966333013,-0.08944543828265944,0,0.01661222633801565,-0.09867367073274604,0.3926357373151523,0.1356886123930116,0.994494892999105,0.9763529016669029,0,0.26486565608867757,0.4826863821837808,0.9514943765198032,2.1492847615554913,0.12323432465830524,0.7948808144666484,1.4902105356311597,6.192004172673077,10.581365075460454,0,0,0,0,0,58.37918577725034,56.38229729072134,35.816270187523514,58.51733432133365,0,0,55.0
TUTUSDT,71,0.01117,-1.7905102954341878,-6.893464637421665,-0.07283321194464379,0.5865102639296204,1.4665444546287847,1.8231540565177644,0,-1.8959872684624082,0.9508438907828815,0.3926357373151523,0.1356886123930116,1.0070100679089322,1.0216016795132405,0,0.26486565608867757,0.4826863821837808,1.0583218691361884,2.187604810240906,0.12107564165554643,0.7948808144666484,1.4902105356311597,4.7165140934682395,10.342542987678751,0,0,0,0,0,58.37918577725034,56.38229729072134,48.794728759244606,58.51733432133365,0,0,55.0
TUTUSDT,72,0.01097,-0.7292616226071122,-8.477666362807659,-0.07283321194464379,0.5865102639296204,2.917046490428433,-0.5439709882139555,0,0.47113777626931175,0.7216881385498636,0.3926357373151523,0.1356886123930116,1.0390073537036266,1.1213401350180494,0,0.26486565608867757,0.4826863821837808,1.1334402828346473,2.2962761719955855,0.11534573206780058,0.7948808144666484,1.4902105356311597,4.3153906806251605,9.695392489008924,0,0,0,0,0,58.37918577725034,56.38229729072134,59.316444538437054,50.84333353504265,0,0,55.0
TUTUSDT,73,0.01089,-0.9182736455463832,-6.703397612488519,-0.07283321194464379,0.5865102639296204,0.0,-2.5067144136078694,0,2.4338812016632256,-0.4982593404057232,0.3926357373151523,0.1356886123930116,0.8545069574376946,0.9448042118628035,0,0.26486565608867757,0.4826863821837808,1.2088919816678079,2.331575133728784,0.11359945139965949,0.7948808144666484,1.4902105356311597,3.8388013440022037,9.370709124105625,0,0,0,0,0,58.37918577725034,56.38229729072134,49.35069391499731,48.12470387892434,0,0,55.0
TUTUSDT,74,0.01079,-3.614457831325299,-7.136237256719184,-0.07283321194464379,0.5865102639296204,0.5529953917050625,-3.4019695613249787,0,3.329136349380335,-0.5838242794087349,0.3926357373151523,0.1356886123930116,0.9270843318880173,0.9717733088706737,0,0.26486565608867757,0.4826863821837808,1.2485869771160458,2.3241168521248774,0.11396400135669514,0.7948808144666484,1.4902105356311597,4.299921727568439,8.571745075045865,0,0,0,0,0,58.37918577725034,56.38229729072134,43.7292322253691,44.893292935700444,0,0,55.0
TUTUSDT,75,0.0104,-3.461538461538454,-2.5961538461538405,-0.07283321194464379,0.5865102639296204,-1.6666666666666792,-5.195989061075671,0,5.1231558491310265,-1.5872446689393434,0.3926357373151523,0.1356886123930116,0.8956804051440554,1.0023349407338868,0,0.26486565608867757,0.4826863821837808,1.2636746097649567,2.5137628492277244,0.10536620674859974,0.7948808144666484,1.4902105356311597,6.436589566973973,8.963694769004144,0,0,0,0,0,58.37918577725034,56.38229729072134,33.64448836120572,35.01773815307189,0,0,55.0
TUTUSDT,76,0.01004,1.1952191235059793,-0.5976095617529983,-0.07283321194464379,0.5865102639296204,-4.281636536631786,-7.80532598714417,0,7.732492775199526,-2.8933213679477445,0.3926357373151523,0.1356886123930116,0.9872158869975409,1.0679367344445756,0,0.26486565608867757,0.4826863821837808,1.5559341468454428,2.9941714372196104,0.08846041772899683,0.7948808144666484,1.4902105356311597,11.369630376671733,11.609816658001039,0,0,0,0,0,58.37918577725034,56.38229729072134,20.671659080442495,28.73423002142485,0,0,55.0
TUTUSDT,77,0.01016,-1.377952755905524,-1.673228346456693,-0.07283321194464379,0.5865102639296204,0.3015075376884299,-5.83873957367932,0,5.765906361734676,-1.2558887460014785,0.3926357373151523,0.1356886123930116,1.0043613793841621,1.060299263598537,0,0.26486565608867757,0.4826863821837808,1.7516204154211437,2.9724357141866116,0.08910727819092848,0.7948808144666484,1.4902105356311597,15.223332525934635,13.207877251545042,0,0,0,0,0,58.37918577725034,56.38229729072134,27.155861074692993,33.0469185064355,0,0,55.0
TUTUSDT,78,0.01002,1.0978043912175721,4.391217564870272,-0.07283321194464379,0.5865102639296204,0.800000000000002,-3.6538461538461555,0,3.5810129419015118,-0.5850422754652942,0.3926357373151523,0.1356886123930116,0.960578157977802,0.9746974605106618,0,0.26486565608867757,0.4826863821837808,1.6582349178116524,2.9555126114183623,0.08961750156821949,0.7948808144666484,1.4902105356311597,14.20285971281124,15.22829720590396,0,0,0,0,0,58.37918577725034,56.38229729072134,34.21248414180516,30.711825355800826,0,0,55.0
TUTUSDT,79,0.01013,-1.480750246791716,1.1846001974333693,-0.07283321194464379,0.5865102639296204,0.692383778437197,0.89641434262948,0,-0.9692475545741238,0.5256187932629134,0.3926357373151523,0.1356886123930116,0.8821026435496456,0.9241386919564859,0,0.26486565608867757,0.4826863821837808,1.536300011586516,2.8626785556575647,0.09252371544308342,0.7948808144666484,1.4902105356311597,11.035748690646589,16.46074356946066,0,0,0,0,0,58.37918577725034,56.38229729072134,41.72978084549792,34.62079424246221,0,0,55.0
TUTUSDT,80,0.00998,0.10020040080161652,1.0020040080160435,-0.07283321194464379,0.5865102639296204,-1.1881188118811912,-1.7716535433070997,0,1.698820331362456,-0.6115238258008285,0.3926357373151523,0.1356886123930116,1.0247951638700223,0.967325867059338,0,0.26486565608867757,0.4826863821837808,1.51052765136372,2.912869589139312,0.09092945907232992,0.7948808144666484,1.4902105356311597,6.022997091840774,17.914448146433188,0,0,0,0,0,58.37918577725034,56.38229729072134,36.04608189085233,31.971955327298105,0,0,55.0
TUTUSDT,81,0.00999,4.704704704704703,-0.10010010010011337,-0.07283321194464379,0.5865102639296204,0.1994017946161434,-0.29940119760477824,0,0.22656798566013445,0.10341941224908544,0.3926357373151523,0.1356886123930116,1.0584747495842073,0.9701492078472844,0,0.26486565608867757,0.4826863821837808,1.4683609205663173,2.837950096488876,0.09332992021824854,0.7948808144666484,1.4902105356311597,3.1612002262626158,19.061587607780663,0,0,0,0,0,58.37918577725034,56.38229729072134,41.141190292371206,32.34359397364395,0,0,55.0
TUTUSDT,82,0.01046,-2.007648183556406,-6.214149139579362,-0.07283321194464379,0.5865102639296204,-0.19900497512437,3.2576505429417613,0,-3.330483754886405,0.893080654950592,0.3926357373151523,0.1356886123930116,1.1393534352873365,1.0585764596321414,0,0.26486565608867757,0.4826863821837808,1.3168881925017348,2.892410400375651,0.09157263991799997,0.7948808144666484,1.4902105356311597,2.6105344791266445,19.116862545079044,0,0,0,0,0,58.37918577725034,56.38229729072134,41.398370987339945,46.99904312571831,0,0,55.0
TUTUSDT,83,0.01025,-1.6585365853658538,-3.9024390243902545,-0.07283321194464379,0.5865102639296204,-0.38834951456310784,2.7054108216432984,0,-2.778244033587942,0.7076845897662918,0.3926357373151523,0.1356886123930116,1.0345172444893227,1.022679678144586,0,0.26486565608867757,0.4826863821837808,1.7066571767591192,3.075330775213108,0.08612590821887231,0.7948808144666484,1.4902105356311597,5.783461015324499,19.215670223761524,0,0,0,0,0,58.37918577725034,56.38229729072134,51.61945706826823,42.56269657472765,0,0,55.0
TUTUSDT,84,0.01008,-0.9920634920635033,-3.0753968253968376,-0.07283321194464379,0.5865102639296204,0.5865102639296288,0.9009009009008988,0,-0.9737341128455426,0.5002720542038761,0.3926357373151523,0.1356886123930116,1.025281953832723,1.0567365951674308,0,0.26486565608867757,0.4826863821837808,1.5834220595159696,3.1589273369979214,0.08384670738909493,0.7948808144666484,1.4902105356311597,6.078047175730079,18.799904513089206,0,0,0,0,0,58.37918577725034,56.38229729072134,53.0378564346225,39.32649200679994,0,0,55.0
TUTUSDT,85,0.00998,-1.7034068136272549,-3.707414829659307,-0.07283321194464379,0.5865102639296204,-2.165354330708676,-4.588910133843224,0,4.51607692189858,-1.5601468531417306,0.3926357373151523,0.1356886123930116,1.0452252035126137,1.0517450931276304,0,0.26486565608867757,0.4826863821837808,1.62779616180132,3.163082151733522,0.08373657192037152,0.7948808144666484,1.4902105356311597,6.324699606595888,18.246096098375673,0,0,0,0,0,58.37918577725034,56.38229729072134,37.58342448438992,37.51932769603499,0,0,55.0
TUTUSDT,86,0.00981,0.4077471967380235,-1.6309887869520763,-0.07283321194464379,0.5865102639296204,-0.899999999999998,-4.292682926829279,0,4.219849714884635,-1.169751468711075,0.3926357373151523,0.1356886123930116,0.9721268596015582,0.9186731296249047,0,0.26486565608867757,0.4826863821837808,1.5929952575087565,3.191919894902484,0.08298004486631061,0.7948808144666484,1.4902105356311597,6.573928532066814,18.17025582290658,0,0,0,0,0,58.37918577725034,56.38229729072134,38.6699510839744,34.607805539044705,0,0,55.0
TUTUSDT,87,0.00985,-0.8121827411167534,-2.030456852791866,-0.07283321194464379,0.5865102639296204,-0.30241935483871485,-2.281746031746042,0,2.208912819801398,-0.517622083649945,0.3926357373151523,0.1356886123930116,1.1047252405433052,1.0333420084732574,0,0.26486565608867757,0.4826863821837808,1.4858350148109891,3.0534122131755894,0.08674415296623635,0.7948808144666484,1.4902105356311597,7.678673233626377,17.880271240808582,0,0,0,0,0,58.37918577725034,56.38229729072134,40.105016984246404,35.868848388166796,0,0,55.0
TUTUSDT,88,0.00977,-1.637666325486169,-0.30706243602864663,-0.07283321194464379,0.5865102639296204,-2.7522935779816455,-2.1042084168336688,0,2.031375204889025,-1.0857062357075844,0.3926357373151523,0.1356886123930116,0.9897406175105798,1.0466161459116665,0,0.26486565608867757,0.4826863821837808,1.6065171238480545,3.1655902463600984,0.08367022750124688,0.7948808144666484,1.4902105356311597,7.613307300918158,18.018823627518927,0,0,0,0,0,58.37918577725034,56.38229729072134,28.78862869123199,34.43843357052691,0,0,55.0
TUTUSDT,89,0.00961,0.4162330905306983,2.3933402705515014,-0.07283321194464379,0.5865102639296204,1.244813278008302,-2.0387359836901,0,1.9659027717454562,-0.07006141342420535,0.3926357373151523,0.1356886123930116,0.8755409040699569,0.9224571707846908,0,0.26486565608867757,0.4826863821837808,1.5354152443368563,3.144504364428393,0.08423128906574907,0.7948808144666484,1.4902105356311597,6.150786490251271,18.092850743386656,0,0,0,0,0,58.37918577725034,56.38229729072134,43.114885124740816,31.714380996220342,0,0,55.0
TUTUSDT,90,0.00965,0.0,3.316062176165794,-0.07283321194464379,0.5865102639296204,-0.4110996916752323,-2.030456852791866,0,1.9576236408472223,-0.4819698731205304,0.3926357373151523,0.1356886123930116,0.8626434536509624,0.9231281912397826,0,0.26486565608867757,0.4826863821837808,1.4006091942271226,3.033626426706433,0.08730991191167814,0.7948808144666484,1.4902105356311597,5.454475006539345,17.08922240745171,0,0,0,0,0,58.37918577725034,56.38229729072134,42.04965555693862,33.13826441808946,0,0,55.0
TUTUSDT,91,0.00965,0.93264248704663,12.435233160621758,-0.07283321194464379,0.5865102639296204,-0.7231404958677571,-1.2282497441146223,0,1.1554165321699785,-0.3594282969993507,0.3926357373151523,0.1356886123930116,1.0848218512030463,0.9737253993142058,0,0.26486565608867757,0.4826863821837808,1.2522182382068436,2.935369616804752,0.09023247177198512,0.7948808144666484,1.4902105356311597,4.296187438285428,15.414196386768053,0,0,0,0,0,58.37918577725034,56.38229729072134,38.695460012808375,33.13826441808946,0,0,55.0
TUTUSDT,92,0.00974,1.0266940451745317,9.753593429158105,-0.07283321194464379,0.5865102639296204,0.3095975232198016,1.3527575442247648,0,-1.4255907561694086,0.5440080298573857,0.3926357373151523,0.1356886123930116,1.0628397341690201,0.9655470315018838,0,0.26486565608867757,0.4826863821837808,1.1980949055453485,2.81051714893045,0.0942408966226991,0.7948808144666484,1.4902105356311597,2.999555254375941,13.770843858710869,0,0,0,0,0,58.37918577725034,56.38229729072134,46.984270489512966,36.5886231514105,0,0,55.0
TUTUSDT,93,0.00984,1.3211382113821128,7.9268292682926775,-0.07283321194464379,0.5865102639296204,0.7194244604316431,1.968911917098437,0,-2.041745129043081,0.8005033573787642,0.3926357373151523,0.1356886123930116,0.9245456849374404,0.9941843795570838,0,0.26486565608867757,0.4826863821837808,1.0530652225198696,2.750200939297138,0.0963077469373451,0.7948808144666484,1.4902105356311597,2.4108447125657144,11.6837854227791,0,0,0,0,0,58.37918577725034,56.38229729072134,52.5447103018605,40.27648096628464,0,0,55.0
TUTUSDT,94,0.00997,8.826479438314951,7.522567703109336,-0.07283321194464379,0.5865102639296204,-0.6060606060606164,3.316062176165794,0,-3.388895388110438,0.8059196555225385,0.3926357373151523,0.1356886123930116,0.9227975305118138,0.9693792875827019,0,0.26486565608867757,0.4826863821837808,1.0327956567888759,2.6494175680963594,0.09997127643378123,0.7948808144666484,1.4902105356311597,3.484141041199709,9.27810805779977,0,0,0,0,0,58.37918577725034,56.38229729072134,54.22193186649951,44.773096100107786,0,0,55.0
TUTUSDT,95,0.01085,-1.4746543778801882,-0.6451612903225863,-0.07283321194464379,0.5865102639296204,6.4842958459979725,11.39630390143737,0,-11.469137113382015,4.5985691998550795,0.3926357373151523,0.1356886123930116,1.0403694282828995,1.237225336247426,0,0.26486565608867757,0.4826863821837808,1.4532185766013075,3.070381902573859,0.08626472682979415,0.7948808144666484,1.4902105356311597,9.618462197308144,11.497697137023147,0,0,1,1,0,58.37918577725034,56.38229729072134,79.99428673567765,64.34359466995232,0,0,55.0
TUTUSDT,96,0.01069,-0.6548175865294725,0.09354536950420572,-0.07283321194464379,0.5865102639296204,-1.9999999999999976,8.638211382113822,0,-8.711044594058466,1.7879721085247002,0.3926357373151523,0.1356886123930116,1.0442491058034151,1.0757604183469782,0,0.26486565608867757,0.4826863821837808,1.892936875656126,3.1944231415077033,0.08291501919300094,0.7948808144666484,1.4902105356311597,18.298788629722317,12.973723692916876,0,0,0,1,0,58.37918577725034,56.38229729072134,71.95497136908477,60.168715352455514,0,0,55.0
TUTUSDT,97,0.01062,0.941619585687393,3.0131826741996317,-0.07283321194464379,0.5865102639296204,-1.6589861751152037,6.51955867602808,0,-6.592391887972724,1.3435623882244632,0.3926357373151523,0.1356886123930116,0.807220663898161,1.0223225698114506,0,0.26486565608867757,0.4826863821837808,1.8415811440897534,3.1068669893417105,0.08525168827546037,0.7948808144666484,1.4902105356311597,18.224616871368898,13.90666786227642,0,0,0,0,0,58.37918577725034,56.38229729072134,64.12682330131514,58.38389539023319,0,0,55.0
TUTUSDT,98,0.01072,0.5597014925373068,5.130597014925374,-0.07283321194464379,0.5865102639296204,0.8474576271186587,-1.1981566820276488,0,1.125323470083005,0.04074449926899665,0.3926357373151523,0.1356886123930116,0.8450475239473134,0.9402029023025946,0,0.26486565608867757,0.4826863821837808,1.6307306399995063,3.1911917413946984,0.08299897892469446,0.7948808144666484,1.4902105356311597,15.354444161716895,15.023869988536706,0,0,0,0,0,58.37918577725034,56.38229729072134,63.902867969535315,60.20021009291324,0,0,55.0
TUTUSDT,99,0.01078,-0.7421150278293156,7.60667903525046,-0.07283321194464379,0.5865102639296204,1.2229539040451542,0.8419083255378841,0,-0.9147415374825278,0.6446348203920038,0.3926357373151523,0.1356886123930116,0.9370313678695753,0.9281235703874254,0,0.26486565608867757,0.4826863821837808,1.679063980889185,3.1322851913647303,0.08455987878079395,0.7948808144666484,1.4902105356311597,10.147284347187744,16.141102421899962,0,0,0,0,0,58.37918577725034,56.38229729072134,63.83283396898445,61.29182217349118,0,0,55.0
TUTUSDT,100,0.0107,2.2429906542056135,7.19626168224299,-0.07283321194464379,0.5865102639296204,-0.0931098696461787,0.7532956685499079,0,-0.8261288804945517,0.2934657127221765,0.3926357373151523,0.1356886123930116,0.9530705678531307,0.9678771432621595,0,0.26486565608867757,0.4826863821837808,1.6112515803206162,3.0237546509870046,0.08759495615896645,0.7948808144666484,1.4902105356311597,3.876786594632352,16.789605023111328,0,0,0,0,0,58.37918577725034,56.38229729072134,60.598565373545945,58.96941793868184,0,0,55.0
TUTUSDT,101,0.01094,3.016453382084099,5.3930530164533845,-0.07283321194464379,0.5865102639296204,2.2471910112359446,2.0522388059701466,0,-2.1250720179147904,1.203276717297767,0.3926357373151523,0.1356886123930116,1.009464173613561,0.967563028681038,0,0.26486565608867757,0.4826863821837808,1.5150805268123477,2.9681657871003675,0.08923546563328177,0.7948808144666484,1.4902105356311597,2.920654258179888,17.937824273501374,0,0,1,0,0,58.37918577725034,56.38229729072134,67.3395150548481,63.444435231573436,0,0,55.0
TUTUSDT,102,0.01127,2.928127772848258,11.535048802129538,-0.07283321194464379,0.5865102639296204,2.3853211009174298,4.545454545454553,0,-4.618287757399197,1.86111317458924,0.3926357373151523,0.1356886123930116,1.0407320726241363,0.9793389376452919,0,0.26486565608867757,0.4826863821837808,1.482330640578044,2.966995425538182,0.08927066547149587,0.7948808144666484,1.4902105356311597,5.442022214468956,19.979595753235245,0,0,1,1,0,58.37918577725034,56.38229729072134,74.22239926824523,68.52729867269079,0,0,55.0
TUTUSDT,103,0.0116,-1.120689655172413,11.120689655172425,-0.07283321194464379,0.5865102639296204,1.4209591474245153,8.411214953271026,0,-8.48404816521567,2.586462788170129,0.3926357373151523,0.1356886123930116,1.1171614453241319,1.0258276559009765,0,0.26486565608867757,0.4826863821837808,1.591946955271876,3.046148397756152,0.08695100221768,0.7948808144666484,1.4902105356311597,8.698878446760592,22.95033893389227,0,0,1,1,0,58.37918577725034,56.38229729072134,78.84885132897087,72.62625954319296,0,0,55.0
TUTUSDT,104,0.01147,0.5231037489102095,12.728857890148223,-0.07283321194464379,0.5865102639296204,0.254668930390482,4.844606946983539,0,-4.9174401589281835,1.4032382323397494,0.3926357373151523,0.1356886123930116,1.0499609075247938,0.973392659617976,0,0.26486565608867757,0.4826863821837808,1.8048086036431314,3.0972672710276976,0.08551591868298568,0.7948808144666484,1.4902105356311597,13.252739134005918,24.685998417604413,0,0,0,0,0,58.37918577725034,56.38229729072134,76.66302982024855,68.82356855666424,0,0,55.0
TUTUSDT,105,0.01153,9.019947961838675,10.841283607979179,-0.07283321194464379,0.5865102639296204,0.8576329331046261,2.307009760425908,0,-2.3798429723705516,0.9195799363788777,0.3926357373151523,0.1356886123930116,0.9009981160017515,0.9469254581234094,0,0.26486565608867757,0.4826863821837808,1.9103450421189612,3.0655031767001613,0.08640201651129596,0.7948808144666484,1.4902105356311597,13.21780754160698,26.03336220994011,0,0,0,0,0,58.37918577725034,56.38229729072134,67.42041490742,69.61435355103104,0,0,55.0
TUTUSDT,106,0.01257,2.5457438345266574,1.193317422434374,-0.07283321194464379,0.5865102639296204,3.7132987910189965,8.362068965517246,0,-8.43490217746189,3.147261202130305,0.3926357373151523,0.1356886123930116,1.1361884125371038,1.2381041440544351,0,0.26486565608867757,0.4826863821837808,1.9162165843939698,3.6168216340242485,0.07323160578255428,0.7948808144666484,1.4902105356311597,10.377271925474094,30.383789743395294,0,0,0,1,0,58.37918577725034,56.38229729072134,68.87405522388032,79.37826742097553,0,0,55.0
TUTUSDT,107,0.01289,0.31031807602792943,-5.197827773467808,-0.07283321194464379,0.5865102639296204,3.1897926634768683,12.380122057541424,0,-12.452955269486068,4.020897943250818,0.3926357373151523,0.1356886123930116,1.0774867954893368,1.1927592852231959,0,0.26486565608867757,0.4826863821837808,2.5776125469302755,3.9345274477219463,0.06731828907230836,0.7948808144666484,1.4902105356311597,16.820640319966696,34.54725487568792,0,0,1,1,0,58.37918577725034,56.38229729072134,80.15676101202678,81.36271416234852,0,0,55.0
TUTUSDT,108,0.01293,-1.1600928074246004,-6.34184068058779,-0.07283321194464379,0.5865102639296204,-4.094010614101596,12.142237640936688,0,-12.215070852881333,2.140476019705017,0.3926357373151523,0.1356886123930116,0.9324984515012993,1.046439426286797,0,0.26486565608867757,0.4826863821837808,2.9363595699383556,4.006788003617095,0.06610423507546999,0.7948808144666484,1.4902105356311597,19.114544310526647,37.1996878768719,0,0,0,1,0,58.37918577725034,56.38229729072134,64.84106852976286,81.60105687096397,0,0,55.0
TUTUSDT,109,0.01278,-0.4694835680751118,-2.8169014084506983,-0.07283321194464379,0.5865102639296204,-0.9280742459396776,1.6706443914081155,0,-1.7434776033527593,0.31406179936335366,0.3926357373151523,0.1356886123930116,0.7982534395850912,0.9884966875256265,0,0.26486565608867757,0.4826863821837808,2.679589243435373,3.9375195368209126,0.06726713445148406,0.7948808144666484,1.4902105356311597,19.08769867198372,37.86143170359179,0,0,0,0,0,58.37918577725034,56.38229729072134,64.68090353586271,77.59366843731722,0,0,55.0
TUTUSDT,110,0.01272,-3.9308176100628964,-3.0660377358490543,-0.07283321194464379,0.5865102639296204,1.1755485893416855,-1.3188518231186968,0,1.246018611174053,0.0925934545519913,0.3926357373151523,0.1356886123930116,0.9028353396539744,0.9842248031089766,0,0.26486565608867757,0.4826863821837808,2.564607844722096,3.8925173845879737,0.06804482290493709,0.7948808144666484,1.4902105356311597,15.19547136614176,37.59726904515816,0,0,0,0,0,58.37918577725034,56.38229729072134,63.818558153297275,75.98619056312008,0,0,55.0
TUTUSDT,111,0.01222,-0.9001636661211189,0.08183306055646147,-0.07283321194464379,0.5865102639296204,-0.23640661938534682,-5.491105955143082,0,5.418272743198438,-1.3034588806358631,0.3926357373151523,0.1356886123930116,0.962815908580352,1.0158954700703358,0,0.26486565608867757,0.4826863821837808,2.548282939786027,4.294287320057678,0.061678606098746105,0.7948808144666484,1.4902105356311597,4.871824667289974,35.66924606357245,0,0,0,0,0,58.37918577725034,56.38229729072134,56.08886479668702,64.07371410062302,0,0,55.0
TUTUSDT,112,0.01211,2.5598678777869632,0.24772914946325775,-0.07283321194464379,0.5865102639296204,-8.692307692307685,-5.242566510172147,0,5.169733298227503,-3.3552992876237138,0.3926357373151523,0.1356886123930116,1.0561194647857313,0.9592765901660983,0,0.26486565608867757,0.4826863821837808,3.1529286460062713,4.389468465638567,0.060341168449457284,0.7948808144666484,1.4902105356311597,9.836245259846995,33.297953684757225,0,0,0,0,0,58.37918577725034,56.38229729072134,39.699513201821034,61.779066038722846,0,0,55.0
TUTUSDT,113,0.01242,-0.7246376811594186,-0.5636070853462207,-0.07283321194464379,0.5865102639296204,2.5726141078838136,-2.358490566037735,0,2.2856573540930913,0.1819501484577638,0.3926357373151523,0.1356886123930116,1.130656047264297,1.028889317291506,0,0.26486565608867757,0.4826863821837808,3.178202989992298,4.445790318296984,0.059576731497795354,0.7948808144666484,1.4902105356311597,10.904657618934136,31.031497617888505,0,0,0,0,0,58.37918577725034,56.38229729072134,50.45818576338324,65.52604293399702,0,0,55.0
TUTUSDT,114,0.01233,-0.8110300081103092,0.9732360097323485,-0.07283321194464379,0.5865102639296204,-0.08110300081104077,0.9001636661211189,0,-0.9729968780657626,0.3331844293237637,0.3926357373151523,0.1356886123930116,0.8876516617681101,0.904888979487266,0,0.26486565608867757,0.4826863821837808,2.9341066610778337,4.349538319964263,0.060895119574634254,0.7948808144666484,1.4902105356311597,9.865600443649573,28.39779141015638,0,0,0,0,0,58.37918577725034,56.38229729072134,49.32462430540951,63.57733158239511,0,0,55.0
TUTUSDT,115,0.01223,-0.735895339329516,-0.6541291905151285,-0.07283321194464379,0.5865102639296204,-2.344381568310431,0.9909165978530168,0,-1.0637498097976605,-0.20994697961810938,0.3926357373151523,0.1356886123930116,0.9796643435191994,0.8763144440952805,0,0.26486565608867757,0.4826863821837808,2.5975689684769825,4.270456122573716,0.062022802362631115,0.7948808144666484,1.4902105356311597,8.769891830851577,27.657342174828802,0,0,0,0,0,58.37918577725034,56.38229729072134,43.03916411468894,61.39263066948206,0,0,55.0
TUTUSDT,116,0.01214,1.7298187808896222,-0.7413509060955503,-0.07283321194464379,0.5865102639296204,0.7364975450081817,-2.254428341384869,0,2.1815951294402254,-0.2510634360979277,0.3926357373151523,0.1356886123930116,0.9924987131441498,0.9534578770662634,0,0.26486565608867757,0.4826863821837808,2.2681454084778054,4.25370568915036,0.06226703854106609,0.7948808144666484,1.4902105356311597,7.089069937565537,26.266853531989277,0,0,0,0,0,58.37918577725034,56.38229729072134,50.39516315600116,59.41381947231725,0,0,55.0
TUTUSDT,117,0.01235,0.8097165991902786,1.457489878542507,-0.07283321194464379,0.5865102639296204,0.08203445447088865,0.1622060016220534,0,-0.23503921356669719,0.18947937701947964,0.3926357373151523,0.1356886123930116,1.1174039529007647,0.9791752451761219,0,0.26486565608867757,0.4826863821837808,2.33491758781346,4.160322914179929,0.06366468698521377,0.7948808144666484,1.4902105356311597,3.7652694258931816,24.51413019985039,0,0,0,0,0,58.37918577725034,56.38229729072134,48.131474481862405,62.454737606041355,0,0,55.0
TUTUSDT,118,0.01245,-2.409638554216867,-0.8032128514056177,-0.07283321194464379,0.5865102639296204,2.642444260941378,1.7988552739165962,0,-1.87168848586124,1.2387441467107378,0.3926357373151523,0.1356886123930116,0.9280073579683931,0.9685415449496986,0,0.26486565608867757,0.4826863821837808,2.1627035826944727,4.090303177691267,0.06475452908558688,0.7948808144666484,1.4902105356311597,3.7656569702229215,22.737729714314465,0,0,0,0,0,58.37918577725034,56.38229729072134,55.423672516496055,63.84396313290728,0,0,55.0
TUTUSDT,119,0.01215,-0.823045267489707,2.880658436214003,-0.07283321194464379,0.5865102639296204,0.16260162601625353,0.0823723228995024,0,-0.15520553484414618,0.1896627502251831,0.3926357373151523,0.1356886123930116,1.0216644121867737,0.9252029091830413,0,0.26486565608867757,0.4826863821837808,2.1598024979634616,4.1799857102253455,0.06336520611559662,0.7948808144666484,1.4902105356311597,3.798712042429311,20.556531777847262,0,0,0,0,0,58.37918577725034,56.38229729072134,50.870140490960594,57.02681591829291,0,0,55.0
TUTUSDT,120,0.01205,3.983402489626552,5.2282157676348575,-0.07283321194464379,0.5865102639296204,-1.6339869281045656,-2.4291497975708496,0,2.356316585626206,-0.8873649184226097,0.3926357373151523,0.1356886123930116,0.9876028506707961,1.0159805634667256,0,0.26486565608867757,0.4826863821837808,2.13148744228725,4.109239732839914,0.06445612164506834,0.7948808144666484,1.4902105356311597,4.612307381629834,17.56332394123082,0,0,0,0,0,58.37918577725034,56.38229729072134,43.68572949047586,54.9216336189963,0,0,55.0
TUTUSDT,121,0.01253,-1.4365522745410984,3.0327214684756596,-0.07283321194464379,0.5865102639296204,0.5785123966942199,0.6425702811244998,0,-0.7154034930691435,0.4336899324509241,0.3926357373151523,0.1356886123930116,1.0247141695169095,0.9802567142664868,0,0.26486565608867757,0.4826863821837808,1.8554778483996666,4.079993182928814,0.06491816143147189,0.7948808144666484,1.4902105356311597,4.830922522251251,15.031425618143999,0,0,0,0,0,58.37918577725034,56.38229729072134,48.6402372857839,62.145280940717115,0,0,55.0
TUTUSDT,122,0.01235,1.214574898785432,2.5910931174089136,-0.07283321194464379,0.5865102639296204,-0.08045052292839576,1.6460905349794281,0,-1.718923746924072,0.5198292660090023,0.3926357373151523,0.1356886123930116,0.8933965721799454,0.9667191627082871,0,0.26486565608867757,0.4826863821837808,1.8748869596288784,4.057779581071571,0.06527354450798738,0.7948808144666484,1.4902105356311597,5.692492937992811,13.116095130807501,0,0,0,0,0,58.37918577725034,56.38229729072134,55.26131625016738,58.36800129517558,0,0,55.0
TUTUSDT,123,0.0125,1.4399999999999968,0.3999999999999976,-0.07283321194464379,0.5865102639296204,-0.08038585209002888,3.7344398340249025,0,-3.8072730459695463,1.0419327584799625,0.3926357373151523,0.1356886123930116,1.0666721971314421,0.9575318115567826,0,0.26486565608867757,0.4826863821837808,1.6926026668925072,3.9398657813773754,0.06722707594269382,0.7948808144666484,1.4902105356311597,5.663947490962854,12.076630488745488,0,0,0,0,0,58.37918577725034,56.38229729072134,55.027357230337415,60.52145508707674,0,0,55.0
TUTUSDT,124,0.01268,1.81388012618296,-1.5772870662460607,-0.07283321194464379,0.5865102639296204,0.5599999999999911,1.1971268954509244,0,-1.2699601073955682,0.5677009868589731,0.3926357373151523,0.1356886123930116,1.0061817982958063,0.9771772939997865,0,0.26486565608867757,0.4826863821837808,1.6009313688412024,3.7980407248412775,0.06973744498217471,0.7948808144666484,1.4902105356311597,6.642431409093062,10.379439512600323,0,0,0,0,0,58.37918577725034,56.38229729072134,58.719198719206474,62.995079192403836,0,0,55.0
TUTUSDT,125,0.01291,-1.859024012393485,-2.478698683191318,-0.07283321194464379,0.5865102639296204,0.5507474429582917,4.5344129554655845,0,-4.607246167410229,1.3997093626022132,0.3926357373151523,0.1356886123930116,1.1167844527475128,1.0220021151495329,0,0.26486565608867757,0.4826863821837808,1.5517285857520478,3.7405612099304877,0.07080906880644246,0.7948808144666484,1.4902105356311597,6.485288721825396,8.749931380187551,0,0,0,0,0,58.37918577725034,56.38229729072134,63.894301452337004,65.93241705538009,0,0,55.0
TUTUSDT,126,0.01267,-0.9471191791633806,-1.6574585635359125,-0.07283321194464379,0.5865102639296204,-1.550387596899229,1.36,0,-1.4328332119446439,0.08082236377143698,0.3926357373151523,0.1356886123930116,1.017764339563826,0.9644988604854468,0,0.26486565608867757,0.4826863821837808,1.630576333350582,3.736488825474313,0.07088624333168059,0.7948808144666484,1.4902105356311597,5.253003435897149,8.835370406010968,0,0,0,0,0,58.37918577725034,56.38229729072134,56.62266657128238,60.53291054007142,0,0,55.0
TUTUSDT,127,0.01255,-0.5577689243027938,2.8685258964143365,-0.07283321194464379,0.5865102639296204,-1.2558869701726878,-1.025236593059936,0,0.9524033811152923,-0.44186162781191185,0.3926357373151523,0.1356886123930116,0.9778766673725926,0.9892040733288349,0,0.26486565608867757,0.4826863821837808,1.4459320228540038,3.656443223926432,0.07243806066931198,0.7948808144666484,1.4902105356311597,5.019809221283569,8.320295017914498,0,0,0,0,0,58.37918577725034,56.38229729072134,50.63008071009645,57.976324352853055,0,0,55.0
TUTUSDT,128,0.01248,0.8814102564102623,3.124999999999998,-0.07283321194464379,0.5865102639296204,-0.556881463802696,-3.330751355538341,0,3.257918143593697,-0.843488941839015,0.3926357373151523,0.1356886123930116,1.0329540138530633,0.9774756525521349,0,0.26486565608867757,0.4826863821837808,1.3947617398366168,3.568845650089271,0.07421605809207586,0.7948808144666484,1.4902105356311597,3.597473209248181,7.56543690916142,0,0,0,0,0,58.37918577725034,56.38229729072134,46.8186133892728,56.47785268617013,0,0,55.0
TUTUSDT,129,0.01259,-1.032565528196981,2.779984114376486,-0.07283321194464379,0.5865102639296204,0.320256204963972,-0.6314127861089204,0,0.5585795741642766,0.050630117710007055,0.3926357373151523,0.1356886123930116,0.9843068998359212,1.0139554615862851,0,0.26486565608867757,0.4826863821837808,1.2073343335499602,3.4041161821768027,0.07780746658279626,0.7948808144666484,1.4902105356311597,3.8593152211580537,7.22671063970705,0,0,0,0,0,58.37918577725034,56.38229729072134,48.840723905150874,58.30172839795805,0,0,55.0
TUTUSDT,130,0.01246,3.611556982343491,5.698234349919733,-0.07283321194464379,0.5865102639296204,-0.5591054313099091,-0.7171314741035841,0,0.6442982621589404,-0.19063996335712916,0.3926357373151523,0.1356886123930116,1.042502383302221,1.0375086767335704,0,0.26486565608867757,0.4826863821837808,1.1249222818669955,3.3315277203444014,0.07950276219262456,0.7948808144666484,1.4902105356311597,4.044742559626037,6.899758453839726,0,0,0,0,0,58.37918577725034,56.38229729072134,44.49205668276736,55.34960309733497,0,0,55.0
TUTUSDT,131,0.01291,-0.3098373353989164,-2.1688613477924013,-0.07283321194464379,0.5865102639296204,2.344381568310417,3.4455128205128194,0,-3.518346032457463,1.5758928602020532,0.3926357373151523,0.1356886123930116,0.8878721452344636,1.0382044872259528,0,0.26486565608867757,0.4826863821837808,1.129706501656804,3.511347018597911,0.0754313528927252,0.7948808144666484,1.4902105356311597,2.833894543605144,7.567842221888134,0,0,0,0,0,58.37918577725034,56.38229729072134,56.68971120971919,62.439481414959694,0,0,55.0
TUTUSDT,132,0.01287,0.5439005439005488,-2.0979020979020935,-0.07283321194464379,0.5865102639296204,0.15588464536243898,2.2239872915011833,0,-2.296820503445827,0.7233872472121498,0.3926357373151523,0.1356886123930116,0.9586314708694619,1.0350561560857536,0,0.26486565608867757,0.4826863821837808,1.4599640511447105,3.48157048579913,0.07607648823111005,0.7948808144666484,1.4902105356311597,4.912866723253569,7.688285440932094,0,0,0,0,0,58.37918577725034,56.38229729072134,62.287586196242934,61.504607016828125,0,0,55.0
TUTUSDT,133,0.01294,1.7774343122101954,1.1591962905718631,-0.07283321194464379,0.5865102639296204,0.7003891050583643,3.852327447833062,0,-3.925160659777706,1.2665984012191007,0.3926357373151523,0.1356886123930116,0.9220518686988243,0.9891380111364003,0,0.26486565608867757,0.4826863821837808,1.3795725881136471,3.347877886835132,0.07911449134098032,0.7948808144666484,1.4902105356311597,6.2680946804234585,8.292000620507974,0,0,0,0,0,58.37918577725034,56.38229729072134,63.8612065187969,62.56103653526705,0,0,55.0
TUTUSDT,134,0.01317,-4.100227790432793,-2.809415337889133,-0.07283321194464379,0.5865102639296204,0.3088803088803097,2.0139426800929496,0,-2.0867758920375934,0.709125010239559,0.3926357373151523,0.1356886123930116,1.008123164200461,0.9858522682566332,0,0.26486565608867757,0.4826863821837808,1.2940494518200456,3.2334310560983077,0.08191473747032159,0.7948808144666484,1.4902105356311597,6.544896023442227,9.340477415101587,0,0,0,1,0,58.37918577725034,56.38229729072134,65.29852453402688,65.87479964839241,0,0,55.0
TUTUSDT,135,0.01263,-0.23752969121140546,3.0087094220110853,-0.07283321194464379,0.5865102639296204,-2.353834472285494,-1.864801864801856,0,1.7919686528572123,-0.9262398212755933,0.3926357373151523,0.1356886123930116,1.1769896152771537,1.0675599007131003,0,0.26486565608867757,0.4826863821837808,1.3992292886377657,3.475827005511771,0.07620219753994331,0.7948808144666484,1.4902105356311597,6.2325634736173265,9.041078670870359,0,0,0,0,0,58.37918577725034,56.38229729072134,50.85520793310855,53.8283443782204,0,0,55.0
TUTUSDT,136,0.0126,3.888888888888882,2.301587301587304,-0.07283321194464379,0.5865102639296204,-2.4162120031176895,-2.627511591962906,0,2.554678380018262,-1.1325116357739047,0.3926357373151523,0.1356886123930116,1.035568294615023,0.9755903126905594,0,0.26486565608867757,0.4826863821837808,1.3853805713989487,3.3542859185656333,0.07896335092446144,0.7948808144666484,1.4902105356311597,5.599862068613086,8.465915996009992,0,0,0,0,0,58.37918577725034,56.38229729072134,38.467110569216544,53.24578874252727,0,0,55.0
TUTUSDT,137,0.01309,-2.215431627196322,0.076394194041263,-0.07283321194464379,0.5865102639296204,1.275917065390739,-0.6074411541381944,0,0.5346079421935507,0.2955382408093803,0.3926357373151523,0.1356886123930116,0.9864844182014051,0.9584559921961646,0,0.26486565608867757,0.4826863821837808,1.2618338535464266,3.3145914736497377,0.07990898974860113,0.7948808144666484,1.4902105356311597,6.609451437428096,8.909613541806296,0,0,0,0,0,58.37918577725034,56.38229729072134,48.04539703713155,60.72277657100369,0,0,55.0
TUTUSDT,138,0.0128,1.6406250000000007,2.421874999999996,-0.07283321194464379,0.5865102639296204,1.5760441292356226,1.3460015835312749,0,-1.4188347954759186,0.8589306911879686,0.3926357373151523,0.1356886123930116,0.8470982841657718,0.8907760681143692,0,0.26486565608867757,0.4826863821837808,1.4363203049799844,3.43216535195857,0.07717158963146446,0.7948808144666484,1.4902105356311597,6.844628846948606,8.872160875896776,0,0,0,0,0,58.37918577725034,56.38229729072134,54.30210846685124,55.10594977264868,0,0,55.0
TUTUSDT,139,0.01301,-0.9223674096848602,0.6149116064565601,-0.07283321194464379,0.5865102639296204,1.5540015540015581,3.2539682539682593,0,-3.326801465912903,1.3304117149886985,0.3926357373151523,0.1356886123930116,1.0483602909339322,0.9297317793059648,0,0.26486565608867757,0.4826863821837808,1.3587195503761809,3.327727652168147,0.07959354964523827,0.7948808144666484,1.4902105356311597,6.84303733858466,8.406114961063373,0,0,0,0,0,58.37918577725034,56.38229729072134,60.04822638056141,58.12649086496101,0,0,55.0
TUTUSDT,140,0.01289,1.629169899146626,2.0946470131885135,-0.07283321194464379,0.5865102639296204,-0.8468052347959892,-1.5278838808250481,0,1.4550506688804044,-0.4652530159090152,0.3926357373151523,0.1356886123930116,0.9435325481308013,1.025456548549267,0,0.26486565608867757,0.4826863821837808,1.2809922489054602,3.2573344664257937,0.08131361971535862,0.7948808144666484,1.4902105356311597,5.960827689706362,7.089142312373788,0,0,0,0,0,58.37918577725034,56.38229729072134,51.1506759188225,55.81550416076854,0,0,55.0
TUTUSDT,141,0.0131,0.07633587786259231,1.3740458015267143,-0.07283321194464379,0.5865102639296204,1.9470404984423557,2.343749999999999,0,-2.416583211944643,1.2011168876068328,0.3926357373151523,0.1356886123930116,1.0696083125725262,1.0386421570128523,0,0.26486565608867757,0.4826863821837808,1.2186502311996947,3.1888306245309175,0.08306043414508407,0.7948808144666484,1.4902105356311597,5.044980551363273,7.342386106698095,0,0,0,0,0,58.37918577725034,56.38229729072134,59.63440540841628,58.89540310767928,0,0,55.0
TUTUSDT,142,0.01311,-0.15255530129672706,-1.2967200610221208,-0.07283321194464379,0.5865102639296204,-0.9146341463414658,0.7686395080707101,0,-0.8414727200153539,0.09192060342855524,0.3926357373151523,0.1356886123930116,0.9590272975515823,1.0020679274850735,0,0.26486565608867757,0.4826863821837808,1.233452064295375,3.116802088687018,0.08497994051340446,0.7948808144666484,1.4902105356311597,3.678401059700894,7.067751348698939,0,0,0,0,0,58.37918577725034,56.38229729072134,52.874126275913355,59.04181375760766,0,0,55.0
TUTUSDT,143,0.01309,0.5347593582887747,-2.444614209320085,-0.07283321194464379,0.5865102639296204,-3.1562740569669026,1.5515903801396338,0,-1.6244235920842776,-0.272751656210573,0.3926357373151523,0.1356886123930116,1.2121128547034317,1.091693374155852,0,0.26486565608867757,0.4826863821837808,1.516839741912532,3.3187633961307887,0.07980853844461273,0.7948808144666484,1.4902105356311597,4.155124810048838,6.978917506868412,0,0,0,0,0,58.37918577725034,56.38229729072134,37.25305264005994,58.592305636797505,0,0,55.0
TUTUSDT,144,0.01316,0.9118541033434674,-1.1398176291793243,-0.07283321194464379,0.5865102639296204,1.4890282131661379,0.45801526717556706,0,-0.5308484791202108,0.6151801330816704,0.3926357373151523,0.1356886123930116,0.9753247863840375,1.015690947112318,0,0.26486565608867757,0.4826863821837808,1.6381055535681102,3.2661418102452044,0.0810943527491211,0.7948808144666484,1.4902105356311597,4.206886654129316,7.229578265897604,0,0,0,0,0,58.37918577725034,56.38229729072134,50.41847333666895,59.747418234192416,0,0,55.0
TUTUSDT,145,0.01328,-2.560240963855422,-2.861445783132531,-0.07283321194464379,0.5865102639296204,1.5349194167306257,1.2967200610221208,0,-1.3695532729667645,0.8363291324344307,0.3926357373151523,0.1356886123930116,0.9030833052107747,0.9822901706418358,0,0.26486565608867757,0.4826863821837808,1.5248508917320742,3.1829364290918116,0.08321424633801178,0.7948808144666484,1.4902105356311597,4.626170522698997,7.777463400479964,0,0,0,0,0,58.37918577725034,56.38229729072134,58.28380691087725,61.7189121077042,0,0,55.0
TUTUSDT,146,0.01294,-1.313755795981453,1.6228748068006191,-0.07283321194464379,0.5865102639296204,-2.422407267221795,-1.145912910618786,0,1.0730796986741422,-0.7636607814639012,0.3926357373151523,0.1356886123930116,1.0782801271553077,1.0043139480096093,0,0.26486565608867757,0.4826863821837808,1.5276239579941149,3.2982012868095065,0.08030609203506,0.7948808144666484,1.4902105356311597,4.898222137747579,7.648191550820075,0,0,0,0,0,58.37918577725034,56.38229729072134,45.755053183210855,53.69448997919071,0,0,55.0
TUTUSDT,147,0.01277,1.8794048551292142,4.6985121378230215,-0.07283321194464379,0.5865102639296204,-0.9287925696594318,-2.9635258358662595,0,2.8906926239216157,-0.8446603383851787,0.3926357373151523,0.1356886123930116,1.0139074311628207,1.0319893439888326,0,0.26486565608867757,0.4826863821837808,1.4823692658382066,3.2711904042235997,0.08096919572358005,0.7948808144666484,1.4902105356311597,5.328326740239894,7.317581744209553,0,0,0,0,0,58.37918577725034,56.38229729072134,43.519239848613296,50.18137208590386,0,0,55.0
TUTUSDT,148,0.01301,-0.8455034588777919,1.6910069177555702,-0.07283321194464379,0.5865102639296204,-0.3108003108003116,-2.0331325301204775,0,1.9602993181758337,-0.4575639472339531,0.3926357373151523,0.1356886123930116,0.8575409795385971,0.9619503339068904,0,0.26486565608867757,0.4826863821837808,1.32092869466522,3.1407176842272975,0.08433284450201763,0.7948808144666484,1.4902105356311597,4.98229158377657,6.712751325482712,0,0,0,0,0,58.37918577725034,56.38229729072134,45.52669962839609,54.688675211643506,0,0,55.0
TUTUSDT,149,0.0129,1.9379844961240327,1.550387596899229,-0.07283321194464379,0.5865102639296204,1.246105919003105,-0.3091190108191662,0,0.23628579887452242,0.3626659900422288,0.3926357373151523,0.1356886123930116,0.873998323176947,0.9074341179024606,0,0.26486565608867757,0.4826863821837808,1.2432199329448412,3.1073620262090964,0.08523810674606429,0.7948808144666484,1.4902105356311597,4.8450171535323525,6.285470701930892,0,0,0,0,0,58.37918577725034,56.38229729072134,52.133316848907,52.35083541409927,0,0,55.0
TUTUSDT,150,0.01315,1.6730038022813667,-0.5323193916349857,-0.07283321194464379,0.5865102639296204,2.801556420233457,2.975724353954582,0,-3.048557565899226,1.572739456543254,0.3926357373151523,0.1356886123930116,0.9460572813015411,0.9239889014783005,0,0.26486565608867757,0.4826863821837808,1.2166637185357914,3.020666006492479,0.08768452239320323,0.7948808144666484,1.4902105356311597,4.704394769671733,5.434758699026197,0,0,0,0,0,58.37918577725034,56.38229729072134,59.19983522967884,56.86407573347864,0,0,55.0
TUTUSDT,151,0.01337,-1.0471204188481638,-1.4210919970082214,-0.07283321194464379,0.5865102639296204,0.6838905775075973,2.7671022290545673,0,-2.839935440999211,0.9911674646367853,0.3926357373151523,0.1356886123930116,1.1029079412774885,0.9842147459275222,0,0.26486565608867757,0.4826863821837808,1.133710089082341,2.8923114318297323,0.09157577333265195,0.7948808144666484,1.4902105356311597,5.037264894817501,6.024752259922474,0,0,0,0,0,58.37918577725034,56.38229729072134,59.59469306871922,60.41717477019346,0,0,55.0
TUTUSDT,152,0.01323,-0.9826152683295533,-1.0582010582010675,-0.07283321194464379,0.5865102639296204,-1.2762762762762763,2.5581395348837246,0,-2.6309727468283683,0.44888507764810626,0.3926357373151523,0.1356886123930116,1.0386746171166379,0.965725475573782,0,0.26486565608867757,0.4826863821837808,1.1240951440726126,2.87610760158906,0.09209170614560398,0.7948808144666484,1.4902105356311597,5.660403361159004,6.147863502919422,0,0,0,0,0,58.37918577725034,56.38229729072134,52.53920479311525,57.18890355838566,0,0,55.0
TUTUSDT,153,0.0131,-0.15267175572519787,-0.6870229007633571,-0.07283321194464379,0.5865102639296204,-0.9002250562640683,-0.380228136882127,0,0.3073949249374832,-0.19169403529030468,0.3926357373151523,0.1356886123930116,0.9723778776513045,1.0110931596159294,0,0.26486565608867757,0.4826863821837808,1.0737416897238743,2.8007728811194252,0.09456877345328155,0.7948808144666484,1.4902105356311597,4.602607634348259,6.148999809281991,0,0,0,0,0,58.37918577725034,56.38229729072134,53.66158981074096,54.28812584925312,0,0,55.0
TUTUSDT,154,0.01308,0.7645259938838007,4.4342507645259985,-0.07283321194464379,0.5865102639296204,-1.1380880121396117,-2.169035153328349,0,2.0962019413837054,-0.698361528370746,0.3926357373151523,0.1356886123930116,0.9796652784450003,1.0162729225806961,0,0.26486565608867757,0.4826863821837808,1.026533041215498,2.7029905070698894,0.09798985804644897,0.7948808144666484,1.4902105356311597,3.9008888283802,6.076567898016262,0,0,0,0,0,58.37918577725034,56.38229729072134,45.133144643379694,53.83570314047691,0,0,55.0
TUTUSDT,155,0.01318,-0.682852807283775,1.2139605462822358,-0.07283321194464379,0.5865102639296204,0.7668711656441805,-0.3779289493575185,0,0.30509573741287466,0.22565481706790963,0.3926357373151523,0.1356886123930116,1.0294550589452196,1.0219592716735528,0,0.26486565608867757,0.4826863821837808,0.9541743784016988,2.637201960883177,0.1004343467119129,0.7948808144666484,1.4902105356311597,2.889588007539622,5.508348505162646,0,0,0,0,0,58.37918577725034,56.38229729072134,51.659706070176085,55.81830979885924,0,0,55.0
TUTUSDT,156,0.01309,-0.6111535523300113,0.38197097020627524,-0.07283321194464379,0.5865102639296204,-1.137225170583782,-0.07633587786260554,0,0.0035026659179617503,-0.17497099911535272,0.3926357373151523,0.1356886123930116,0.8880220043427774,1.0022340720899725,0,0.26486565608867757,0.4826863821837808,0.9475549471872114,2.602085474068119,0.10178976007063469,0.7948808144666484,1.4902105356311597,2.958399350120394,4.535981657628299,0,0,0,0,0,58.37918577725034,56.38229729072134,45.04520262848437,53.58770473462746,0,0,55.0
TUTUSDT,157,0.01301,4.996156802459643,6.07225211375864,-0.07283321194464379,0.5865102639296204,-1.3814274750575566,-0.5351681957186459,0,0.4623349837740022,-0.3507296546978065,0.3926357373151523,0.1356886123930116,1.0576733077481173,1.017083158045227,0,0.26486565608867757,0.4826863821837808,0.9777136546539577,2.5738271940384965,0.10290731899257259,0.7948808144666484,1.4902105356311597,3.2279805556979824,4.550163681061491,0,0,0,0,0,58.37918577725034,56.38229729072134,36.34031819316729,51.613284207160135,0,0,55.0
TUTUSDT,158,0.01366,-2.342606149341148,4.685212298682283,-0.07283321194464379,0.5865102639296204,1.2355212355212388,3.6418816388467334,0,-3.714714850791377,1.3477699815882374,0.3926357373151523,0.1356886123930116,1.041037741428692,1.1132447759193087,0,0.26486565608867757,0.4826863821837808,1.1886624995588968,2.6161440772209312,0.10124276349872832,0.7948808144666484,1.4902105356311597,2.8674059144576205,5.673023315144814,0,0,0,1,0,58.37918577725034,56.38229729072134,51.253334817943994,63.40966822846411,0,0,55.0
TUTUSDT,159,0.01334,-1.4992503748125847,6.896551724137937,-0.07283321194464379,0.5865102639296204,1.6516516516516495,1.9098548510313236,0,-1.9826880629759673,1.0187958886669874,0.3926357373151523,0.1356886123930116,1.0547443655133695,1.057853587191074,0,0.26486565608867757,0.4826863821837808,1.4888120116245314,2.7392100301611313,0.09669417575588284,0.7948808144666484,1.4902105356311597,5.882710597277953,5.826625117236188,0,0,1,0,0,58.37918577725034,56.38229729072134,60.52109665903375,56.15181975620588,0,0,55.0
TUTUSDT,160,0.01314,5.022831050228303,14.155251141552503,-0.07283321194464379,0.5865102639296204,0.0,0.9992313604919286,0,-1.0720645724365725,0.3782271031192263,0.3926357373151523,0.1356886123930116,0.9814589716869592,1.0010637665168305,0,0.26486565608867757,0.4826863821837808,1.5907101437281252,2.7562176746604874,0.09609751019440214,0.7948808144666484,1.4902105356311597,6.073336367875968,5.58894771527818,0,0,0,0,0,58.37918577725034,56.38229729072134,53.90050439051598,52.135307847235346,0,0,55.0
TUTUSDT,161,0.0138,3.623188405797105,13.55072463768116,-0.07283321194464379,0.5865102639296204,-1.4157973174366556,1.024890190336746,0,-1.0977234022813898,0.03069248122126675,0.3926357373151523,0.1356886123930116,1.0806914175291498,1.051679952969101,0,0.26486565608867757,0.4826863821837808,1.8470775947796398,2.9700678218711416,0.08917831914081084,0.7948808144666484,1.4902105356311597,6.529717941349851,7.0885164504013245,0,0,0,1,0,58.37918577725034,56.38229729072134,50.71739688478356,61.836623558180314,0,0,55.0
TUTUSDT,162,0.0143,-0.27972027972028046,6.363636363636359,-0.07283321194464379,0.5865102639296204,3.394833948339486,7.196401799100456,0,-7.2692350110451,2.7762281998562295,0.3926357373151523,0.1356886123930116,1.019784181884376,1.0482101423011951,0,0.26486565608867757,0.4826863821837808,1.9464801305334198,3.016134701516896,0.08781625567169445,0.7948808144666484,1.4902105356311597,8.908658871937455,10.232428921090747,0,0,1,1,0,58.37918577725034,56.38229729072134,65.12304173262604,67.25181008485607,0,0,55.0
TUTUSDT,163,0.01426,5.189340813464231,6.66199158485273,-0.07283321194464379,0.5865102639296204,0.13995801259621543,8.523592085235917,0,-8.596425297180561,2.294306787454277,0.3926357373151523,0.1356886123930116,0.9750834874797224,1.0030231431505787,0,0.26486565608867757,0.4826863821837808,1.9534553655003541,3.0039042326787766,0.08817380168357752,0.7948808144666484,1.4902105356311597,13.12045023198611,12.159652238067018,0,0,0,1,0,58.37918577725034,56.38229729072134,65.93326644464517,66.43960012717925,0,0,55.0
TUTUSDT,164,0.015,4.46666666666667,1.6666666666666683,-0.07283321194464379,0.5865102639296204,-0.27453671928620527,8.695652173913041,0,-8.768485385857685,2.233698126652953,0.3926357373151523,0.1356886123930116,0.9770346185028231,1.073096441979402,0,0.26486565608867757,0.4826863821837808,2.1309167530274857,3.018398888828532,0.08775038218738357,0.7948808144666484,1.4902105356311597,16.2584209030265,16.38343269050824,0,0,0,1,0,58.37918577725034,56.38229729072134,62.537511373048375,72.9485544156304,0,0,55.0
TUTUSDT,165,0.01567,-2.9355456285896637,-3.701340140395665,-0.07283321194464379,0.5865102639296204,5.299380591878871,9.580419580419578,0,-9.653252792364222,3.8483693060708566,0.3926357373151523,0.1356886123930116,1.1073559343412152,1.155674322741702,0,0.26486565608867757,0.4826863821837808,2.3926985376772443,3.1752565563021404,0.08341551348440847,0.7948808144666484,1.4902105356311597,18.018609845499675,21.927127094225245,0,0,0,1,0,58.37918577725034,56.38229729072134,69.60050586174481,77.25065664889243,0,0,55.0
TUTUSDT,166,0.01521,0.0,-2.103879026955944,-0.07283321194464379,0.5865102639296204,-3.1148604802076543,6.66199158485273,0,-6.7348247967973744,1.0152020391575132,0.3926357373151523,0.1356886123930116,1.0710768859930764,1.092755289544115,0,0.26486565608867757,0.4826863821837808,2.7240831761941946,3.497846872754339,0.07572248463813173,0.7948808144666484,1.4902105356311597,15.56637010998827,23.966237288792765,0,0,0,0,0,58.37918577725034,56.38229729072134,57.565153122422245,69.12274561586432,0,0,55.0
TUTUSDT,167,0.01521,0.26298487836949447,-1.0519395134779779,-0.07283321194464379,0.5865102639296204,1.660026560424968,1.4000000000000008,0,-1.4728332119446446,0.8934259031024864,0.3926357373151523,0.1356886123930116,0.798070363714901,0.994285358042326,0,0.26486565608867757,0.4826863821837808,2.6802511325660876,3.5673394484348426,0.07424739358764595,0.7948808144666484,1.4902105356311597,11.80066475841836,25.090007271933185,0,0,0,0,0,58.37918577725034,56.38229729072134,62.458981658289204,69.12274561586432,0,0,55.0
TUTUSDT,168,0.01525,-1.0491803278688552,-7.147540983606551,-0.07283321194464379,0.5865102639296204,1.3981358189081232,-2.680280791320997,0,2.607447579376353,-0.1921169801069743,0.3926357373151523,0.1356886123930116,0.9475038914160379,0.9827884860102578,0,0.26486565608867757,0.4826863821837808,2.519668038950856,3.477142993625392,0.07617335743000873,0.7948808144666484,1.4902105356311597,9.516521809209594,26.127276197849113,0,0,0,0,0,58.37918577725034,56.38229729072134,59.4907233775237,69.44693816323688,0,0,55.0
TUTUSDT,169,0.01509,-1.3253810470510192,-6.825712392312788,-0.07283321194464379,0.5865102639296204,-0.528401585204757,-0.7889546351084834,0,0.7161214231638396,-0.20091979208206595,0.3926357373151523,0.1356886123930116,0.9521153104679809,0.9335169405085202,0,0.26486565608867757,0.4826863821837808,2.3550207020125793,3.4523506507916033,0.0767203806565667,0.7948808144666484,1.4902105356311597,6.381886765812536,26.242124200751043,0,0,0,0,0,58.37918577725034,56.38229729072134,54.091640324693195,66.44189286837198,0,0,55.0
TUTUSDT,170,0.01489,1.0745466756212134,-7.186030893216923,-0.07283321194464379,0.5865102639296204,-1.3262599469495941,-2.103879026955944,0,2.0310458150113004,-0.7291154804801404,0.3926357373151523,0.1356886123930116,0.8987836518103108,0.938121844674686,0,0.26486565608867757,0.4826863821837808,2.141603357942482,3.483870417182138,0.07602626515107559,0.7948808144666484,1.4902105356311597,4.913598768896161,26.132276372074166,0,0,0,0,0,58.37918577725034,56.38229729072134,48.97802831682804,62.78471133827666,0,0,55.0
TUTUSDT,171,0.01505,-5.913621262458461,-8.83720930232558,-0.07283321194464379,0.5865102639296204,2.231237322515216,-1.311475409836069,0,1.2386421978914253,0.3583597411660309,0.3926357373151523,0.1356886123930116,1.0639127978435872,0.9550731902747966,0,0.26486565608867757,0.4826863821837808,2.126499462326146,3.4426805726338237,0.07693587903394768,0.7948808144666484,1.4902105356311597,3.6591812053738653,26.2963584791025,0,0,0,0,0,58.37918577725034,56.38229729072134,54.69757170093523,64.46962993029376,0,0,55.0
TUTUSDT,172,0.01416,-0.7062146892655446,-3.954802259887016,-0.07283321194464379,0.5865102639296204,-2.939211756847035,-6.163021868787267,0,6.0901886568426224,-2.147139143412331,0.3926357373151523,0.1356886123930116,1.1649288628217627,1.118369147363313,0,0.26486565608867757,0.4826863821837808,2.1567447760096723,3.9828513621660995,0.06650151662818486,0.7948808144666484,1.4902105356311597,5.0044247291292105,25.557362359234403,0,0,0,0,0,58.37918577725034,56.38229729072134,40.70008824178635,50.71500604027372,0,0,55.0
TUTUSDT,173,0.01406,-1.7069701280227518,-3.342816500711237,-0.07283321194464379,0.5865102639296204,1.769285208775656,-5.574210879785096,0,5.501377667840452,-0.8228121547561159,0.3926357373151523,0.1356886123930116,0.843161721564895,0.8845344863158296,0,0.26486565608867757,0.4826863821837808,2.2020904433559316,3.9177163114587263,0.06760715555487917,0.7948808144666484,1.4902105356311597,9.597378201450784,24.531853392095314,0,0,0,0,0,58.37918577725034,56.38229729072134,41.1541613396171,49.43869874902881,0,0,55.0
TUTUSDT,174,0.01382,-0.7235890014471861,-1.085383502170773,-0.07283321194464379,0.5865102639296204,-1.4799154334038063,-8.172757475083046,0,8.099924263138401,-2.284748964125469,0.3926357373151523,0.1356886123930116,0.9012553039889863,0.9289422552746908,0,0.26486565608867757,0.4826863821837808,1.9684595014350559,3.8612786200559532,0.06859532350577681,0.7948808144666484,1.4902105356311597,11.72665657314184,23.50815235408891,0,0,0,0,0,58.37918577725034,56.38229729072134,34.2442942251685,46.41934693424335,0,0,55.0
TUTUSDT,175,0.01372,-0.8746355685131219,0.0,-0.07283321194464379,0.5865102639296204,-0.5767844268204774,-3.1073446327683696,0,3.034511420823726,-0.7926130019009676,0.3926357373151523,0.1356886123930116,1.01474885013639,0.9120579670126345,0,0.26486565608867757,0.4826863821837808,1.8408055858448564,3.720935635564622,0.0711825417126535,0.7948808144666484,1.4902105356311597,13.46286794374016,22.70919784132996,0,0,0,0,0,58.37918577725034,56.38229729072134,33.88105945844222,45.181184168955866,0,0,55.0
FIGHTUSDT,50,0.003451,-1.332946971892206,-1.9704433497536922,-0.6264916467780356,-0.8050089445438317,-1.4244186046511629,0.17416545718432302,0,-0.8006571039623587,-0.6704384346971767,0.5905784659659361,0.943936824622013,1.042989015375286,1.024643717232561,0,0.3813634122725254,0.7968120307443104,1.6863121047330014,3.49010683015738,0.10926983924309518,2.003944614787038,2.407011101042076,4.311476175806063,9.739188179197827,0,0,0,0,0,24.62890542482475,40.545393999580604,44.42356331446281,48.99922304702449,0,0,55.0
FIGHTUSDT,51,0.003405,-1.1160058737151202,0.5873715124816462,-0.6264916467780356,-0.06000600060005496,1.5761821366024584,-0.4094764551038351,0,-0.21701519167420047,0.12005200853013318,0.5905784659659361,0.9402236450175131,0.9669775947524636,1.0669688825647858,0,0.3813634122725254,0.6693068631852176,1.5799348095422092,3.4985664510457424,0.10900562204800586,2.003944614787038,1.1112382418700428,4.757563855020026,8.484267439463295,0,0,0,0,0,24.62890542482475,43.1117335025985,56.822597204132535,44.89127338738274,0,0,55.0
FIGHTUSDT,52,0.003367,-0.7722007722007844,3.920403920403912,-0.6264916467780356,-0.15037593984961795,-0.7871720116617983,-1.1450381679389303,-1,0.5185465211608947,-0.6772694415570956,0.5905784659659361,0.9395570142703732,1.0393237058645952,0.9979055277369484,0,0.3813634122725254,0.6048151936795609,1.5056379787067582,3.5017192913475292,0.1089074767400243,2.003944614787038,0.9997456969565102,3.709318180576656,8.97879643316023,0,0,0,0,0,24.62890542482475,43.887136659128274,45.89062525212938,41.77548557554449,0,0,35.0
FIGHTUSDT,53,0.003341,1.2571086501047701,3.9808440586650797,-0.6264916467780356,0.508069336521222,0.32865252464893113,-3.1874818893074552,0,2.5609902425294195,-0.7443129187288344,0.5905784659659361,0.8414248682629702,1.0434692462311923,1.0290116121159352,0,0.3813634122725254,0.9098696896471019,1.5649662383234806,3.441522108469934,0.11081242550613041,2.003944614787038,3.986077554929578,4.626901347153088,9.196929811372518,0,0,0,0,0,24.62890542482475,53.28925566616631,41.63341149290739,39.742939632099485,0,0,55.0
FIGHTUSDT,54,0.003383,1.2415016257759366,3.0741945019213692,-0.6264916467780356,-0.17991004497750912,1.0466507177033455,-0.6461086637298057,0,0.019617016951770094,-0.10146490944550124,0.5905784659659361,0.7970118830356405,1.0960003582903703,1.0493601287492715,0,0.3813634122725254,0.6267637780994645,1.7284413072913614,3.4748454401666873,0.10974974825189103,2.003944614787038,1.8771404773886735,5.421384538155541,8.950605434678897,0,0,0,0,0,24.62890542482475,43.232055975031216,47.848436964121085,44.44514415950289,0,0,55.0
FIGHTUSDT,55,0.003425,2.160583941605835,1.7226277372262782,-0.6264916467780356,1.8641010222489474,-0.08813160987073927,1.7226017226017194,0,-2.349093369379755,0.7180198720504729,0.5905784659659361,1.0786832819420766,1.0358262316280298,1.0247574118998963,0,0.3813634122725254,0.6214691874544004,1.5036480740525084,3.3330600127860417,0.11441840555212535,2.003944614787038,1.675343481419848,5.2260299053692165,8.706420321559046,0,1,0,0,0,24.62890542482475,67.9822056262058,50.91480559524879,48.7519528314863,0,0,55.0
FIGHTUSDT,56,0.003499,-0.7144898542440654,-1.228922549299802,-0.6264916467780356,0.4261363636363586,0.9318578916715176,4.729123017060765,0,-5.3556146638388,1.3651564063976513,0.5905784659659361,0.9505049369131304,0.9897198219963723,0.9916739346313228,0,0.3813634122725254,0.906329692854704,1.4349471071068185,3.3194075260135243,0.11488900030618646,2.003944614787038,7.21099552503202,4.463007489051268,8.134627244751771,0,0,1,0,0,24.62890542482475,73.36753992792617,59.70664267971579,55.32366066862176,0,0,55.0
FIGHTUSDT,57,0.003474,0.3742084052964879,-0.6908462867012133,-0.6264916467780356,1.4108839619925138,-1.361315938740779,2.689920189181198,0,-3.316411835959234,0.5282491414137244,0.5905784659659361,0.9777586119501362,0.8460584449012897,0.9390368902554416,0,0.3813634122725254,1.0665688556575028,1.4675866387300063,3.2072927489056915,0.11890508354831165,2.003944614787038,3.7904102707885015,6.788494878532979,7.460513057667272,0,0,0,0,0,24.62890542482475,57.57700360703319,57.82740143130544,52.857613117142364,0,0,55.0
FIGHTUSDT,58,0.003487,-0.08603383997705663,2.036134212790361,-0.6264916467780356,-0.9380329732802741,0.11527377521614113,1.8102189781021893,0,-2.436710624880225,0.09024203331500524,0.5905784659659361,0.9950726991336105,1.0234809113945258,0.9738140504561351,0,0.3813634122725254,1.0146799510380529,1.3458979520872707,3.104341741285568,0.1228483988088874,2.003944614787038,3.805968564688602,6.737199744629499,7.13078094955568,0,0,0,0,0,24.62890542482475,45.97557964860482,56.40886690010464,54.005720177834945,0,0,55.0
FIGHTUSDT,59,0.003484,-0.8036739380023034,5.137772675086105,-0.6264916467780356,-0.1173020527859139,-0.4295532646048059,-0.4286939125464368,-1,-0.1977977342315988,-0.4005102191787981,0.5905784659659361,0.9344112244759518,1.0862087218343273,0.9803156747545313,0,0.3813634122725254,0.7504234827001547,1.2443063472620397,3.0142470779526014,0.12652028928284237,2.003944614787038,3.787575082801067,4.368280995472115,6.323813620873092,0,0,0,0,0,24.62890542482475,35.79265322746497,55.78335570562526,53.6808180679989,0,0,35.0
FIGHTUSDT,60,0.003456,-0.17361111111110905,6.973379629629639,-0.6264916467780356,-0.37956204379562014,-0.40310970342643604,-0.5181347150259131,-1,-0.10835693175212247,-0.48182452725650116,0.5905784659659361,0.9580692769548572,0.9768156665061104,0.9575285849587309,0,0.3813634122725254,0.7161106736206433,1.194227134419617,2.9332274854214053,0.1300149457101301,2.003944614787038,1.7442681978439636,2.654227957706889,5.796894128188842,0,0,0,0,0,24.62890542482475,39.70046998221257,50.830732812791084,50.61987469388079,0,0,35.0
FIGHTUSDT,61,0.00345,3.1304347826086967,7.217391304347828,-0.6264916467780356,-0.44014084507041734,-0.057920648711260694,-1.061084026383715,-1,0.4345923796056793,-0.5464092917358572,0.5905784659659361,1.014388609021679,1.0372998349818348,0.9768741791617822,0,0.3813634122725254,0.6444069431800888,1.1383387399112872,2.823686220807719,0.13505870782038804,2.003944614787038,1.4517416094157167,1.9823387198456555,5.505326520115297,0,0,0,0,0,24.62890542482475,42.61793193206752,48.64167531357421,49.96243239003653,0,0,35.0
FIGHTUSDT,62,0.003558,2.9510961214165277,3.625632377740309,-0.6264916467780356,-1.1865915158706517,1.7574186113511914,2.1239954075774925,0,-2.750487054355528,0.5170827140699992,0.5905784659659361,0.20983062102324906,1.130994931471899,1.0348126291990734,0,0.3813634122725254,0.6450925877639967,1.2080735170682446,2.795357082695459,0.13642744057041573,2.003944614787038,3.252110717718125,2.392294219439026,5.979975952166431,0,0,1,1,0,24.62890542482475,30.78521459370502,63.62623937069856,60.02635928196388,0,0,55.0
FIGHTUSDT,63,0.003663,0.928200928200933,0.7644007644007593,-0.6264916467780356,-1.1865915158706517,0.16982734220209253,5.9895833333333375,0,-6.616074980111373,1.0865818782216858,0.5905784659659361,0.20983062102324906,1.01026094872531,1.001713690531627,0,0.3813634122725254,0.6450925877639967,1.2420840872919325,2.928833635642053,0.13020999473359426,2.003944614787038,3.252110717718125,3.9256756466047245,8.240269709765222,0,0,0,1,0,24.62890542482475,30.78521459370502,62.2622227440276,66.97981922074742,0,0,55.0
FIGHTUSDT,64,0.003697,0.054097917230182084,-1.9745739789018162,-0.6264916467780356,-1.1865915158706517,5.19808935094127,7.15942028985508,0,-7.7859119366331155,2.636106619536916,0.5905784659659361,0.20983062102324906,0.9967550297255543,1.072384093980507,0,0.3813634122725254,0.6450925877639967,1.5526084553630637,2.887826594838265,0.13205897229223487,2.003944614787038,3.252110717718125,9.510036282854623,10.285209041714266,0,0,1,1,0,24.62890542482475,30.78521459370502,81.69123137046834,68.86826646986889,0,0,55.0
FIGHTUSDT,65,0.003699,-0.3244120032441162,-3.2981886996485574,-0.6264916467780356,-1.1865915158706517,-0.08092797410304733,3.9629005059021942,0,-4.5893921526802295,0.517222342287615,0.5905784659659361,0.20983062102324906,1.0122904430678166,1.0331310216410727,0,0.3813634122725254,0.6450925877639967,1.5676543241868401,2.857757578776538,0.13344848251117036,2.003944614787038,3.252110717718125,11.374204881059812,11.750628097963704,0,0,0,1,0,24.62890542482475,30.78521459370502,71.81646532668123,68.98064773017846,0,0,55.0
FIGHTUSDT,66,0.003687,0.10848928668293094,-4.014103607268785,-0.6264916467780356,-1.1865915158706517,0.08136696501220408,0.6552006552006593,0,-1.281692301978695,-0.269128885608956,0.5905784659659361,0.20983062102324906,0.9116752894337871,0.9505669654253404,0,0.3813634122725254,0.6450925877639967,1.4966315354084314,2.7649461174518075,0.1379279725798029,2.003944614787038,3.252110717718125,10.021249507903121,12.527188741553594,0,0,0,0,0,24.62890542482475,30.78521459370502,65.07810905636612,67.4083307654759,0,0,55.0
FIGHTUSDT,67,0.003691,-1.81522622595502,-3.251151449471685,-0.6264916467780356,-1.1865915158706517,-0.05415651232061374,-0.16229375169056973,-1,-0.4641978950874659,-0.5073833566649677,0.5905784659659361,0.20983062102324906,0.9602916997639663,0.9767344092491179,0,0.3813634122725254,0.6450925877639967,1.332088500710024,2.671104082431834,0.14277369975239732,2.003944614787038,3.252110717718125,7.234247453529778,13.377309483332162,0,0,0,0,0,24.62890542482475,30.78521459370502,64.58250264905509,67.67284179719123,0,0,35.0
FIGHTUSDT,68,0.003624,-1.2969094922737352,-0.6346578366445921,-0.6264916467780356,-1.1865915158706517,-0.9279475982532799,-2.0275750202757497,-1,1.401083373497714,-1.1921514452944293,0.5905784659659361,0.20983062102324906,0.9769908421944357,1.0621940736865534,0,0.3813634122725254,0.6450925877639967,1.3258864588493835,2.6877875115761327,0.14188748575920418,2.003944614787038,3.252110717718125,4.008107890139922,13.47979380456893,0,0,0,0,0,24.62890542482475,30.78521459370502,49.3555155106018,59.0308175909528,0,0,35.0
FIGHTUSDT,69,0.003577,-1.0623427453173007,0.27956388034665997,-0.6264916467780356,-1.1865915158706517,-1.3491189427312775,-2.9834553837808593,-1,2.3569637370028236,-1.536414372290206,0.5905784659659361,0.20983062102324906,0.8817866570541925,0.9099814128074006,0,0.3813634122725254,0.6450925877639967,1.2814782919582979,2.6783626591592067,0.1423867716227209,2.003944614787038,3.252110717718125,3.810341711099976,13.239269441428695,0,0,0,0,0,24.62890542482475,30.78521459370502,40.55992018342307,53.83696770236421,0,0,35.0
FIGHTUSDT,70,0.003539,0.9042102288782116,2.45832155976264,-0.6264916467780356,-1.1865915158706517,-1.4253773057574015,-4.118125169330799,-1,3.4916335225527635,-1.839146409434222,0.5905784659659361,0.20983062102324906,1.0629070612506943,0.9946724910147232,0,0.3813634122725254,0.6450925877639967,1.2079465361221342,2.675221854712031,0.1425539386951429,2.003944614787038,3.252110717718125,5.608626440702279,13.10180918363732,0,0,0,0,0,24.62890542482475,30.78521459370502,31.567079722186136,50.00604388992299,0,0,35.0
FIGHTUSDT,71,0.003571,0.8401008120974539,3.640436852422288,-0.6264916467780356,-1.1865915158706517,0.5356639413589048,-1.4624724061810181,0,0.8359807594029826,-0.6849729068677002,0.5905784659659361,0.20983062102324906,0.922659880873231,0.9396679968105951,0,0.3813634122725254,0.6450925877639967,1.152834435974868,2.571887263866392,0.14828154314167363,2.003944614787038,3.252110717718125,6.137060781470847,12.729297190533773,0,0,0,0,0,24.62890542482475,30.78521459370502,43.001623845704856,53.036673358411136,0,0,55.0
FIGHTUSDT,72,0.003601,-0.38878089419606005,0.055540127742289135,-0.6264916467780356,-1.1865915158706517,1.0698198198198152,0.6709533128319862,0,-1.2974449596100217,-0.018077507499221435,0.5905784659659361,0.20983062102324906,1.02815686141381,1.0480285844375334,0,0.3813634122725254,0.6450925877639967,1.0759769898139122,2.4853160322622587,0.1534466471555287,2.003944614787038,3.252110717718125,4.708365088189936,12.01874722556398,0,0,0,0,0,24.62890542482475,30.78521459370502,49.98940348521306,55.74519158197099,0,0,55.0
FIGHTUSDT,73,0.003587,1.08725954836911,-0.6690827989963679,-0.6264916467780356,-1.1865915158706517,-0.41562759767248053,1.3563153433173174,0,-1.9828069900953529,-0.2180988542509626,0.5905784659659361,0.20983062102324906,0.9039436326876445,0.9719754196922223,0,0.3813634122725254,0.6450925877639967,1.0442915780562019,2.442253761963701,0.15615224683527115,2.003944614787038,3.252110717718125,3.046564797390643,10.782274510844783,0,0,0,0,0,24.62890542482475,30.78521459370502,50.605692982508884,54.174962582406856,0,0,55.0
FIGHTUSDT,74,0.003626,2.0683949255377825,-2.9233314947600597,-0.6264916467780356,-1.1865915158706517,1.94228634850167,1.5401848221786594,0,-2.166676468956695,0.41734700200791053,0.5905784659659361,0.20983062102324906,1.0014699752930072,1.0180832143394205,0,0.3813634122725254,0.6450925877639967,1.1197106156983545,2.49359260842584,0.15293733666995157,2.003944614787038,3.252110717718125,3.474267320744192,9.869790234611964,0,0,1,0,0,24.62890542482475,30.78521459370502,65.17210084173578,57.74562292256926,0,0,55.0
FIGHTUSDT,75,0.003701,-2.6479329910834912,-4.83653066738719,-0.6264916467780356,-1.1865915158706517,-2.0075963103635335,2.7770063871146857,0,-3.4034980338927214,-0.26091827147438373,0.5905784659659361,0.20983062102324906,1.0338187044618972,1.0257149923316944,0,0.3813634122725254,0.6450925877639967,1.3040469716216605,2.49629382745932,0.1527718444349437,2.003944614787038,3.252110717718125,4.185818286219794,9.590100845307395,0,0,0,0,0,24.62890542482475,30.78521459370502,50.63544470117926,63.61683219712462,0,0,55.0
FIGHTUSDT,76,0.003603,-1.1101859561476457,-5.079100749375521,-0.6264916467780356,-1.1865915158706517,-0.16528925619834514,0.446055199330916,0,-1.0725468461089516,-0.3830793048790291,0.5905784659659361,0.20983062102324906,0.9679905766901283,0.9497012598705734,0,0.3813634122725254,0.6450925877639967,1.4076362031797782,2.6129849117907744,0.14594933577751243,2.003944614787038,3.252110717718125,4.174124519541174,9.336073973365087,0,0,0,0,0,24.62890542482475,30.78521459370502,50.709241548828174,53.2124036983878,0,0,55.0
FIGHTUSDT,77,0.003563,-1.206848161661523,-3.9292730844793815,-0.6264916467780356,-1.1865915158706517,-3.6873968079251513,-1.7374517374517289,-1,1.1109600906736934,-1.809482927006392,0.5905784659659361,0.20983062102324906,0.9544308666737715,1.0047342686777423,0,0.3813634122725254,0.6450925877639967,1.4905714531061454,2.704173855967444,0.14102769739857907,2.003944614787038,3.252110717718125,4.972671582313282,8.885552717672617,0,0,0,0,0,24.62890542482475,30.78521459370502,35.77052200718491,49.643558626308106,0,0,35.0
FIGHTUSDT,78,0.00352,0.056818181818177035,-2.9829545454545467,-0.6264916467780356,-1.1865915158706517,0.8551881413911083,-4.890570116184808,0,4.264078469406773,-1.4621162843605966,0.5905784659659361,0.20983062102324906,0.8956631711960861,1.0352151056103707,0,0.3813634122725254,0.6450925877639967,1.4794742599225565,2.714176721480439,0.14050795191571458,2.003944614787038,3.252110717718125,5.9504077415968,8.670752922563612,0,0,0,0,0,24.62890542482475,30.78521459370502,43.248866356722225,46.0667512595036,0,0,55.0
FIGHTUSDT,79,0.003522,-2.896081771720616,-3.350369108461103,-0.6264916467780356,-1.1865915158706517,0.17045454545454342,-2.2481265611989985,0,1.6216349144209627,-0.9726887945982856,0.5905784659659361,0.20983062102324906,0.9672994429030393,0.9425561060605206,0,0.3813634122725254,0.6450925877639967,1.340508448415736,2.610138857283704,0.1461084766461043,2.003944614787038,3.252110717718125,6.844658395785603,8.410772571465834,0,0,0,0,0,24.62890542482475,30.78521459370502,43.24687226687097,46.260692840676455,0,0,55.0
FIGHTUSDT,80,0.00342,0.08771929824561299,-2.1929824561403506,-0.6264916467780356,-1.1865915158706517,-1.2780460096563449,-4.01347179343251,-1,3.386980146654474,-1.7761502414343855,0.5905784659659361,0.20983062102324906,1.035411070654551,1.0614399016566098,0,0.3813634122725254,0.6450925877639967,1.254709205255098,2.7633211720883804,0.13800907984369762,2.003944614787038,3.252110717718125,6.737485227413639,8.823107900957835,0,0,0,0,0,24.62890542482475,30.78521459370502,36.78789577727572,38.63102778271969,0,0,35.0
FIGHTUSDT,81,0.003423,-0.23371311714869297,-8.326029798422427,-0.6264916467780356,-1.1865915158706517,-0.8993327531186474,-2.7556818181818263,-1,2.1291901714037906,-1.3670244334872903,0.5905784659659361,0.20983062102324906,0.9246231215681835,0.9944059465501218,0,0.3813634122725254,0.6450925877639967,1.2850200313019609,2.7097629337475353,0.14073681779428182,2.003944614787038,3.252110717718125,6.3230509194820455,9.120507076542305,0,0,0,0,0,24.62890542482475,30.78521459370502,32.479680132202915,38.94995025968217,0,0,35.0
FIGHTUSDT,82,0.003415,-0.32210834553441164,-8.462664714494881,-0.6264916467780356,-1.1865915158706517,-0.02918004085206107,-3.0380465644520127,-1,2.411554917673977,-1.2200774419881903,0.5905784659659361,0.20983062102324906,0.8256120724167677,0.9422057168272571,0,0.3813634122725254,0.6450925877639967,1.2551465766285677,2.6371416186745775,0.14461241276234454,2.003944614787038,3.252110717718125,6.241749068666321,10.096071077622657,0,0,0,0,0,24.62890542482475,30.78521459370502,37.90365855491145,38.377203008385955,0,0,35.0
FIGHTUSDT,83,0.003404,-1.73325499412456,-9.782608695652172,-0.6264916467780356,-1.1865915158706517,-0.4388531304856589,-0.4678362573099402,-1,-0.15865538946809538,-0.6799431376110715,0.5905784659659361,0.20983062102324906,0.9720794645014476,1.0527396408093745,0,0.3813634122725254,0.6450925877639967,1.1720262181923216,2.609868687280886,0.1461236015938611,2.003944614787038,3.252110717718125,5.418256481303842,10.851382708222443,0,0,0,0,0,24.62890542482475,30.78521459370502,36.05102909988128,37.559375249296174,0,0,35.0
FIGHTUSDT,84,0.003345,-6.188340807174879,-9.686098654708521,-0.6264916467780356,-1.1865915158706517,-0.4410467509555961,-2.2787028921998234,-1,1.6522112454217877,-1.1332082014510267,0.5905784659659361,0.20983062102324906,0.9398688047717891,1.0461715829298435,0,0.3813634122725254,0.6450925877639967,1.1465088187971866,2.694680955574498,0.14152451387003617,2.003944614787038,3.252110717718125,4.698836380809861,11.763741190729538,0,0,0,0,0,24.62890542482475,30.78521459370502,33.940649962427514,33.442807503548806,0,0,35.0
FIGHTUSDT,85,0.003138,-0.38240917782027695,-6.564690885914596,-0.6264916467780356,-1.1865915158706517,-3.233532934131737,-8.111273792093701,-1,7.484782145315666,-3.2894724722185313,0.5905784659659361,0.20983062102324906,1.1055478390548672,1.0433241240517184,0,0.3813634122725254,0.6450925877639967,1.3978450276786434,3.1794182225520586,0.11994754561305,2.003944614787038,3.252110717718125,6.027760408983371,15.151713855343644,0,0,0,0,0,24.62890542482475,30.78521459370502,19.516777158092225,23.649300726049887,0,0,35.0
FIGHTUSDT,86,0.003126,-1.7594369801663445,-5.950095969289826,-0.6264916467780356,-1.1865915158706517,-2.9817953546767115,-8.166862514688603,-1,7.540370867910568,-3.2404352580035005,0.5905784659659361,0.20983062102324906,1.049581346883588,1.0416661694445155,0,0.3813634122725254,0.6450925877639967,1.8021672559836037,3.3155375873043758,0.11502310024558776,2.003944614787038,3.252110717718125,12.690432802650333,17.661225311582847,0,0,0,0,0,24.62890542482475,30.78521459370502,20.77078156503157,23.224699555024458,0,0,35.0
FIGHTUSDT,87,0.003071,-1.6281341582546447,-2.572451970042334,-0.6264916467780356,-1.1865915158706517,1.1374715632109298,-8.19133034379671,0,7.564838697018676,-2.2167354858086172,0.5905784659659361,0.20983062102324906,1.0702228653908872,1.0177567744145164,0,0.3813634122725254,0.6450925877639967,1.7796450694554031,3.396678989460743,0.11227537646501905,2.003944614787038,3.252110717718125,15.73846701739561,20.06694805077882,0,0,0,0,0,24.62890542482475,30.78521459370502,27.52729547129732,21.33408486144836,0,0,55.0
FIGHTUSDT,88,0.003021,-2.946044356173442,-0.6951340615690087,-0.6264916467780356,-1.1865915158706517,-2.795838751625492,-3.7284894837476212,-1,3.1019978369695855,-2.08435284950545,0.5905784659659361,0.20983062102324906,0.8257341715824873,0.9936266065442539,0,0.3813634122725254,0.6450925877639967,1.8444439440903553,3.4450658555880564,0.11069843894389893,2.003944614787038,3.252110717718125,16.933510731846198,22.734275375931677,0,0,0,0,0,24.62890542482475,30.78521459370502,20.296994118764232,19.75931596446719,0,0,35.0
FIGHTUSDT,89,0.002932,0.27285129604364805,1.8758526603001338,-0.6264916467780356,-1.1865915158706517,-0.09976720984369684,-6.206014075495833,-1,5.579522428717798,-2.0297161119970544,0.5905784659659361,0.20983062102324906,0.9560608615718019,1.014215576644928,0,0.3813634122725254,0.6450925877639967,1.7088505658516526,3.554328380104018,0.1072954919999161,2.003944614787038,3.252110717718125,14.078941566321207,26.002279026466134,0,0,0,0,0,24.62890542482475,30.78521459370502,28.001698974725613,17.31000123220636,0,0,35.0
FIGHTUSDT,90,0.00294,1.7687074829931961,2.3809523809523876,-0.6264916467780356,-1.1865915158706517,-1.8893387314439964,-4.265711494627158,-1,3.6392198478491227,-1.9920333471799605,0.5905784659659361,0.20983062102324906,0.944660849856415,0.9855448530740892,0,0.3813634122725254,0.6450925877639967,1.7557848302933041,3.442098652479222,0.11079386466679066,2.003944614787038,3.252110717718125,10.657681212676302,28.563707392242044,0,0,0,0,0,24.62890542482475,30.78521459370502,22.981775530718707,18.29046174782377,0,0,35.0
FIGHTUSDT,91,0.002992,0.26737967914439154,3.4759358288770033,-0.6264916467780356,-1.1865915158706517,1.3324222753672694,-0.959947037404831,0,0.3334553906267954,-0.3601519811715622,0.5905784659659361,0.20983062102324906,0.9933996981106844,0.9391990075710503,0,0.3813634122725254,0.6450925877639967,1.6470303092528578,3.362705560011361,0.11340969510016718,2.003944614787038,3.252110717718125,9.110758564697889,29.94308740365265,0,0,0,0,0,24.62890542482475,30.78521459370502,35.51049393903179,24.55255726101035,0,0,55.0
FIGHTUSDT,92,0.003,-0.43333333333333307,9.199999999999992,-0.6264916467780356,-1.1865915158706517,0.20168067226890518,2.319236016371075,0,-2.9457276631491105,0.17695838149782317,0.5905784659659361,0.20983062102324906,1.0253474434298082,0.9496172329034922,0,0.3813634122725254,0.6450925877639967,1.6631363629830636,3.287995130052426,0.11598661104660599,2.003944614787038,3.252110717718125,6.023438474192365,30.67316409660213,0,0,0,0,0,24.62890542482475,30.78521459370502,41.177180847596496,25.498539633317222,0,0,55.0
FIGHTUSDT,93,0.002987,0.7700033478406434,9.00569132909274,-0.6264916467780356,-1.1865915158706517,1.2141652613827996,1.5986394557823187,0,-2.225131102560354,0.24993038862910777,0.5905784659659361,0.20983062102324906,1.0646929231057105,0.9636957354669882,0,0.3813634122725254,0.6450925877639967,1.5684319397514948,3.169252715865049,0.12033228223279507,2.003944614787038,3.252110717718125,4.147320352491688,31.173978062752226,0,0,0,0,0,24.62890542482475,30.78521459370502,45.868626510164056,24.9510629591271,0,0,55.0
FIGHTUSDT,94,0.00301,2.8571428571428474,12.691029900332223,-0.6264916467780356,-1.1865915158706517,-0.33444816053511794,0.6016042780748737,0,-1.2280959248529093,-0.38648176127723277,0.5905784659659361,0.20983062102324906,1.0577344810838578,1.0529922518037809,0,0.3813634122725254,0.6450925877639967,1.3772431044387836,3.1102337970990925,0.12261567366036023,2.003944614787038,3.252110717718125,3.649644044754515,30.78285723515951,0,0,0,0,0,24.62890542482475,30.78521459370502,43.07638729537303,27.90058222393742,0,0,55.0
FIGHTUSDT,95,0.003096,5.8139534883720945,8.656330749354007,-0.6264916467780356,-1.1865915158706517,3.2626976118398874,3.199999999999991,0,-3.8264916467780266,1.1624036122977977,0.5905784659659361,0.20983062102324906,1.04420050348859,0.9563030488339427,0,0.3813634122725254,0.6450925877639967,1.4513167025912692,3.0408695201293714,0.12541261956425562,2.003944614787038,3.252110717718125,4.163028896793985,28.626287115667726,0,0,1,0,0,24.62890542482475,30.78521459370502,58.63678884945996,37.751777830942345,0,0,55.0
FIGHTUSDT,96,0.003276,-0.6105006105005989,-3.4188034188034093,-0.6264916467780356,-1.1865915158706517,3.8499834052439357,9.675259457649808,0,-10.301751104427844,2.928039925061264,0.5905784659659361,0.20983062102324906,1.0241124745740282,1.0425949156077319,0,0.3813634122725254,0.6450925877639967,1.8100200587239788,3.0784257030823077,0.12388261048193597,2.003944614787038,3.252110717718125,7.160901762448549,26.748502272990805,0,0,1,0,0,24.62890542482475,30.78521459370502,61.0653606212198,52.408718282818036,0,0,55.0
FIGHTUSDT,97,0.003256,4.176904176904172,-3.194103194103205,-0.6264916467780356,-1.1865915158706517,2.209085252022412,8.17275747508306,0,-8.799249121861095,2.142189891114196,0.5905784659659361,0.20983062102324906,0.9938057109849066,1.0039612801898723,0,0.3813634122725254,0.6450925877639967,1.8847576390781762,3.141540756468701,0.12139374970299702,2.003944614787038,3.252110717718125,14.341685934424902,24.95374182742105,0,0,0,0,0,24.62890542482475,30.78521459370502,72.15202575633853,50.972583531711464,0,0,55.0
FIGHTUSDT,98,0.003392,-0.8254716981132149,-7.8714622641509395,-0.6264916467780356,-1.1865915158706517,3.42275670675302,9.560723514211896,0,-10.18721516098993,2.792599264579057,0.5905784659659361,0.20983062102324906,1.0932226648819838,0.999471715779627,0,0.3813634122725254,0.6450925877639967,2.0514024979537253,3.1644865469130554,0.12051351984559516,2.003944614787038,3.252110717718125,16.742155671085044,23.914486702975378,0,0,0,0,0,24.62890542482475,30.78521459370502,73.20526770883622,59.16666221606445,0,0,55.0
FIGHTUSDT,99,0.003364,-5.945303210463724,-6.866825208085609,-0.6264916467780356,-1.1865915158706517,1.949610077984402,2.6862026862026855,0,-3.3126943329807212,0.7056824003846001,0.5905784659659361,0.20983062102324906,0.9815082489757108,1.0023910348023524,0,0.3813634122725254,0.6450925877639967,2.0866051296198935,3.3047647097986697,0.11539805273936084,2.003944614787038,3.252110717718125,17.5471767681267,22.58547533075166,0,0,0,0,0,24.62890542482475,30.78521459370502,72.26537567834646,57.0524938946939,0,0,55.0
FIGHTUSDT,100,0.003164,-0.3792667509481761,-1.8015170670037988,-0.6264916467780356,-1.1865915158706517,-6.649245063879211,-2.8255528255528275,-1,2.199061178774792,-2.8219702630201815,0.5905784659659361,0.20983062102324906,1.0753080163760316,1.022415549772561,0,0.3813634122725254,0.6450925877639967,2.4744890140621787,3.7480578447018997,0.10174960688283001,2.003944614787038,3.252110717718125,13.450099019744927,21.588517348248814,0,0,0,0,0,24.62890542482475,30.78521459370502,47.87835388768144,44.75179920511238,0,0,35.0
FIGHTUSDT,101,0.003152,-0.8565989847715635,-0.6027918781725863,-0.6264916467780356,-1.1865915158706517,-2.6315789473684212,-7.075471698113213,-1,6.448980051335178,-2.8800334520325803,0.5905784659659361,0.20983062102324906,0.8626297188579369,0.972095892701778,0,0.3813634122725254,0.6450925877639967,2.3023224172375114,3.6250252734834696,0.10520296646264594,2.003944614787038,3.252110717718125,10.259099954050686,20.368209291988133,0,0,0,0,0,24.62890542482475,30.78521459370502,42.3978671649846,44.13691559075059,0,0,35.0
FIGHTUSDT,102,0.003125,0.25599999999999234,-0.03200000000000425,-0.6264916467780356,-1.1865915158706517,-0.5692599620493292,-7.104637336504151,-1,6.478145689726116,-2.3717451153005418,0.5905784659659361,0.20983062102324906,1.0128496068276875,0.9975232790719359,0,0.3813634122725254,0.6450925877639967,2.028445916856964,3.514035099571626,0.1085257834558952,2.003944614787038,3.252110717718125,12.381078986397295,18.99235240464475,0,0,0,0,0,24.62890542482475,30.78521459370502,42.75515615236782,42.714821864193986,0,0,35.0
FIGHTUSDT,103,0.003133,-0.8298755186721987,-1.5639961698052984,-0.6264916467780356,-1.1865915158706517,-0.3174603174603183,-0.9797724399494377,-1,0.35328079317140215,-0.7775789800146108,0.5905784659659361,0.20983062102324906,1.109351733203309,1.0600975561001138,0,0.3813634122725254,0.6450925877639967,1.7558500655062277,3.3367761597760546,0.11429097848089408,2.003944614787038,3.252110717718125,13.662694090183258,17.42466871703033,0,0,0,0,0,24.62890542482475,30.78521459370502,43.316451243293876,43.29777978946981,0,0,35.0
FIGHTUSDT,104,0.003107,0.8368200836820078,-0.32185387833923484,-0.6264916467780356,-1.1865915158706517,-0.1280000000000031,-1.4276649746192864,-1,0.8011733278412508,-0.8421870343169942,0.5905784659659361,0.20983062102324906,0.9179522277707567,0.9354142587870463,0,0.3813634122725254,0.6450925877639967,1.5627186295642872,3.248506970700237,0.11739651960491869,2.003944614787038,3.252110717718125,10.623750205044761,16.25854206641792,0,0,0,0,0,24.62890542482475,30.78521459370502,41.94039817038498,41.80866132291714,0,0,35.0
FIGHTUSDT,105,0.003133,-0.2872646026172963,-3.032237472071498,-0.6264916467780356,-1.1865915158706517,-0.6730769230769151,0.25599999999999234,0,-0.8824916467780279,-0.5575400214314026,0.5905784659659361,0.20983062102324906,1.0380231532259374,0.9892186136479445,0,0.3813634122725254,0.6450925877639967,1.4553890531421685,3.132790229664705,0.12173282738861893,2.003944614787038,3.252110717718125,3.691645838479089,16.25438524919302,0,0,0,0,0,24.62890542482475,30.78521459370502,39.05968326577804,43.88697911392225,0,0,55.0
FIGHTUSDT,106,0.003124,-1.28040973111396,-0.4481434058898887,-0.6264916467780356,-1.1865915158706517,-0.22471910112359747,-0.2872646026172963,-1,-0.3392270441607393,-0.5812667165973953,0.5905784659659361,0.20983062102324906,1.0984045357829295,1.0160065440564492,0,0.3813634122725254,0.6450925877639967,1.3783836176112745,3.018003778672347,0.12636280145424184,2.003944614787038,3.252110717718125,2.415370663377933,16.253770162090962,0,0,0,0,0,24.62890542482475,30.78521459370502,42.85665405075931,43.31034662034514,0,0,35.0
FIGHTUSDT,107,0.003084,0.4215304798962384,-2.3994811932555073,-0.6264916467780356,-1.1865915158706517,-0.22551546391752775,-0.7402639201802387,-1,0.11377227340220308,-0.6947156366866134,0.5905784659659361,0.20983062102324906,1.052613949022776,0.9609602099639304,0,0.3813634122725254,0.6450925877639967,1.2727675043278857,2.989326696763048,0.12757501971446603,2.003944614787038,3.252110717718125,2.0780687027740115,16.22622725241664,0,0,0,0,0,24.62890542482475,30.78521459370502,41.6871101627649,40.74781121691448,0,0,35.0
FIGHTUSDT,108,0.003097,-1.9050694220213118,-1.7436228608330575,-0.6264916467780356,-1.1865915158706517,-0.4818503051718543,-1.1490584104691992,-1,0.5225667636911636,-0.8609979695724351,0.5905784659659361,0.20983062102324906,1.0850644483825669,1.0007507140199132,0,0.3813634122725254,0.6450925877639967,1.2557117804735347,2.872551453633103,0.1327612119149999,2.003944614787038,3.252110717718125,2.0892326759113264,15.983837650489075,0,0,0,0,0,24.62890542482475,30.78521459370502,43.75385402257831,41.94993440351139,0,0,35.0
FIGHTUSDT,109,0.003038,2.3699802501645824,-1.6129032258064515,-0.6264916467780356,-1.1865915158706517,0.5514109633473918,-2.7528809218950108,0,2.126389275116975,-1.0036382802990764,0.5905784659659361,0.20983062102324906,1.1171590696723452,1.0409278012951235,0,0.3813634122725254,0.6450925877639967,1.1231640893428148,2.8931579534167766,0.1318156209971671,2.003944614787038,3.252110717718125,1.6489755322974617,15.19871696344121,0,0,0,0,0,24.62890542482475,30.78521459370502,45.45427472926309,38.16543742310491,0,0,55.0
FIGHTUSDT,110,0.00311,-3.2154340836012802,-3.987138263665594,-0.6264916467780356,-1.1865915158706517,0.45351473922902896,0.8430609597924767,0,-1.4695526065705122,-0.1291268659067954,0.5905784659659361,0.20983062102324906,1.0037031944206445,1.01149413623962,0,0.3813634122725254,0.6450925877639967,1.2742110774574835,2.860872306206757,0.1333031926818771,2.003944614787038,3.252110717718125,2.8408832761731384,14.186539127298984,0,0,0,0,0,24.62890542482475,30.78521459370502,49.17933630860768,44.71954619588196,0,0,55.0
FIGHTUSDT,111,0.00301,1.0963455149501675,-1.2624584717608065,-0.6264916467780356,-1.1865915158706517,-2.9667849080941653,-2.8091701646754874,-1,2.1826785178974517,-1.8972595588545849,0.5905784659659361,0.20983062102324906,1.0169176647404754,1.0861259704040473,0,0.3813634122725254,0.6450925877639967,1.7186786055714152,3.228881522067849,0.1181100668036564,2.003944614787038,3.252110717718125,5.102230445133257,14.045824456376518,0,0,0,0,0,24.62890542482475,30.78521459370502,39.237261538686376,38.59996806298355,0,0,35.0
FIGHTUSDT,112,0.003043,-1.7745645744331326,-4.699309891554398,-0.6264916467780356,-1.1865915158706517,0.5575598556903932,0.16458196181699242,0,-0.7910736085950281,-0.2727353362853254,0.5905784659659361,0.20983062102324906,0.9800635089792313,0.9607430135358889,0,0.3813634122725254,0.6450925877639967,1.668332126186373,3.1464751410383287,0.12120337685130303,2.003944614787038,3.252110717718125,5.308430927502083,13.752869041999363,0,0,0,0,0,24.62890542482475,30.78521459370502,48.758631362158695,41.44749724033191,0,0,55.0
FIGHTUSDT,113,0.002989,-0.10036801605888138,-2.3084643693543008,-0.6264916467780356,-1.1865915158706517,-0.9186351706036685,-3.890675241157557,-1,3.264183594379521,-1.655598393602478,0.5905784659659361,0.20983062102324906,0.9175525189854608,0.9545385762743053,0,0.3813634122725254,0.6450925877639967,1.52533842654657,3.196755008945544,0.1192970406569626,2.003944614787038,3.252110717718125,5.138986647703713,13.735007824300821,0,0,0,0,0,24.62890542482475,30.78521459370502,42.99008434047389,38.31605185688142,0,0,35.0
FIGHTUSDT,114,0.002986,-0.4688546550569365,-3.0810448760884146,-0.6264916467780356,-1.1865915158706517,-1.6572754391779958,-0.7973421926910349,-1,0.1708505459129993,-1.0669251986294295,0.5905784659659361,0.20983062102324906,0.9433212028563289,0.9798949991716575,0,0.3813634122725254,0.6450925877639967,1.4810227529357152,3.0814350153716634,0.12376162741388455,2.003944614787038,3.252110717718125,5.445756489964915,13.933186202484324,0,0,0,0,0,24.62890542482475,30.78521459370502,37.14489213517481,38.14363458004296,0,0,35.0
FIGHTUSDT,115,0.002972,-2.422611036339166,2.0524899057873585,-0.6264916467780356,-1.1865915158706517,0.5048805116122458,-2.3332237923102306,0,1.7067321455321949,-0.910356610836668,0.5905784659659361,0.20983062102324906,0.9437215033678046,0.9770132108209331,0,0.3813634122725254,0.6450925877639967,1.2660070309878453,2.9541228712434444,0.1290953115000266,2.003944614787038,3.252110717718125,5.434367656718899,14.647378680838607,0,0,0,0,0,24.62890542482475,30.78521459370502,41.35220920087814,37.300102661361144,0,0,55.0
FIGHTUSDT,116,0.0029,0.689655172413795,8.206896551724151,-0.6264916467780356,-1.1865915158706517,-0.47185709470846393,-2.97758447641352,-1,2.3510928296354843,-1.315631183442668,0.5905784659659361,0.20983062102324906,1.0804449009050754,0.9904946473970849,0,0.3813634122725254,0.6450925877639967,1.2437528010746293,3.232401262398072,0.11798145753401834,2.003944614787038,3.252110717718125,4.274324567319706,15.363547648854064,0,0,0,0,0,24.62890542482475,30.78521459370502,38.01555684851854,33.230053691326646,0,0,35.0
FIGHTUSDT,117,0.00292,-0.890410958904109,5.205479452054802,-0.6264916467780356,-1.1865915158706517,0.10266940451745259,-2.2103148024112556,0,1.5838231556332198,-0.9801821401356225,0.5905784659659361,0.20983062102324906,1.1252568759434516,1.030019777546985,0,0.3813634122725254,0.6450925877639967,1.3245762853276706,3.0641273872898074,0.12446069111044299,2.003944614787038,3.252110717718125,5.576261036158514,15.673761235662376,0,0,0,0,0,24.62890542482475,30.78521459370502,37.38593479942795,35.34064035376271,0,0,55.0
FIGHTUSDT,118,0.002894,4.803040774015212,4.353835521769186,-0.6264916467780356,-1.1865915158706517,0.03425830763959229,-2.6244952893674274,0,1.9980036425893917,-1.1008300360941305,0.5905784659659361,0.20983062102324906,1.0453210092190548,1.0380579114312387,0,0.3813634122725254,0.6450925877639967,1.1777130186671065,2.9843586637753257,0.12778739261523156,2.003944614787038,3.252110717718125,4.746633338854447,14.002162036895133,0,0,0,0,0,24.62890542482475,30.78521459370502,38.28497656266076,33.84296196225239,0,0,55.0
FIGHTUSDT,119,0.003033,3.4619188921859565,-1.8463567424991778,-0.6264916467780356,-1.1865915158706517,-0.9651844191657984,4.586206896551735,0,-5.21269854332977,0.45198482868431233,0.5905784659659361,0.20983062102324906,0.922023101101683,0.983345943878553,0,0.3813634122725254,0.6450925877639967,1.175031523807097,3.2093999728829377,0.11882701299145165,2.003944614787038,3.252110717718125,4.993958913664484,10.899409499820473,0,0,0,0,0,24.62890542482475,30.78521459370502,30.851584600643406,46.81863191563664,0,0,55.0
FIGHTUSDT,120,0.003138,-2.103250478011475,-7.202039515615042,-0.6264916467780356,-1.1865915158706517,4.689608636977051,7.465753424657545,0,-8.092245071435581,2.5855697247464775,0.5905784659659361,0.20983062102324906,1.0919142891038547,1.0265183913239078,0,0.3813634122725254,0.6450925877639967,1.73595369615109,3.2469141293544874,0.1174541109124877,2.003944614787038,3.252110717718125,9.183457599219452,10.694964357452807,0,0,1,0,0,24.62890542482475,30.78521459370502,66.163892742422,54.13643515272415,0,0,55.0
FIGHTUSDT,121,0.003072,-1.6927083333333321,2.636718749999997,-0.6264916467780356,-1.1865915158706517,-1.8047051240734795,6.15065653075329,0,-6.777148177531325,0.6332170610077807,0.5905784659659361,0.20983062102324906,0.9892088386271384,0.9649604584353393,0,0.3813634122725254,0.6450925877639967,1.8153188518314958,3.309956635809315,0.11521704186293018,2.003944614787038,3.252110717718125,12.318880639821975,10.28432136527742,0,0,0,0,0,24.62890542482475,30.78521459370502,54.85311629466595,49.52355321595823,0,0,55.0
FIGHTUSDT,122,0.00302,-1.4238410596026512,3.410596026490059,-0.6264916467780356,-1.1865915158706517,-0.6867233485938441,-0.4286185295087369,-1,-0.19787311726929868,-0.7321062601878171,0.5905784659659361,0.20983062102324906,0.999784695952273,1.0098262965949745,0,0.3813634122725254,0.6450925877639967,1.664949015099475,3.3322239405790164,0.11444711372137212,2.003944614787038,3.252110717718125,12.074993984357246,10.036423733074793,0,0,0,0,0,24.62890542482475,30.78521459370502,52.33562033311743,46.18450228013394,0,0,35.0
FIGHTUSDT,123,0.002977,-2.1834061135371163,6.247900571044675,-0.6264916467780356,-1.1865915158706517,-1.5701668302257072,-5.130656469088595,-1,4.5041648223105595,-2.1284766154907473,0.5905784659659361,0.20983062102324906,1.0270265503199687,1.0126792483485274,0,0.3813634122725254,0.6450925877639967,1.6598906337623054,3.3188519580385862,0.11490823245334149,2.003944614787038,3.252110717718125,10.580985228939413,9.80607124330109,0,0,0,0,0,24.62890542482475,30.78521459370502,48.015792057101834,43.56852538653767,0,0,35.0
FIGHTUSDT,124,0.002912,8.276098901098896,7.554945054945045,-0.6264916467780356,-1.1865915158706517,-3.7221668328348327,-5.208333333333333,-1,4.581841686555298,-2.6858958322042135,0.5905784659659361,0.20983062102324906,1.1144776307198223,1.048970257539768,0,0.3813634122725254,0.6450925877639967,1.71112598780695,3.6509735485687624,0.10445526575289095,2.003944614787038,3.252110717718125,8.262490633328119,10.144894892072593,0,0,0,0,0,24.62890542482475,30.78521459370502,33.89276396332798,39.890329580114724,0,0,35.0
FIGHTUSDT,125,0.003153,-0.9514747859181758,-0.38058991436726475,-0.6264916467780356,-1.1865915158706517,10.078627591136515,4.4039735099337705,0,-5.030465156711806,3.1673794846053998,0.5905784659659361,0.20983062102324906,0.9467376853681663,0.9633541290477202,0,0.3813634122725254,0.6450925877639967,2.446632986656958,3.7608457852978816,0.10140362940787777,2.003944614787038,3.252110717718125,10.711885751441288,10.346383328317204,0,0,0,0,0,24.62890542482475,30.78521459370502,57.46560557119238,55.04452657916669,0,0,55.0
FIGHTUSDT,126,0.003123,1.2808197246237627,7.492795389049,-0.6264916467780356,-1.1865915158706517,0.03203074951952912,4.904266039637214,0,-5.5307576864152495,0.780803406627014,0.5905784659659361,0.20983062102324906,1.066457705302425,0.9584227882897696,0,0.3813634122725254,0.6450925877639967,2.2003954832157206,3.637832393156189,0.10483259563854011,2.003944614787038,3.252110717718125,11.456828505283221,10.338099464654883,0,0,0,0,0,24.62890542482475,30.78521459370502,59.159826708729426,53.24500784320837,0,0,55.0
FIGHTUSDT,127,0.003163,-0.9800822004426245,1.359468858678472,-0.6264916467780356,-1.1865915158706517,-0.41626641050272145,8.619505494505491,0,-9.245997141283526,1.5975389803385207,0.5905784659659361,0.20983062102324906,1.02648210360184,0.9995353945358767,0,0.3813634122725254,0.6450925877639967,1.882647554760943,3.5452860604703513,0.1075691511962028,2.003944614787038,3.252110717718125,12.35048410183705,10.959416121083212,0,0,0,0,0,24.62890542482475,30.78521459370502,57.428241497971094,55.34139183879491,0,0,55.0
FIGHTUSDT,128,0.003132,0.28735632183909093,0.5108556832694888,-0.6264916467780356,-1.1865915158706517,0.16041065126725151,-0.6660323501427271,0,0.03954070336469151,-0.5796762153810407,0.5905784659659361,0.20983062102324906,1.0992007322612818,1.02428429313987,0,0.3813634122725254,0.6450925877639967,1.8900587136233036,3.5207675953402755,0.10831825786435283,2.003944614787038,3.252110717718125,13.084192815578866,11.19044088163254,0,0,0,0,0,24.62890542482475,30.78521459370502,56.745599509015115,53.34510117327591,0,0,55.0
FIGHTUSDT,129,0.003141,6.87679083094556,-0.6049028971665049,-0.6264916467780356,-1.1865915158706517,1.4125200642054498,0.5763688760806988,0,-1.2028605228587343,0.04395144440936535,0.5905784659659361,0.20983062102324906,0.9961026867521423,1.0043961623709965,0,0.3813634122725254,0.6450925877639967,1.6554588346478827,3.546449570470611,0.10753386018736445,2.003944614787038,3.252110717718125,10.922315086109528,11.624289156934072,0,0,0,0,0,24.62890542482475,30.78521459370502,60.79003451063837,53.86541553187133,0,0,55.0
FIGHTUSDT,130,0.003357,-4.498063747393509,-7.238605898123329,-0.6264916467780356,-1.1865915158706517,1.2244897959183665,6.133417641479613,0,-6.759909288257648,1.386206068687323,0.5905784659659361,0.20983062102324906,0.9425067763077012,1.0132571916403295,0,0.3813634122725254,0.6450925877639967,1.785527349329822,3.6387117603095134,0.10480726075430777,2.003944614787038,3.252110717718125,3.8375392635576517,14.702603097765785,0,0,1,1,0,24.62890542482475,30.78521459370502,64.84532712252327,64.18808513879205,0,0,55.0
FIGHTUSDT,131,0.003206,-1.8091079226450373,-1.8091079226450373,-0.6264916467780356,-1.1865915158706517,3.8018074166407025,2.3627075351213374,0,-2.989199181899373,1.087857947278338,0.5905784659659361,0.20983062102324906,0.9442477471944368,0.9837482183238253,0,0.3813634122725254,0.6450925877639967,1.9062988296028105,3.9122408860989992,0.09747953241519162,2.003944614787038,3.252110717718125,9.786760809843255,15.287172009996361,0,0,1,0,0,24.62890542482475,30.78521459370502,69.38913614606189,54.934346010750865,0,0,55.0
FIGHTUSDT,132,0.003148,-0.8259212198221085,0.09529860228716532,-0.6264916467780356,-1.1865915158706517,-4.385964912280694,0.2228589621139784,0,-0.849350608892014,-1.4940472782038507,0.5905784659659361,0.20983062102324906,1.025187559966167,0.9555228369720103,0,0.3813634122725254,0.6450925877639967,2.008988585650608,3.8857863416871044,0.09814317585638217,2.003944614787038,3.252110717718125,9.63502762426664,15.472769220630239,0,0,0,0,0,24.62890542482475,30.78521459370502,48.4343123140799,51.84272410720468,0,0,55.0
FIGHTUSDT,133,0.003122,-0.25624599615631627,1.0890454836643093,-0.6264916467780356,-1.1865915158706517,-1.2958280657395775,-7.000297885016382,-1,6.3738062382383465,-2.5273022783511614,0.5905784659659361,0.20983062102324906,1.0807090750216797,1.039240593877175,0,0.3813634122725254,0.6450925877639967,1.803126040536485,3.766402494902606,0.10125402497174879,2.003944614787038,3.252110717718125,9.282301266133729,15.368625301342728,0,0,0,0,0,24.62890542482475,30.78521459370502,44.305945773690574,50.47146856392358,0,0,35.0
FIGHTUSDT,134,0.003114,1.091843288375086,-0.16056518946693096,-0.6264916467780356,-1.1865915158706517,0.0,-2.8696194635059284,0,2.2431278167278927,-1.1706756565386538,0.5905784659659361,0.20983062102324906,1.0964242506863682,1.0235343775977355,0,0.3813634122725254,0.6450925877639967,1.5890913529391069,3.738031279431993,0.102022531050215,2.003944614787038,3.252110717718125,9.287660781477983,15.182976966511601,0,0,0,0,0,24.62890542482475,30.78521459370502,46.18478526644019,50.03294996814663,0,0,55.0
FIGHTUSDT,135,0.003148,0.09529860228716532,-0.667090216010171,-0.6264916467780356,-1.1865915158706517,-0.5714285714285785,0.0,0,-0.6264916467780356,-0.5961279335193164,0.5905784659659361,0.20983062102324906,0.9939468732519736,0.9762393500665304,0,0.3813634122725254,0.6450925877639967,1.5276671011077188,3.6150613145299944,0.10549293057346322,2.003944614787038,3.252110717718125,9.824203909403154,14.950190196218632,0,0,0,0,0,24.62890542482475,30.78521459370502,46.77909044513066,51.94396296304291,0,0,55.0
FIGHTUSDT,136,0.003151,0.15867978419548703,-1.3963821009203492,-0.6264916467780356,-1.1865915158706517,-0.37986704653370873,0.9288917360666221,0,-1.5553833828446577,-0.3160146182789435,0.5905784659659361,0.20983062102324906,1.0882467083341147,0.994282038255237,0,0.3813634122725254,0.6450925877639967,1.4768217060852702,3.4783236440999565,0.10964000228081311,2.003944614787038,3.252110717718125,5.160117369465795,13.953878888582768,0,0,0,0,0,24.62890542482475,30.78521459370502,49.49333276929975,52.11797506760785,0,0,55.0
FIGHTUSDT,137,0.003156,-1.4892268694550117,-1.140684410646388,-0.6264916467780356,-1.1865915158706517,1.3655128612257883,1.3487475915221558,0,-1.9752392383001913,0.22529432252481424,0.5905784659659361,0.20983062102324906,1.0991506232856285,0.9904021382263603,0,0.3813634122725254,0.6450925877639967,1.3940450472839976,3.399026150490371,0.11219784590874855,2.003944614787038,3.252110717718125,2.22989042257382,12.968350180421071,0,0,1,0,0,24.62890542482475,30.78521459370502,57.81589657816768,52.4271640292637,0,0,55.0
FIGHTUSDT,138,0.003109,0.5789642972016797,-0.06432936635573598,-0.6264916467780356,-1.1865915158706517,-1.6740366392924855,-1.2388818297331767,-1,0.6123901829551411,-1.1815004079185873,0.5905784659659361,0.20983062102324906,0.8168391249395901,0.9560799855984157,0,0.3813634122725254,0.6450925877639967,1.3828729421416937,3.346396289627325,0.11396241785667181,2.003944614787038,3.252110717718125,2.3377363589128164,11.28955143797925,0,0,0,0,0,24.62890542482475,30.78521459370502,42.521643170784834,49.21038817572791,0,0,35.0
FIGHTUSDT,139,0.003127,-0.6395906619763368,-0.12791813239527014,-0.6264916467780356,-1.1865915158706517,-0.06416426050689227,-0.7616629641383735,-1,0.13517131736033794,-0.6597275968234882,0.5905784659659361,0.20983062102324906,1.0482221107986407,1.050066146512187,0,0.3813634122725254,0.6450925877639967,1.2666194191666083,3.2722211804529127,0.11654573185659178,2.003944614787038,3.252110717718125,2.8734305015254624,10.98793019956565,0,0,0,0,0,24.62890542482475,30.78521459370502,44.2031533232183,50.46394825489913,0,0,35.0
FIGHTUSDT,140,0.003107,0.4184100418410039,1.0621177985194736,-0.6264916467780356,-1.1865915158706517,-0.545571245186125,-1.5525982256020279,-1,0.9261065788239923,-0.97781315835921,0.5905784659659361,0.20983062102324906,1.1255692849293262,1.000320011433157,0,0.3813634122725254,0.6450925877639967,1.2739611407308353,3.3109352891303354,0.1151829857637284,2.003944614787038,3.252110717718125,3.03149287412125,10.993790678134774,0,0,0,0,0,24.62890542482475,30.78521459370502,41.841031004792306,49.01633267550902,0,0,35.0
FIGHTUSDT,141,0.00312,-0.4166666666666664,-0.48076923076922506,-0.6264916467780356,-1.1865915158706517,-2.0044543429844137,0.3538115149565828,0,-0.9803031617346184,-0.8659314976691295,0.5905784659659361,0.20983062102324906,0.9846628971132956,0.9864039303063583,0,0.3813634122725254,0.6450925877639967,1.4545193158081215,3.295146228554565,0.11573489788336729,2.003944614787038,3.252110717718125,3.3833777254280903,10.887866234234602,0,0,0,0,0,24.62890542482475,30.78521459370502,41.79633531529379,50.0199468257113,0,0,55.0
FIGHTUSDT,142,0.003107,0.5149662053427729,0.09655616350176906,-0.6264916467780356,-1.1865915158706517,0.2578981302385481,-0.6395906619763368,0,0.013099015198301256,-0.548693923596619,0.5905784659659361,0.20983062102324906,1.038651996544652,1.0113085506523591,0,0.3813634122725254,0.6450925877639967,1.421728759776966,3.169137225393653,0.12033666741116093,2.003944614787038,3.252110717718125,2.7146604289661123,10.452781440808375,0,0,0,0,0,24.62890542482475,30.78521459370502,47.069059009631424,48.98157444389484,0,0,55.0
FIGHTUSDT,143,0.003123,0.5443483829651005,-2.0813320525136074,-0.6264916467780356,-1.1865915158706517,-0.09637006103437085,0.5149662053427729,0,-1.1414578521208085,-0.3486217545850713,0.5905784659659361,0.20983062102324906,0.9989982804509864,0.975351357727062,0,0.3813634122725254,0.6450925877639967,1.377031615861496,3.0809345791792477,0.12378173001457225,2.003944614787038,3.252110717718125,1.8881208373072105,9.444739511859305,0,0,0,0,0,24.62890542482475,30.78521459370502,47.31100939831983,50.34776114163838,0,0,55.0
FIGHTUSDT,144,0.00314,-1.1146496815286584,-2.292993630573249,-0.6264916467780356,-1.1865915158706517,0.9294871794871777,0.6410256410256427,0,-1.2675172878036784,-0.060642585533966675,0.5905784659659361,0.20983062102324906,0.8630047931740299,0.9568878439095883,0,0.3813634122725254,0.6450925877639967,1.28068192995602,2.9568440168357206,0.1289765067420239,2.003944614787038,3.252110717718125,2.182333587832968,6.779955857128788,0,0,0,0,0,24.62890542482475,30.78521459370502,55.445898957369344,51.82390346017257,0,0,55.0
FIGHTUSDT,145,0.003105,0.16103059581319795,-0.8051529790660317,-0.6264916467780356,-1.1865915158706517,-1.1753494282083907,-0.06437077566784138,-1,-0.5621208711101942,-0.7632008416312298,0.5905784659659361,0.20983062102324906,0.9660756674047749,0.9731069984919433,0,0.3813634122725254,0.6450925877639967,1.1859940173630625,2.880109794507341,0.13241280349791656,2.003944614787038,3.252110717718125,2.2366044756534817,6.8825620695204845,0,0,0,0,0,24.62890542482475,30.78521459370502,45.82336379886376,48.61910889116072,0,0,35.0
FIGHTUSDT,146,0.00311,-1.6720257234726679,1.0610932475884258,-0.6264916467780356,-1.1865915158706517,-0.16077170418005776,-0.41626641050272145,-1,-0.21022523627531414,-0.5975303193328666,0.5905784659659361,0.20983062102324906,1.3023636491336077,1.0681692817112847,0,0.3813634122725254,0.6450925877639967,1.0963028675412587,2.778034723364466,0.13727813013462187,2.003944614787038,3.252110717718125,1.934251009670044,6.926828721237882,0,0,0,0,0,24.62890542482475,30.78521459370502,44.844769572276824,49.10333261603901,0,0,35.0
FIGHTUSDT,147,0.003058,0.3270111183780257,3.1393067364290443,-0.6264916467780356,-1.1865915158706517,1.5914257875933744,-2.611464968152868,0,1.9849733213748322,-0.7082805858020451,0.5905784659659361,0.20983062102324906,0.9979426411218011,0.9804828959811179,0,0.3813634122725254,0.6450925877639967,1.068777611564713,2.815003827562958,0.1354752730843298,2.003944614787038,3.252110717718125,2.2073705375227104,7.311414411164419,0,0,0,0,0,24.62890542482475,30.78521459370502,52.71708209320681,44.415256743942685,0,0,55.0
FIGHTUSDT,148,0.003068,0.3911342894393695,2.8357235984354574,-0.6264916467780356,-1.1865915158706517,-1.8298555377207124,-1.1916264090177178,-1,0.5651347622396822,-1.2086412773467794,0.5905784659659361,0.20983062102324906,0.9759503936134809,0.9922906226158934,0,0.3813634122725254,0.6450925877639967,1.205942179455204,2.7497593164681002,0.1386897427671465,2.003944614787038,3.252110717718125,3.321348574877403,7.580615213468319,0,0,0,0,0,24.62890542482475,30.78521459370502,39.07617422117119,45.49300479077114,0,0,35.0
FIGHTUSDT,149,0.00308,2.0454545454545494,1.2662337662337655,-0.6264916467780356,-1.1865915158706517,0.32743942370661516,-0.9646302250803883,0,0.3381385783023527,-0.6125684910056151,0.5905784659659361,0.20983062102324906,0.794648781986066,0.9776637882099043,0,0.3813634122725254,0.6450925877639967,1.141472146956918,2.661674410436311,0.1432795126170263,2.003944614787038,3.252110717718125,3.8204464244471104,7.742542266041428,0,0,0,0,0,24.62890542482475,30.78521459370502,42.92854829760745,46.82539622606827,0,0,55.0
FIGHTUSDT,150,0.003143,0.3499840916322036,-0.22271714922049196,-0.6264916467780356,-1.1865915158706517,2.0156046814044206,2.7795945062132112,0,-3.406086152991247,0.7455290062422362,0.5905784659659361,0.20983062102324906,0.8845657520273763,0.9650333609010427,0,0.3813634122725254,0.6450925877639967,1.0910303223639288,2.6333676513310733,0.14481966165254587,2.003944614787038,3.252110717718125,3.3677126310294083,4.16059081983371,0,0,0,0,0,24.62890542482475,30.78521459370502,59.26765428711464,53.282048124306584,0,0,55.0
FIGHTUSDT,151,0.003154,0.031705770450212396,1.8072289156626429,-0.6264916467780356,-1.1865915158706517,0.735764555342291,2.8031290743155193,0,-3.429620721093555,0.43145261675228075,0.5905784659659361,0.20983062102324906,1.0476310529426727,1.0275542068687393,0,0.3813634122725254,0.6450925877639967,1.087712653057087,2.522800273252475,0.15116670800929455,2.003944614787038,3.252110717718125,4.279044034084832,3.50398805499096,0,0,0,0,0,24.62890542482475,30.78521459370502,60.31516076420364,54.32489250979155,0,0,55.0
FIGHTUSDT,152,0.003155,-1.141045958795563,4.5324881141046065,-0.6264916467780356,-1.1865915158706517,0.6029831799428726,2.4350649350649345,0,-3.06155658184297,0.30624123808978,0.5905784659659361,0.20983062102324906,1.0415308154120602,1.038177700634263,0,0.3813634122725254,0.6450925877639967,1.1541798210179997,2.559199837081685,0.1490166601086545,2.003944614787038,3.252110717718125,5.639328651878613,3.55547158753844,0,0,0,0,0,24.62890542482475,30.78521459370502,61.27134028975886,54.42449248357149,0,0,55.0
FIGHTUSDT,153,0.003119,0.5450464892593808,4.296248797691568,-0.6264916467780356,-1.1865915158706517,0.2558362647905403,-0.7636016544702562,0,0.1371100076922206,-0.5802121380821008,0.5905784659659361,0.20983062102324906,0.8972175422141356,1.0353988979455853,0,0.3813634122725254,0.6450925877639967,1.2427450789864054,2.500013312827036,0.1525445525893126,2.003944614787038,3.252110717718125,5.277019618232512,3.555139692721139,0,0,0,0,0,24.62890542482475,30.78521459370502,51.84014516412254,50.182056612660105,0,0,55.0
FIGHTUSDT,154,0.003136,2.3915816326530606,3.2525510204081662,-0.6264916467780356,-1.1865915158706517,0.3197953309881684,-0.5707038681040019,0,-0.05578777867403373,-0.5159979249411302,0.5905784659659361,0.20983062102324906,0.949272354690525,0.9599599772229181,0,0.3813634122725254,0.6450925877639967,1.0875897718933205,2.390853676093245,0.15950930669069185,2.003944614787038,3.252110717718125,3.4813452299369807,3.5779580644289988,0,0,0,0,0,24.62890542482475,30.78521459370502,52.44325923119987,52.081621427248024,0,0,55.0
FIGHTUSDT,155,0.003211,2.7094363126751877,0.8720024914356975,-0.6264916467780356,-1.1865915158706517,1.2171684817424675,1.774960380348655,0,-2.4014520271266906,0.29476142486060886,0.5905784659659361,0.20983062102324906,1.1173566176755325,1.002908438792023,0,0.3813634122725254,0.6450925877639967,1.1416890318414317,2.4707550533204925,0.15435095913696673,2.003944614787038,3.252110717718125,2.2416994329762576,4.321613244226406,0,0,0,1,0,24.62890542482475,30.78521459370502,57.38895741939594,59.43112939082501,0,0,55.0
FIGHTUSDT,156,0.003298,-1.364463311097645,-1.364463311097645,-0.6264916467780356,-1.1865915158706517,4.031249999999993,5.739018916319345,0,-6.36551056309738,1.9892964384176626,0.5905784659659361,0.20983062102324906,1.0110052957546,1.0276861590655173,0,0.3813634122725254,0.6450925877639967,1.554398786300813,2.608436459125819,0.14620383446117527,2.003944614787038,3.252110717718125,7.178100771290211,6.467365531595787,0,0,1,1,0,24.62890542482475,30.78521459370502,78.6416823839038,65.95432966894668,0,0,55.0
FIGHTUSDT,157,0.003253,-0.46111281893636097,1.5985244389794158,-0.6264916467780356,-1.1865915158706517,-0.27666769136181657,3.730867346938773,0,-4.357358993716809,0.4102791232320674,0.5905784659659361,0.20983062102324906,0.9685640365660779,1.0141803200932171,0,0.3813634122725254,0.6450925877639967,1.706190824463202,2.6334834822484816,0.14481329191665002,2.003944614787038,3.252110717718125,8.989884452343844,7.2708743168210255,0,0,0,1,0,24.62890542482475,30.78521459370502,56.77982239067094,60.532631988536444,0,0,55.0
FIGHTUSDT,158,0.003238,0.030883261272394463,3.2736256948733846,-0.6264916467780356,-1.1865915158706517,-1.2623152709359546,0.8408595453129901,0,-1.4673511920910256,-0.5586347220679129,0.5905784659659361,0.20983062102324906,0.9294159771569578,0.9866554634902446,0,0.3813634122725254,0.6450925877639967,1.6026916789655912,2.6089160632843478,0.14617695741135858,2.003944614787038,3.252110717718125,8.537246290464585,7.731798679709232,0,0,0,0,0,24.62890542482475,30.78521459370502,50.32414735716,58.79757078575405,0,0,55.0
FIGHTUSDT,159,0.003239,0.43223217042296047,3.9209632602655122,-0.6264916467780356,-1.1865915158706517,0.2499999999999925,-1.7889630078835663,0,1.1624713611055308,-0.8380115426330652,0.5905784659659361,0.20983062102324906,0.9441417259959214,1.0069193041935707,0,0.3813634122725254,0.6450925877639967,1.6880755657572977,2.640138331228583,0.14444826915378284,2.003944614787038,3.252110717718125,7.0107726058320665,8.146566075849075,0,0,0,0,0,24.62890542482475,30.78521459370502,49.57425159380742,58.88218604367643,0,0,55.0
FIGHTUSDT,160,0.003253,1.5985244389794158,2.4285275130648656,-0.6264916467780356,-1.1865915158706517,1.6521197007481325,0.0,0,-0.6264916467780356,-0.040240865475138665,0.5905784659659361,0.20983062102324906,0.8033692830989395,0.9165559207086313,0,0.3813634122725254,0.6450925877639967,1.5977759841499695,2.660583740570067,0.1433382480909295,2.003944614787038,3.252110717718125,4.6351905184911395,8.524314940024103,0,0,0,0,0,24.62890542482475,30.78521459370502,56.973179768085636,60.11706858699961,0,0,55.0
FIGHTUSDT,161,0.003305,1.1800302571860808,2.753403933434188,-0.6264916467780356,-1.1865915158706517,-1.2424242424242364,2.0691785052501612,0,-2.695670152028197,-0.2465822249556906,0.5905784659659361,0.20983062102324906,0.9744227115164847,1.0191354822451333,0,0.3813634122725254,0.6450925877639967,1.7359229292459533,2.6045693928024103,0.1464209067826732,2.003944614787038,3.252110717718125,3.9565397131864306,9.365820073764702,0,0,0,0,0,24.62890542482475,30.78521459370502,53.13384805855713,64.39440908148124,0,0,55.0
FIGHTUSDT,162,0.003344,0.6578947368421018,0.8672248803827733,-0.6264916467780356,-1.1865915158706517,3.3027522935779827,3.241741278172277,0,-3.8682329249503127,1.1828526022753931,0.5905784659659361,0.20983062102324906,0.9619202558295187,0.9864549434407683,0,0.3813634122725254,0.6450925877639967,1.6295372636756682,2.6060604058816548,0.14633713455444888,2.003944614787038,3.252110717718125,5.525379418154086,10.376316733905872,0,0,1,1,0,24.62890542482475,30.78521459370502,65.12929798205077,67.23279892789719,0,0,55.0
FIGHTUSDT,163,0.003366,-1.0101010101010155,-0.2673796791443818,-0.6264916467780356,-1.1865915158706517,-0.44497181845149286,3.4737165693206355,0,-4.100208216098671,0.30391539705511383,0.5905784659659361,0.20983062102324906,1.0928844374861675,0.9922518231552812,0,0.3813634122725254,0.6450925877639967,1.5276098594891532,2.505955733055074,0.1521828208064935,2.003944614787038,3.252110717718125,6.825800664147903,11.423183929821455,0,0,0,0,0,24.62890542482475,30.78521459370502,60.692627762392895,68.74635089154845,0,0,55.0
FIGHTUSDT,164,0.003332,1.9207683073229371,-0.24009603841535898,-0.6264916467780356,-1.1865915158706517,0.5371530886302662,0.8169440242057392,0,-1.4434356709837748,-0.11474651245317044,0.5905784659659361,0.20983062102324906,1.0877605856359043,1.0116726470384132,0,0.3813634122725254,0.6450925877639967,1.3316151508360856,2.592943126543988,0.1470774304181622,2.003944614787038,3.252110717718125,6.426887821907473,11.935456051045424,0,0,0,0,0,24.62890542482475,30.78521459370502,61.93870376921168,63.83860259283988,0,0,55.0
FIGHTUSDT,165,0.003396,-0.6772673733804481,-2.4734982332155564,-0.6264916467780356,-1.1865915158706517,-1.0419767788032115,1.5550239234449748,0,-2.1815155702230102,-0.3250090045017309,0.5905784659659361,0.20983062102324906,1.1689774994614788,1.0952214455160265,0,0.3813634122725254,0.6450925877639967,1.4227792188307882,2.7051978055985906,0.14097431673324143,2.003944614787038,3.252110717718125,4.457083400992,12.704659214536084,0,0,0,0,0,24.62890542482475,30.78521459370502,52.611755874123375,68.41017489260105,0,0,55.0
FIGHTUSDT,166,0.003373,-0.47435517343610895,-0.8597687518529483,-0.6264916467780356,-1.1865915158706517,0.3591739000299399,0.20796197266785685,0,-0.8344536194458925,-0.31148682248772264,0.5905784659659361,0.20983062102324906,0.9181096070414689,0.9523987956945347,0,0.3813634122725254,0.6450925877639967,1.6029477642890102,2.7959229325646224,0.13639982984892626,2.003944614787038,3.252110717718125,3.2651176629652325,13.00001935078057,0,0,0,0,0,24.62890542482475,30.78521459370502,55.15982112993716,65.21916488236252,0,0,55.0
FIGHTUSDT,167,0.003357,-0.9830205540661318,-0.8638665475126714,-0.6264916467780356,-1.1865915158706517,-1.326259946949612,0.7503001200480277,0,-1.3767917668260634,-0.5972607473875678,0.5905784659659361,0.20983062102324906,1.0038420624010207,1.0190175166211057,0,0.3813634122725254,0.6450925877639967,1.5478366362340346,2.7596583826976917,0.1381922540353438,2.003944614787038,3.252110717718125,2.238551075430004,12.473656158740335,0,0,0,0,0,24.62890542482475,30.78521459370502,52.26278896962053,63.01703827727698,0,0,55.0
FIGHTUSDT,168,0.003324,-0.36101083032491854,3.910950661853186,-0.6264916467780356,-1.1865915158706517,0.4504504504504451,-2.120141342756184,0,1.4936496959781485,-0.8706935137386066,0.5905784659659361,0.20983062102324906,0.9365873928504591,1.0311622538073741,0,0.3813634122725254,0.6450925877639967,1.4249005594387056,2.6975728786167696,0.14137279303759775,2.003944614787038,3.252110717718125,2.339518445201758,11.596750770072314,0,0,0,0,0,24.62890542482475,30.78521459370502,51.432596832653736,58.62064736753266,0,0,55.0
FIGHTUSDT,169,0.003312,0.9661835748792375,5.797101449275373,-0.6264916467780356,-1.1865915158706517,-0.29949086552860216,-1.808479098725179,-1,1.1819874519471436,-0.9802632817256172,0.5905784659659361,0.20983062102324906,0.9083904734507687,1.0049133989048595,0,0.3813634122725254,0.6450925877639967,1.281943831364424,2.6498343519407324,0.1439197178469725,2.003944614787038,3.252110717718125,2.5468333708399213,10.554150408852953,0,0,0,0,0,24.62890542482475,30.78521459370502,48.475138825759714,57.061687575066635,0,0,35.0
FIGHTUSDT,170,0.003344,-0.4784688995215427,4.485645933014353,-0.6264916467780356,-1.1865915158706517,1.9673123486682795,-0.38725052129877835,0,-0.23924112547925724,-0.0582553338197965,0.5905784659659361,0.20983062102324906,1.0784331489451728,1.0193096727211441,0,0.3813634122725254,0.6450925877639967,1.5485160019183075,2.7168333018019517,0.14037056010009316,2.003944614787038,3.252110717718125,3.1026400991369742,10.130969437366131,0,0,0,0,0,24.62890542482475,30.78521459370502,55.40779660431003,60.108319911776654,0,0,55.0
FIGHTUSDT,171,0.003328,3.7860576923076996,4.056490384615389,-0.6264916467780356,-1.1865915158706517,-0.44762757385854435,0.12033694344162646,0,-0.7468285902196621,-0.5350934482664013,0.5905784659659361,0.20983062102324906,1.001745540830145,0.9525867504891953,0,0.3813634122725254,0.6450925877639967,1.4276595748070497,2.622900439902439,0.1453975936222385,2.003944614787038,3.252110717718125,2.819456221621361,9.595748156660623,0,0,0,0,0,24.62890542482475,30.78521459370502,49.0997677837487,57.8963414969789,0,0,55.0
FIGHTUSDT,172,0.003454,1.4475969889982667,-0.40532715691951715,-0.6264916467780356,-1.1865915158706517,0.4814926271441455,4.287439613526576,0,-4.9139312603046115,0.7389622695055087,0.5905784659659361,0.20983062102324906,1.0620712982467084,1.0248423013200114,0,0.3813634122725254,0.6450925877639967,1.2246435699085867,2.625882302753311,0.14523248504803707,2.003944614787038,3.252110717718125,2.399301100423139,9.84402666637917,0,0,0,0,0,24.62890542482475,30.78521459370502,50.11287752595761,67.91102776827067,0,0,55.0
FIGHTUSDT,173,0.003504,-0.285388127853882,-2.6541095890411017,-0.6264916467780356,-1.1865915158706517,3.65673842524329,4.78468899521531,0,-5.4111806419933455,1.6570860644524783,0.5905784659659361,0.20983062102324906,1.0961089280708503,1.0442581501172072,0,0.3813634122725254,0.6450925877639967,1.405994251858159,2.723568312912369,0.14002344294596578,2.003944614787038,3.252110717718125,6.4795285988241735,9.865911096981407,0,0,1,1,0,24.62890542482475,30.78521459370502,74.00109034038208,70.87186377667314,0,0,55.0
FIGHTUSDT,174,0.003494,-0.8872352604464857,-4.092730394962802,-0.6264916467780356,-1.1865915158706517,-1.913875598086134,4.98798076923078,0,-5.614472416008815,0.3152555021239897,0.5905784659659361,0.20983062102324906,0.9811226371658593,0.9954473686903986,0,0.3813634122725254,0.6450925877639967,1.4734397150325997,2.87153454472533,0.13280822721532115,2.003944614787038,3.252110717718125,8.967723001234024,9.48497300329451,0,0,0,0,0,24.62890542482475,30.78521459370502,62.7552225824028,69.49084115022585,0,0,55.0
FIGHTUSDT,175,0.003463,-0.6641640196361541,-3.811723938781396,-0.6264916467780356,-1.1865915158706517,-2.5132644512705893,0.26056745801968423,0,-0.8870591047977199,-1.016445038974898,0.5905784659659361,0.20983062102324906,0.8849976910311157,0.9856049746375233,0,0.3813634122725254,0.6450925877639967,1.763657413927729,2.8676795942930147,0.1329867580156022,2.003944614787038,3.252110717718125,9.756738134217741,9.343106583870824,0,0,0,0,0,24.62890542482475,30.78521459370502,57.117405645418295,65.24631415350791,0,0,55.0
