{
  "fear_greed": 28.0,
  "fear_greed_label": "Fear",
  "btc_dominance": 56.44068269894104,
  "btc_dominance_change_24h": 0.573134658166009,
  "stablecoin_supply_change_7d_pct": -0.4455000144434021,
  "news_sentiment": 50.0,
  "news_volume_24h": 0,
  "bullish_news_pct": 50.0,
  "btc_change_24h_pct": 0.5956554283753878,
  "btc_change_7d_pct": 0.47486810993054174,
  "btc_drawdown_30d_pct": -1.405568903643107,
  "btc_volatility_24h_pct": 0.13459800367174116,
  "aggregate": 48.862739873821084,
  "risk_regime": "NEUTRAL",
  "long_bias": 1.0,
  "short_bias": 1.0,
  "sources_used": [
    "fear_greed",
    "btc_dominance",
    "stablecoin_supply",
    "news",
    "btc_action"
  ],
  "warnings": []
}