{
  "n_snapshots": 240,
  "n_with_okx": 9,
  "base_pump_5": 0.16666666666666666,
  "base_dump_5": 0.1875,
  "best_30": {
    "n": 109,
    "long_count": 69,
    "success_5pct": 0.1834862385321101,
    "success_10pct": 0.03669724770642202
  },
  "best_40": {
    "n": 53,
    "long_count": 36,
    "success_5pct": 0.18867924528301888,
    "success_10pct": 0.03773584905660377
  },
  "best_50": {
    "n": 27,
    "long_count": 20,
    "success_5pct": 0.25925925925925924,
    "success_10pct": 0.07407407407407407
  },
  "best_60": {
    "n": 12,
    "long_count": 9,
    "success_5pct": 0.3333333333333333,
    "success_10pct": 0.08333333333333333
  },
  "best_70": {
    "n": 4,
    "long_count": 4,
    "success_5pct": 0.0,
    "success_10pct": 0.0
  }
}